datetime,open_price,high_price,low_price,close_price,volume,buy_volume,transactions,buy_transactions,long_short_ratio,long_liquidation,short_liquidation,open_predicted_funding_rate,high_predicted_funding_rate,low_predicted_funding_rate,close_predicted_funding_rate,open_funding_rate,high_funding_rate,low_funding_rate,close_funding_rate,open_open_interest,high_open_interest,low_open_interest,close_open_interest,volume_delta,cumulative_volume_delta,transaction_delta,cumulative_transaction_delta,liquidation_delta,cumulative_liquidation_delta
2019-09-13,10414.96,10440.55,10153.51,10341.34,19260.071000000393,9723.458000000168,28011,14938.0,,,,,,,,,,,,,,,,186.84499999994296,186.84499999994296,1865.0,1865.0,,
2019-09-14,10343.01,10419.97,10222.77,10332.25,20685.72799999982,9537.192000000112,28783,17393.0,,,,,,,,,,,,,,,,-1611.3439999995971,-1424.4989999996542,6003.0,7868.0,,
2019-09-15,10333.47,10359.2,10024.81,10302.22,20548.461000000156,7433.95700000007,25145,13365.0,,,,,,,,,,,,,,,,-5680.547000000014,-7105.045999999668,1585.0,9453.0,,
2019-09-16,10302.0,10353.81,10080.7,10249.27,19722.015000000723,6842.919000000371,28015,15181.0,,,,,,,,,,,,,,,,-6036.1769999999815,-13141.222999999649,2347.0,11800.0,,
2019-09-17,10257.3,10270.63,10136.77,10186.52,22554.53800000014,12686.993000000184,28884,15076.0,,,,,,,,,,,,,,,,2819.4480000002295,-10321.77499999942,1268.0,13068.0,,
2019-09-18,10185.94,10256.65,10097.92,10155.16,20776.18300000084,13404.95000000035,28591,13702.0,,,,,,,,,,,,,,,,6033.716999999859,-4288.057999999561,-1187.0,11881.0,,
2019-09-19,10154.7,10331.62,9530.02,10245.3,26360.789000000503,10277.88500000034,37312,18505.0,,,,,,,,,,,,,,,,-5805.018999999822,-10093.076999999383,-302.0,11579.0,,
2019-09-20,10247.7,10279.3,10070.5,10166.35,23337.878000000743,9555.216000000179,29125,14473.0,,,,,,,,,,,,,,,,-4227.4460000003855,-14320.522999999768,-179.0,11400.0,,
2019-09-21,10166.56,10175.3,9912.63,9983.33,23765.850000000126,8275.310000000303,29658,15689.0,,,,,,,,,,,,,,,,-7215.229999999519,-21535.752999999288,1720.0,13120.0,,
2019-09-22,9992.7,10089.52,9857.0,10023.04,24230.19100000038,10629.006000000318,30261,16789.0,,,,,,,,,,,,,,,,-2972.1789999997454,-24507.931999999033,3317.0,16437.0,,
2019-09-23,10027.69,10046.91,9620.0,9701.96,32636.334999999857,15258.505000001005,37051,19721.0,,,,,,,,,,,,,,,,-2119.324999997847,-26627.25699999688,2391.0,18828.0,,
2019-09-24,9701.1,9792.83,7761.75,8495.83,74744.49299999271,37011.370000002105,104601,54050.0,,,,,,,,,,,,,,,,-721.752999988501,-27349.00999998538,3499.0,22327.0,,
2019-09-25,8493.32,8725.24,8200.0,8430.07,48218.84799999991,24969.128000001703,77357,41633.0,,,,,,,,,,,,,,,,1719.4080000034955,-25629.601999981885,5909.0,28236.0,,
2019-09-26,8428.15,8464.4,7700.67,8060.15,60065.94499999965,29931.387999999813,94122,48887.0,,,,,,,,,,,,,,,,-203.16900000002352,-25832.77099998191,3652.0,31888.0,,
2019-09-27,8061.98,8260.0,7851.94,8176.52,40023.94500000539,20950.70000000096,66462,37106.0,,,,,,,,,,,,,,,,1877.4549999965311,-23955.315999985378,7750.0,39638.0,,
2019-09-28,8178.26,8311.0,8001.14,8195.38,33820.91900000329,16862.162000000073,54678,30644.0,,,,,,,,,,,,,,,,-96.59500000314438,-24051.910999988522,6610.0,46248.0,,
2019-09-29,8199.0,8226.35,7888.98,8041.96,35966.05600000032,20057.619000001727,61955,35726.0,,,,,,,,,,,,,,,,4149.182000003137,-19902.728999985386,9497.0,55745.0,,
2019-09-30,8042.08,8331.89,7709.01,8285.84,54389.87999999656,27913.11100000043,81412,44003.0,,,,,,,,,,,,,,,,1436.342000004297,-18466.38699998109,6594.0,62339.0,,
2019-10-01,8285.31,8499.0,8171.0,8290.0,39212.194999998035,19547.24400000143,68093,36858.0,,,,,,,,,,,,,,,,-117.7069999951782,-18584.093999976267,5623.0,67962.0,,
2019-10-02,8290.0,8365.92,8149.35,8352.14,30329.17900000132,13840.600000000819,52540,26198.0,,,,,,,,,,,,,,,,-2647.978999999681,-21232.07299997595,-144.0,67818.0,,
2019-10-03,8353.4,8386.0,8020.0,8220.27,33429.97500000429,15177.654000001314,60535,29771.0,,,,,,,,,,,,,,,,-3074.6670000016657,-24306.739999977617,-993.0,66825.0,,
2019-10-04,8219.95,8227.42,7979.95,8130.56,28421.111000001983,12437.97600000115,55738,28309.0,,,,,,,,,,,,,,,,-3545.158999999683,-27851.8989999773,880.0,67705.0,,
2019-10-05,8130.0,8175.0,8010.0,8122.14,30257.41700000382,12199.701000001329,54307,26338.0,,,,,,,,,,,,,,,,-5858.015000001164,-33709.91399997847,-1631.0,66074.0,,
2019-10-06,8122.01,8148.43,7760.0,7852.79,41909.038999997705,19790.52800000185,71276,35274.0,,,,,,,,,,,,,,,,-2327.982999994005,-36037.89699997247,-728.0,65346.0,,
2019-10-07,7851.01,8330.0,7764.42,8186.88,62760.298999997554,30547.437000001082,85209,43206.0,,,,,,,,,,,,,,,,-1665.42499999539,-37703.32199996786,1203.0,66549.0,,
2019-10-08,8188.55,8322.01,8103.88,8167.62,44715.16499999692,20732.257000001457,61775,31541.0,,,,,,,,,,,,,,,,-3250.65099999401,-40953.97299996187,1307.0,67856.0,,
2019-10-09,8168.33,8700.0,8113.0,8559.77,65446.308000002056,31442.174999999264,84372,42252.0,,,,,,,,,,,,,,,,-2561.958000003531,-43515.93099996541,132.0,67988.0,,
2019-10-10,8559.77,8640.89,8419.34,8556.02,44285.66799999878,20092.24100000096,62588,30443.0,,,,,,,,,,,,,,,,-4101.185999996866,-47617.11699996227,-1702.0,66286.0,,
2019-10-11,8557.0,8788.0,8210.0,8255.58,69152.55099999817,32852.88199999896,84654,42306.0,,,,,,,,,,,,,,,,-3446.7870000002586,-51063.90399996253,-42.0,66244.0,,
2019-10-12,8255.54,8397.45,8248.34,8300.22,37761.51400000008,15308.279000000963,51542,24962.0,,,,,,,,,,,,,,,,-7144.9559999981575,-58208.85999996069,-1618.0,64626.0,,
2019-10-13,8300.31,8456.0,8137.3,8274.66,43820.91299999631,19428.259999999398,59728,29762.0,,,,,,,,,,,,,,,,-4964.392999997515,-63173.252999958204,-204.0,64422.0,,
2019-10-14,8274.33,8381.77,8205.02,8346.05,61999.820999992866,28780.203999998525,69439,35059.0,,,,,,,,,,,,,,,,-4439.412999995813,-67612.66599995401,679.0,65101.0,,
2019-10-15,8346.31,8408.62,8080.0,8160.01,86245.62700000568,42903.88899999866,76074,39769.0,,,,,,,,,,,,,,,,-437.84900000836933,-68050.51499996238,3464.0,68565.0,,
2019-10-16,8160.55,8184.0,7900.24,7992.21,70428.10100000189,37094.13700000161,73347,37804.0,,,,,,,,,,,,,,,,3760.173000001334,-64290.34199996105,2261.0,70826.0,,
2019-10-17,7994.76,8124.63,7930.0,8069.2,58350.46500000041,30213.41500000095,62938,31906.0,,,,,,,,,,,,,,,,2076.3650000014895,-62213.97699995956,874.0,71700.0,,
2019-10-18,8069.41,8117.3,7817.07,7943.94,988335.8110000632,585425.9110000184,84298,44809.0,,,,,,,,,,,,,,,,182516.0109999735,120302.03400001395,5320.0,77020.0,,
2019-10-19,7945.57,8108.54,7852.12,7947.13,78019.21399999723,39946.52399999939,78103,39200.0,,,,,,,,,,,,,,,,1873.834000001545,122175.8680000155,297.0,77317.0,,
2019-10-20,7947.78,8300.5,7871.17,8218.23,78663.91499999052,40050.33399999736,92775,47587.0,,,,,,,,,,,,,,,,1436.7530000042025,123612.6210000197,2399.0,79716.0,,
2019-10-21,8218.23,8334.57,8150.0,8201.74,59928.51599999877,30160.552999999698,76821,39406.0,,,,,,,,,,,,,,,,392.59000000062224,124005.21100002032,1991.0,81707.0,,
2019-10-22,8201.0,8290.0,8000.0,8020.89,69484.42299998605,35686.92099999794,86571,43833.0,,,,,,,,,,,,,,,,1889.4190000098315,125894.63000003016,1095.0,82802.0,,
2019-10-23,8020.68,8047.78,7172.76,7465.0,108474.66099999881,52597.5539999967,147357,73452.0,,,,,,,,,,,,,,,,-3279.553000005413,122615.07700002474,-453.0,82349.0,,
2019-10-24,7465.18,7495.81,7337.44,7411.35,66719.53399999194,30969.404999998824,83938,38737.0,,,,,,,,,,,,,,,,-4780.723999994294,117834.35300003045,-6464.0,75885.0,,
2019-10-25,7410.07,8800.0,7359.0,8650.0,165118.92599998598,84120.47099998778,241595,121910.0,,,,,,,,,,,,,,,,3122.015999989584,120956.36900002003,2225.0,78110.0,,
2019-10-26,8650.0,10408.48,8626.89,9232.22,248161.16099985212,122864.96000002137,391072,195970.0,,,,,,,,,,,,,,,,-2431.240999809379,118525.12800021065,868.0,78978.0,,
2019-10-27,9234.75,9803.83,9066.07,9533.32,163544.01899993568,80566.53699999522,240662,120608.0,,,,,,,,,,,,,,,,-2410.9449999452336,116114.18300026542,554.0,79532.0,,
2019-10-28,9534.37,9930.13,9156.03,9217.36,155599.9749999544,76273.35099999269,219154,109792.0,,,,,,,,,,,,,,,,-3053.27299996902,113060.9100002964,430.0,79962.0,,
2019-10-29,9215.78,9569.1,9070.0,9415.02,124703.01399996722,62048.877999985976,182431,90772.0,,,,,,,,,,,,,,,,-605.2579999952723,112455.65200030112,-887.0,79075.0,,
2019-10-30,9415.02,9418.65,8975.72,9165.3,98464.85799997348,48285.83599999383,176524,86461.0,,,,,,,,,,,,,,,,-1893.1859999858134,110562.46600031531,-3602.0,75473.0,,
2019-10-31,9163.4,9438.64,8933.0,9150.0,98836.0439999817,48306.45599999147,184873,89677.0,,,,,,,,,,,,,,,,-2223.131999998761,108339.33400031655,-5519.0,69954.0,,
2019-11-01,9149.88,9280.0,9050.27,9231.01,87256.9489999901,43597.27599999433,168268,85782.0,,,,,,,,,,,,,,,,-62.397000001437846,108276.93700031511,3296.0,73250.0,,
2019-11-02,9231.7,9375.0,9194.98,9287.8,56602.05499997781,28059.73999999962,115847,60438.0,,,,,,,,,,,,,,,,-482.5749999785694,107794.36200033655,5029.0,78279.0,,
2019-11-03,9288.96,9366.69,9073.0,9197.88,75612.72200001463,36510.145999974,189553,89135.0,,,,,,,,,,,,,,,,-2592.430000066641,105201.93200026991,-11283.0,66996.0,,
2019-11-04,9197.86,9550.0,9126.01,9395.46,90433.35699997174,45855.15699999561,167623,85858.0,,,,,,,,,,,,,,,,1276.95700001948,106478.88900028939,4093.0,71089.0,,
2019-11-05,9395.47,9457.13,9164.33,9313.2,113738.22599997546,55746.2519999974,186238,90112.0,,,,,,,,,,,,,,,,-2245.721999980655,104233.16700030873,-6014.0,65075.0,,
2019-11-06,9313.1,9450.0,9259.48,9343.6,73767.91099998608,36712.80700000058,132554,65771.0,,,,,,,,,,,,,,,,-342.2969999849156,103890.87000032382,-1012.0,64063.0,,
2019-11-07,9344.29,9381.93,9091.2,9219.64,77389.56899998793,37470.370999999075,127810,62550.0,,,,,,,,,,,,,,,,-2448.826999989775,101442.04300033404,-2710.0,61353.0,,
2019-11-08,9221.63,9259.3,8669.85,8775.03,151848.70099996997,72767.49399999084,234756,115438.0,,,,,,,,,,,,,,,,-6313.712999988289,95128.33000034576,-3880.0,57473.0,,
2019-11-09,8775.6,8878.0,8727.0,8811.15,66846.39199996782,33155.84100000232,135706,68708.0,,,,,,,,,,,,,,,,-534.7099999631755,94593.62000038258,1710.0,59183.0,,
2019-11-10,8811.3,9187.0,8760.0,9041.31,91099.1969999583,46128.499999997766,175504,87911.0,,,,,,,,,,,,,,,,1157.8030000372382,95751.42300041982,318.0,59501.0,,
2019-11-11,9041.31,9072.91,8611.11,8728.93,113373.7619999297,54699.88199999439,227245,111828.0,,,,,,,,,,,,,,,,-3973.997999940926,91777.42500047889,-3589.0,55912.0,,
2019-11-12,8729.89,8889.06,8552.12,8817.0,107520.54599999075,53715.53899998976,206517,105478.0,,,,,,,,,,,,,,,,-89.46800001122756,91687.95700046766,4439.0,60351.0,,
2019-11-13,8817.94,8838.0,8712.0,8774.76,58585.810999985195,28973.71300000252,120382,59461.0,,,,,,,,,,,,,,,,-638.3849999801532,91049.5720004875,-1460.0,58891.0,,
2019-11-14,8774.78,8798.06,8581.39,8642.25,87099.99499998809,42551.67899999434,157349,77657.0,,,,,,,,,,,,,,,,-1996.6369999994058,89052.9350004881,-2035.0,56856.0,,
2019-11-15,8642.47,8780.0,8380.0,8473.27,144051.19600002852,70022.31499998525,263575,130170.0,,,,,,,,,,,,,,,,-4006.5660000580247,85046.36900043007,-3235.0,53621.0,,
2019-11-16,8473.3,8540.54,8435.0,8491.06,48657.03999998166,24188.91300000228,115890,57104.0,,,,,,,,,,,,,,,,-279.2139999770952,84767.15500045297,-1682.0,51939.0,,
2019-11-17,8491.18,8631.0,8355.78,8504.04,72152.26599998042,35856.74099999868,157272,80862.0,,,,,,,,,,,,,,,,-438.7839999830612,84328.37100046991,4452.0,56391.0,,
2019-11-18,8504.13,8504.71,8050.0,8183.26,123477.14199999713,57762.94099998027,262708,127153.0,,,,,,,,,,,,,,,,-7951.260000036586,76377.11100043333,-8402.0,47989.0,,
2019-11-19,8183.3,8212.87,8000.0,8131.7,110854.02999999419,55317.76799998942,213097,105049.0,,,,,,,,,,,,,,,,-218.49400001535832,76158.61700041797,-2999.0,44990.0,,
2019-11-20,8131.12,8230.0,8037.5,8094.05,87317.63100000529,42898.81699999533,172277,85161.0,,,,,,,,,,,,,,,,-1519.9970000146277,74638.62000040335,-1955.0,43035.0,,
2019-11-21,8094.57,8131.51,7432.0,7621.9,180164.09899999708,85593.41300002002,308532,152674.0,,,,,,,,,,,,,,,,-8977.27299995703,65661.34700044632,-3184.0,39851.0,,
2019-11-22,7621.89,7765.03,6762.73,7262.72,370306.0719998197,181599.82100003262,764531,375892.0,,,,,,,,,,,,,,,,-7106.429999754473,58554.91700069184,-12747.0,27104.0,,
2019-11-23,7261.89,7345.84,7073.38,7305.99,139643.31099996538,69436.26599999088,288195,143146.0,,,,,,,,,,,,,,,,-770.7789999836241,57784.13800070822,-1903.0,25201.0,,
2019-11-24,7306.19,7324.92,6855.91,6900.86,183676.07799991374,90242.1750000034,373315,185895.0,,,,,,,,,,,,,,,,-3191.727999906958,54592.41000080126,-1525.0,23676.0,,
2019-11-25,6899.77,7386.29,6510.19,7102.03,333987.89099979546,166657.7529999408,670374,332110.0,,,,,,,,,,,,,,,,-672.384999913862,53920.0250008874,-6154.0,17522.0,,
2019-11-26,7103.34,7340.06,7011.9,7150.0,193962.09399985583,96641.34499998482,371521,185723.0,,,,,,,,,,,,,,,,-679.4039998861845,53240.621001001215,-75.0,17447.0,,
2019-11-27,7149.97,7669.2,6850.0,7506.77,297842.99399975303,150498.2889999771,555422,280396.0,,,,,,,,,,,,,,,,3153.5840002011973,56394.20500120241,5370.0,22817.0,,
2019-11-28,7506.78,7643.0,7356.0,7415.79,175000.60899995491,86015.12099999288,310363,153501.0,,,,,,,,,,,,,,,,-2970.3669999691483,53423.838001233264,-3361.0,19456.0,,
2019-11-29,7417.0,7850.0,7394.57,7736.66,185819.18599992146,93865.64899999503,330633,164845.0,,,,,,,,,,,,,,,,1912.1120000685914,55335.950001301855,-943.0,18513.0,,
2019-11-30,7737.23,7800.0,7444.18,7542.93,141966.39199999778,68012.80299998503,250412,125349.0,,,,,,,,,,,,,,,,-5940.786000027729,49395.164001274126,286.0,18799.0,,
2019-12-01,7541.08,7541.08,7222.29,7387.38,195426.1389999424,95633.32199998939,344915,172643.0,,,,,,,,,,,,,,,,-4159.494999963616,45235.66900131051,371.0,19170.0,,
2019-12-02,7388.0,7416.75,7137.74,7291.0,143966.95299998065,71412.23199998817,261246,130055.0,,,,,,,,,,,,,,,,-1142.4890000043088,44093.1800013062,-1136.0,18034.0,,
2019-12-03,7291.74,7404.42,7231.35,7290.86,84699.46999998647,41922.423999994535,161453,80595.0,,,,,,,,,,,,,,,,-854.6219999973982,43238.558001308804,-263.0,17771.0,,
2019-12-04,7290.85,7800.0,7070.0,7191.0,274879.48100001784,137506.04500002292,403719,203788.0,,,,,,,,,,,,,,,,132.60900002799463,43371.1670013368,3857.0,21628.0,,
2019-12-05,7189.42,7480.0,7142.54,7384.99,175887.8739999606,88739.48899999511,309115,155895.0,,,,,,,,,,,,,,,,1591.1040000296198,44962.27100136642,2675.0,24303.0,,
2019-12-06,7384.66,7602.44,7295.73,7522.1,136218.7070000056,68368.60399998669,256515,128879.0,,,,,,,,,,,,,,,,518.5009999677713,45480.77200133419,1243.0,25546.0,,
2019-12-07,7521.13,7616.91,7467.44,7487.2,83208.78199998113,41704.624999995685,156532,78402.0,,,,,,,,,,,,,,,,200.46800001023803,45681.24000134443,272.0,25818.0,,
2019-12-08,7487.19,7559.39,7376.0,7508.2,84380.33799998827,41942.10999999826,149498,73404.0,,,,,,,,,,,,,,,,-496.1179999917513,45185.122001352676,-2690.0,23128.0,,
2019-12-09,7507.87,7676.48,7269.05,7337.49,136195.1049999839,66475.61499999394,240722,121121.0,,,,,,,,,,,,,,,,-3243.874999996013,41941.24700135666,1520.0,24648.0,,
2019-12-10,7338.64,7407.6,7157.1,7224.13,49723.76214,,0,,,,,,,,,,,,,,,,,,,,,,
2019-12-11,7220.92,7267.0,7117.74,7205.77,97320.72699998047,48330.93299999551,152711,76538.0,,,,,,,,,,,,,,,,-658.8609999894543,41282.38600136721,365.0,25013.0,,
2019-12-12,7206.78,7295.12,7080.0,7194.77,140594.10499999532,70699.71799998691,213352,105408.0,,,,,,,,,,,,,,,,805.3309999784979,42087.71700134571,-2536.0,22477.0,,
2019-12-13,7194.08,7298.0,7190.0,7252.98,80092.87300000682,39667.52499999272,139357,70346.0,,,,,,,,,,,,,,,,-757.8230000213807,41329.89400132433,1335.0,23812.0,,
2019-12-14,7252.98,7266.14,7007.86,7061.34,97837.5119998993,46055.74000000863,181282,91279.0,,,,,,,,,,,,,,,,-5726.031999882049,35603.86200144228,1276.0,25088.0,,
2019-12-15,7060.79,7196.0,7004.77,7115.0,87933.23300000117,44537.10399999497,134281,67119.0,,,,,,,,,,,,,,,,1140.9749999887717,36744.83700143105,-43.0,25045.0,,
2019-12-16,7115.45,7147.34,6831.0,6887.54,117597.89000000067,55589.14299999622,182961,88810.0,,,,,,,,,,,,,,,,-6419.6040000082285,30325.23300142282,-5341.0,19704.0,,
2019-12-17,6887.48,6940.0,6550.0,6618.96,166411.28899993055,80946.3110000099,259697,126897.0,,,,,,,,,,,,,,,,-4518.666999910754,25806.566001512067,-5903.0,13801.0,,
2019-12-18,6618.96,7479.99,6427.0,7277.44,328489.59299982234,170098.0659999635,502376,256802.0,,,,,,,,,,,,,,,,11706.539000104647,37513.105001616714,11228.0,25029.0,,
2019-12-19,7278.11,7367.87,7042.82,7146.29,158846.777999985,77009.76499998676,242852,127698.0,,,,,,,,,,,,,,,,-4827.248000011488,32685.857001605225,12544.0,37573.0,,
2019-12-20,7146.29,7217.08,7078.17,7184.39,86449.566,43256.647999997585,129836,59046.0,,,,,,,,,,,,,,,,63.72999999516469,32749.58700160039,-11744.0,25829.0,,
2019-12-21,7184.39,7185.0,7108.0,7131.01,44340.8649999935,21922.42400000104,71893,33255.0,,,,,,,,,,,,,,,,-496.01699999142147,32253.57000160897,-5383.0,20446.0,,
2019-12-22,7131.02,7517.61,7122.0,7502.92,129797.39500002137,67246.22099996918,194913,101609.0,,,,,,,,,,,,,,,,4695.046999917002,36948.61700152597,8305.0,28751.0,,
2019-12-23,7502.92,7691.0,7262.0,7314.01,215298.78699997975,104347.75999998862,305893,155572.0,,,,,,,,,,,,,,,,-6603.267000002525,30345.350001523446,5251.0,34002.0,,
2019-12-24,7314.03,7434.55,7156.08,7252.04,149081.0040000052,73067.03799999745,203260,100795.0,,,,,,,,,,,,,,,,-2946.928000010288,27398.422001513158,-1670.0,32332.0,,
2019-12-25,7251.57,7267.63,7123.19,7201.45,96965.07199999674,47370.95899999459,124562,62591.0,,,,,,,,,,,,,,,,-2223.154000007562,25175.268001505596,620.0,32952.0,,
2019-12-26,7201.67,7438.8,7151.0,7197.46,133973.53300000285,66703.48799999042,173980,86374.0,,,,,,,,,,,,,,,,-566.5570000220032,24608.711001483593,-1232.0,31720.0,,
2019-12-27,7197.84,7270.0,7078.89,7248.4,112284.61000000265,55474.654999994054,152470,76899.0,,,,,,,,,,,,,,,,-1335.3000000145403,23273.411001469052,1328.0,33048.0,,
2019-12-28,7248.4,7359.15,7235.0,7311.48,91292.88199998798,44857.61999999682,112313,55057.0,,,,,,,,,,,,,,,,-1577.6419999943319,21695.76900147472,-2199.0,30849.0,,
2019-12-29,7310.29,7527.0,7283.6,7383.67,102543.97399998995,52979.2729999965,133611,67312.0,,,,,,,,,,,,,,,,3414.572000003056,25110.341001477776,1013.0,31862.0,,
2019-12-30,7383.68,7400.0,7215.58,7240.43,94375.36199998997,44946.50799999339,122893,62293.0,,,,,,,,,,,,,,,,-4482.346000003192,20627.995001474585,1693.0,33555.0,,
2019-12-31,7240.8,7319.0,7141.0,7189.0,89203.43699999714,42880.849999997554,107365,52689.0,,,,,,,,,,,,,,,,-3441.737000002031,17186.258001472554,-1987.0,31568.0,,
2020-01-01,7189.43,7260.43,7170.15,7197.57,56801.32899999371,28834.200000000892,71359,36169.0,,,,,,,,,,,,,,,,867.0710000080726,18053.329001480626,979.0,32547.0,,
2020-01-02,7197.57,7209.59,6922.0,6962.04,115295.67699995662,55404.26199999367,160454,68106.0,,,,,,,,,,,,,,,,-4487.152999969272,13566.176001511354,-24242.0,8305.0,,
2020-01-03,6962.34,7407.28,6863.44,7341.72,208493.4579999043,107485.9649999884,291080,151937.0,,,,,,,,,,,,,,,,6478.4720000725065,20044.64800158386,12794.0,21099.0,,
2020-01-04,7341.6,7400.0,7269.21,7350.71,92586.03300000323,46139.08999999338,130686,65616.0,,,,,,,,,,,,,,,,-307.853000016461,19736.7950015674,546.0,21645.0,,
2020-01-05,7350.54,7495.0,7303.0,7354.36,117765.97199998808,58447.542999995356,169760,84636.0,,,,,,,,,,,,,,,,-870.8859999973647,18865.909001570035,-488.0,21157.0,,
2020-01-06,7354.36,7808.65,7345.0,7757.39,168150.31699994352,86031.4119999956,229523,114746.0,,,,,,,,,,,,,,,,3912.5070000476844,22778.41600161772,-31.0,21126.0,,
2020-01-07,7757.74,8215.33,7733.0,8152.49,280809.16199998313,140703.91799998362,372824,185400.0,,,,,,,,,,,,,,,,598.6739999841084,23377.090001601828,-2024.0,19102.0,,
2020-01-08,8150.9,8468.42,7870.11,8059.84,321225.1139998112,157260.4530000098,474107,236570.0,,,,,,,,,,,,,,,,-6704.207999791601,16672.882001810227,-967.0,18135.0,,
2020-01-09,8059.77,8060.0,7750.01,7818.59,187261.44299999374,91426.05899998503,265425,132112.0,,,,,,,,,,,,,,,,-4409.325000023673,12263.557001786554,-1201.0,16934.0,,
2020-01-10,7817.91,8210.62,7670.0,8207.09,253783.94799994119,129373.46199996995,402629,199247.0,,,,,,,,,,,,,,,,4962.9759999987145,17226.53300178527,-4135.0,12799.0,,
2020-01-11,8207.2,8292.19,8003.87,8020.56,164741.71499997328,81244.92899999394,267191,136874.0,,,,,,,,,,,,,,,,-2251.856999985408,14974.67600179986,6557.0,19356.0,,
2020-01-12,8020.58,8195.0,7956.28,8186.7,108629.96399998709,54658.73599999916,184271,94428.0,,,,,,,,,,,,,,,,687.5080000112357,15662.184001811096,4585.0,23941.0,,
2020-01-13,8186.22,8200.0,8053.78,8113.0,74581.36400000266,36688.57699999689,140530,70092.0,,,,,,,,,,,,,,,,-1204.210000008883,14457.974001802213,-346.0,23595.0,,
2020-01-14,8112.99,8893.0,8109.02,8825.0,290777.98099979834,149457.70699995436,496908,252747.0,,,,,,,,,,,,,,,,8137.433000110381,22595.407001912594,8586.0,32181.0,,
2020-01-15,8825.0,8921.2,8570.52,8825.3,237633.8369999425,115421.36699999908,326286,158568.0,,,,,,,,,,,,,,,,-6791.102999944327,15804.304001968267,-9150.0,23031.0,,
2020-01-16,8825.35,8868.21,8596.25,8725.08,167958.58799997633,83305.75799998961,218299,106301.0,,,,,,,,,,,,,,,,-1347.0719999971043,14457.232001971162,-5697.0,17334.0,,
2020-01-17,8724.99,9039.0,8680.0,8918.72,205717.68599995133,102758.0349999885,287608,144508.0,,,,,,,,,,,,,,,,-201.6159999743395,14255.616001996823,1408.0,18742.0,,
2020-01-18,8918.73,8995.0,8816.0,8925.0,114708.68199999565,57164.220999984806,159449,80786.0,,,,,,,,,,,,,,,,-380.2400000260386,13875.376001970784,2123.0,20865.0,,
2020-01-19,8925.0,9205.3,8440.91,8705.85,225314.52499984414,109554.49800000225,320374,152063.0,,,,,,,,,,,,,,,,-6205.528999839647,7669.847002131137,-16248.0,4617.0,,
2020-01-20,8705.98,8750.37,8526.06,8650.0,125154.89499999068,60419.37199999058,176634,86051.0,,,,,,,,,,,,,,,,-4316.151000009515,3353.696002121622,-4532.0,85.0,,
2020-01-21,8650.0,8790.1,8448.6,8742.43,107572.2669999903,53555.8429999962,144383,71601.0,,,,,,,,0.012057,0.01574,0.012057,0.01574,16971.089,17232.897,15849.959,16545.687,-460.58099999789556,2893.1150021237263,-1181.0,-1096.0,,
2020-01-22,8742.78,8820.0,8585.85,8684.57,94305.4959999928,46246.20799999697,128064,65257.0,,,,,,,,0.01,0.021392,0.01,0.01,16545.687,18078.153,16538.895,17379.66,-1813.0799999988521,1080.0350021248742,2450.0,1354.0,,
2020-01-23,8684.47,8694.0,8326.0,8409.6,163407.06399996317,79123.15499998975,235459,116883.0,,,,,,,,0.01,0.052304,0.01,0.052304,17379.66,20294.73,16904.647,19009.584,-5160.753999983659,-4080.718997858785,-1693.0,-339.0,,
2020-01-24,8410.0,8528.0,8247.0,8441.96,144785.39099999113,72647.47199999102,219643,111274.0,,,,,,,,0.054719000000000004,0.054719000000000004,0.017948000000000002,0.017948000000000002,19009.584,19582.22,18225.015,18402.031,509.55299999090494,-3571.16599786788,2905.0,2566.0,,
2020-01-25,8442.82,8455.0,8272.0,8344.64,96961.70399999476,47660.86799999656,131795,64907.0,,53.80100000000001,76.07600000000001,,,,,0.01,0.01,0.01,0.01,18402.031,18466.604,17040.59,18262.485,-1639.9680000016378,-5211.133997869518,-1981.0,585.0,-22.275,-22.275
2020-01-26,8344.37,8624.45,8300.0,8611.21,117898.91599997946,61183.603999997096,154269,78563.0,,61.08700000000002,544.9359999999999,,,,,0.01,0.01,0.01,0.01,18262.485,18687.218,17713.115,18612.261,4468.292000014728,-742.84199785479,2857.0,3442.0,-483.84899999999993,-506.1239999999999
2020-01-27,8611.21,9015.48,8565.0,8913.61,172235.32799989227,88760.41199999802,252483,134521.0,,218.826,1301.3089999999975,,,,,0.01,0.01,0.01,0.01,18612.261,19284.009,18119.098,19093.294,5285.496000103769,4542.654002248979,16559.0,20001.0,-1082.4829999999974,-1588.6069999999972
2020-01-28,8913.61,9436.06,8905.0,9398.98,242930.98899995256,122407.97499998732,311920,158457.0,,541.1110000000008,2014.242999999996,,,,,0.01,0.068689,0.01,0.054394000000000005,19093.294,19921.236,18248.547,18349.233,1884.961000022071,6427.61500227105,4994.0,24995.0,-1473.1319999999953,-3061.7389999999923
2020-01-29,9399.72,9460.52,9242.0,9311.0,169460.6429999887,82813.37499999625,240798,118393.0,,260.9739999999999,316.54900000000004,,,,,0.062324,0.10819300000000001,0.053694,0.053694,18349.233,19383.758,17642.3,18923.375,-3833.8929999961983,2593.7220022748515,-4012.0,20983.0,-55.57500000000016,-3117.3139999999926
2020-01-30,9311.23,9599.0,9210.42,9525.67,190137.5359999914,96408.369000022,285473,146295.0,,541.4070000000002,526.8359999999998,,,,,0.0236,0.034852,0.0236,0.034852,18923.375,20275.738,18422.143,19899.372,2679.202000052581,5272.924002327432,7117.0,28100.0,14.571000000000367,-3102.742999999992
2020-01-31,9525.67,9550.72,9220.0,9364.51,146643.5060000041,70753.4029999973,184936,92034.0,,594.7619999999994,127.717,,,,,0.053551,0.077154,0.039858,0.039858,19899.372,21185.368,19201.084,21006.272,-5136.7000000094995,136.2240023179329,-868.0,27232.0,467.0449999999994,-2635.697999999993
2020-02-01,9364.5,9477.76,9306.0,9392.74,109040.28500005817,54324.08899998727,167321,75877.0,,114.40500000000007,125.29599999999996,,,,,0.074991,0.074991,0.049052000000000005,0.049052000000000005,21006.272,21259.97,19923.652,20997.227,-392.10700008363347,-255.88299776570057,-15567.0,11665.0,-10.890999999999892,-2646.588999999993
2020-02-02,9392.99,9489.92,9160.01,9338.2,148402.97700006035,72902.02600000452,203286,101654.0,,582.8759999999995,208.22500000000002,,,,,0.028263000000000003,0.065524,0.028263000000000003,0.065524,20997.227,22204.666,20159.171,20851.227,-2598.9250000512984,-2854.807997816999,22.0,11687.0,374.6509999999995,-2271.9379999999937
2020-02-03,9340.49,9647.61,9250.0,9300.64,159040.80500009545,79180.28299999598,225123,113707.0,,474.3599999999998,398.14099999999985,,,,,0.060676999999999995,0.060676999999999995,0.01,0.01,20851.227,22887.15,20081.457,22227.597,-680.2390001034946,-3535.0469979204936,2291.0,13978.0,76.21899999999994,-2195.7189999999937
2020-02-04,9300.63,9368.0,9105.0,9198.35,147843.51000008787,71776.28799999738,202959,102743.0,,596.5159999999988,113.50799999999997,,,,,0.099282,0.099282,0.038192000000000004,0.038192000000000004,22227.597,23243.652,21377.746,21675.503,-4290.9340000931115,-7825.980998013605,2527.0,16505.0,483.00799999999884,-1712.7109999999948
2020-02-05,9198.32,9799.08,9179.88,9630.0,212306.33300009923,111557.67400003114,270439,139715.0,,167.15499999999997,1822.4050000000009,,,,,0.01,0.052631,0.01,0.052631,21675.503,22818.167,21455.37,22091.504,10809.014999963052,2983.034001949447,8991.0,25496.0,-1655.250000000001,-3367.9609999999957
2020-02-06,9630.0,9884.0,9550.0,9778.12,200546.62099988497,98843.37999999314,267684,135515.0,,650.836999999999,487.5589999999999,,,,,0.164021,0.164021,0.055668,0.055668,22091.504,23335.668,21582.102,21582.102,-2859.860999898694,123.17300205075298,3346.0,28842.0,163.27799999999905,-3204.682999999997
2020-02-07,9777.97,9900.0,9736.66,9821.52,129740.18600005723,63763.33500000706,178690,90685.0,,133.10199999999995,111.43599999999999,,,,,0.035618,0.035618,0.019726,0.034616,21582.102,23020.695,20926.142,22270.641,-2213.5160000431133,-2090.3429979923603,2680.0,31522.0,21.665999999999954,-3183.0169999999966
2020-02-08,9821.52,9956.0,9680.55,9906.43,129267.1810000479,65282.06900000764,169357,85916.0,,278.3919999999998,355.5909999999999,,,,,0.039915000000000006,0.09931499999999999,0.039915000000000006,0.09931499999999999,22270.641,23331.294,21741.629,22780.653,1296.956999967384,-793.3859980249763,2475.0,33997.0,-77.19900000000007,-3260.2159999999967
2020-02-09,9906.09,10184.34,9892.15,10167.38,143407.01300002146,72981.76400000918,194960,99359.0,,187.63000000000008,921.4469999999985,,,,,0.042798,0.11395400000000001,0.042798,0.11395400000000001,22780.653,22954.358,21690.292,22730.434,2556.5149999969,1763.1290019719236,3758.0,37755.0,-733.8169999999984,-3994.032999999995
2020-02-10,10167.37,10213.56,9750.0,9865.56,184242.73699995028,89129.88799998393,240684,120552.0,,1814.2579999999975,141.42900000000006,,,,,0.106733,0.125022,0.097918,0.097918,22730.434,25565.731,22429.11,25047.648,-5982.9609999824315,-4219.831998010508,420.0,38175.0,1672.8289999999974,-2321.2039999999974
2020-02-11,9865.56,10409.96,9729.36,10229.06,190119.81500003266,98272.11599997235,283232,144682.0,,367.48799999999994,2124.596999999995,,,,,0.043989,0.064797,0.043989,0.050120000000000005,25047.648,25773.735,24321.389,25055.001,6424.416999912035,2204.585001901527,6132.0,44307.0,-1757.1089999999954,-4078.312999999993
2020-02-12,10230.74,10479.98,10229.71,10339.99,159662.09699995694,80728.67599997675,246584,123347.0,,239.40099999999995,585.4539999999992,,,,,0.3,0.3,0.103884,0.103884,25055.001,25464.766,22526.306,23004.195,1795.2549999965704,3999.8400018980974,110.0,44417.0,-346.0529999999992,-4424.365999999992
2020-02-13,10339.64,10540.0,10101.0,10239.63,213038.33000006992,101969.03199996866,338762,168840.0,,1626.8569999999984,449.4420000000001,,,,,0.093553,0.093553,0.070414,0.070414,23004.195,24807.119,22424.121,23580.958,-9100.2660001326,-5100.425998234503,-1082.0,43335.0,1177.4149999999981,-3246.9509999999937
2020-02-14,10240.02,10390.0,10123.37,10356.82,130974.01199995396,67096.5879999977,191581,97353.0,,201.06900000000007,150.23899999999998,,,,,0.06332,0.07445299999999999,0.055952,0.055952,23580.958,24646.086,23086.97,23954.858,3219.164000041448,-1881.2619981930548,3125.0,46460.0,50.8300000000001,-3196.1209999999937
2020-02-15,10356.27,10389.75,9752.3,9914.99,152146.12699998546,70415.8640000025,236661,116753.0,,3442.558000000001,54.626999999999995,,,,,0.059113000000000006,0.09686,0.059113000000000006,0.087369,23954.858,25676.916,22593.009,23849.075,-11314.398999980447,-13195.660998173502,-3155.0,43305.0,3387.931000000001,191.81000000000722
2020-02-16,9914.31,10060.45,9626.64,9921.86,141547.95599996598,69642.56099999908,232120,116786.0,,1412.7049999999979,360.7739999999997,,,,,0.051202,0.060847,0.036973000000000006,0.060847,23849.075,24382.398,21520.94,21560.413,-2262.8339999678137,-15458.494998141316,1452.0,44757.0,1051.9309999999982,1243.7410000000054
2020-02-17,9921.87,9971.0,9461.89,9716.0,185338.16899993297,89956.11599998415,296826,147575.0,,1054.8889999999978,227.05799999999996,,,,,0.043178999999999995,0.091076,0.043178999999999995,0.091076,21560.413,25260.049,21505.399,23067.261,-5425.936999964673,-20884.43199810599,-1676.0,43081.0,827.8309999999979,2071.5720000000033
2020-02-18,9716.0,10270.0,9598.0,10174.32,166119.36899993056,84019.9679999764,309031,157048.0,,291.58099999999956,1006.1389999999983,,,,,0.026967,0.029661999999999997,0.013951999999999999,0.029661999999999997,23057.582,24787.452,22689.96,23934.9,1920.5670000222453,-18963.864998083744,5065.0,48146.0,-714.5579999999987,1357.0140000000047
2020-02-19,10174.53,10286.0,9293.07,9593.65,187485.67199987307,86392.21200002913,332375,162269.0,,4329.39100000001,258.222,,,,,0.046396,0.046396,0.038487,0.040757,23934.9,23979.351,19617.101,20249.67,-14701.247999814805,-33665.11299789855,-7837.0,40309.0,4071.16900000001,5428.1830000000145
2020-02-20,9593.31,9700.0,9382.59,9601.99,143102.4739999743,69158.40999999484,252344,125631.0,,910.4470000000002,168.75300000000007,,,,,0.01,0.01,0.01,0.01,20249.67,21341.168,19623.249,20145.669,-4785.653999984614,-38450.76699788316,-1082.0,39227.0,741.6940000000002,6169.877000000015
2020-02-21,9601.51,9759.59,9547.0,9681.39,98954.28800003341,49439.472000000016,162769,80885.0,,422.9969999999997,184.98600000000005,,,,,0.01,0.01,0.01,0.01,20145.669,21182.516,20104.632,20156.076,-75.34400003337942,-38526.11099791654,-999.0,38228.0,238.01099999999963,6407.8880000000145
2020-02-22,9681.39,9710.7,9565.0,9659.2,58419.54699999943,29109.509999999387,100715,50331.0,,114.35399999999998,46.86000000000001,,,,,0.01,0.012243,0.01,0.012243,20156.076,20833.75,19904.011,20731.447,-200.5270000006567,-38726.6379979172,-53.0,38175.0,67.49399999999997,6475.382000000014
2020-02-23,9658.95,10018.9,9657.0,9943.12,97134.35800003905,49886.5679999973,167699,85581.0,,72.72699999999998,688.6199999999999,,,,,0.029663,0.065308,0.029663,0.065308,20731.447,22735.219,20447.572,22153.376,2638.7779999555496,-36087.85999796165,3463.0,41638.0,-615.8929999999999,5859.489000000014
2020-02-24,9943.12,10000.0,9487.38,9662.95,157921.04399998346,73645.27200001023,255131,124569.0,,1685.5869999999957,150.43699999999998,,,,,0.048774000000000005,0.048774000000000005,0.01,0.01,22153.376,22443.875,19582.849,21099.994,-10630.499999963009,-46718.35999792466,-5993.0,35645.0,1535.1499999999958,7394.63900000001
2020-02-25,9662.88,9686.78,9247.0,9326.0,168641.72499996645,80606.87699998116,260939,131328.0,,1707.358999999994,234.679,,,,,0.032389,0.046949,0.027363000000000002,0.046949,21099.994,23119.642,21010.445,21889.218,-7427.971000004123,-54146.33099792878,1717.0,37362.0,1472.679999999994,8867.319000000003
2020-02-26,9326.0,9384.0,8610.0,8792.22,267005.17199967796,125256.22700006167,429930,212204.0,,4277.959000000004,400.554,,,,,0.03617,0.05063,0.03617,0.03866,21889.218,23951.516,20698.697,20698.697,-16492.717999554632,-70639.04899748342,-5522.0,31840.0,3877.4050000000043,12744.724000000007
2020-02-27,8793.96,8978.0,8533.9,8828.0,200638.48800007725,99331.8590000147,323451,162415.0,,944.1029999999982,504.8509999999993,,,,,0.017363,0.017363,0.01,0.01,20698.697,20721.468,18289.312,18356.841,-1974.7700000478653,-72613.81899753129,1379.0,33219.0,439.25199999999893,13183.976000000006
2020-02-28,8827.12,8908.86,8450.0,8699.57,196066.11000015092,97577.39299999272,347898,176358.0,,917.7779999999977,874.7980000000002,,,,,0.01,0.023604,0.01,0.023604,18356.841,22077.142,18282.345,20823.845,-911.3240001654776,-73525.14299769676,4818.0,38037.0,42.97999999999752,13226.956000000004
2020-02-29,8699.86,8799.83,8530.0,8531.98,103524.68499998533,49487.07099998987,158743,77441.0,,440.0969999999995,103.356,,,,,0.061536,0.062345,0.060166,0.062345,20823.845,21586.122,20537.548,21161.966,-4550.543000005593,-78075.68599770236,-3861.0,34176.0,336.74099999999953,13563.697000000004
2020-03-01,8532.5,8762.24,8409.0,8537.84,174332.91599997587,85613.6099999971,251857,126972.0,,646.9079999999989,429.0599999999993,,,,,0.049317,0.049317,0.027933,0.031032999999999998,21161.966,22582.938,20495.089,21294.57,-3105.695999981661,-81181.38199768402,2087.0,36263.0,217.84799999999956,13781.545000000004
2020-03-02,8537.84,8972.0,8504.95,8919.7,160294.4840000502,83302.18300000281,237593,119644.0,,128.15900000000008,587.3119999999997,,,,,0.01872,0.01872,0.01,0.01,21294.57,21537.355,19677.936,19854.317,6309.881999955425,-74871.49999772859,1695.0,37958.0,-459.15299999999957,13322.392000000003
2020-03-03,8919.7,8922.34,8657.41,8765.0,160123.6050000612,77472.25400000041,244371,120740.0,,679.1969999999988,233.2319999999999,,,,,0.01,0.01,0.01,0.01,19854.317,21747.999,19203.273,20111.086,-5179.09700006037,-80050.59699778896,-2891.0,35067.0,445.96499999999884,13768.357000000002
2020-03-04,8765.0,8853.88,8669.23,8756.93,105462.12000001543,51814.452999993555,163239,81862.0,,210.791,92.70200000000001,,,,,0.01,0.024328,0.01,0.024328,20111.086,21515.103,20033.282,20980.886,-1833.2140000283252,-81883.81099781729,485.0,35552.0,118.08899999999998,13886.446000000002
2020-03-05,8755.98,9172.3,8755.98,9062.81,161840.62300001062,81304.7720000078,221404,111576.0,,170.64500000000035,878.5489999999985,,,,,0.01,0.023481000000000002,0.01,0.019521,20980.886,22096.979,20542.75,21671.446,768.9210000049789,-81114.88999781231,1748.0,37300.0,-707.9039999999982,13178.542000000003
2020-03-06,9062.62,9179.75,8994.14,9139.48,115011.58300002344,56607.20099999395,164347,81912.0,,299.48599999999976,163.577,,,,,0.020373,0.035706,0.020373,0.035706,21671.446,24091.568,21262.049,23300.355,-1797.1810000355472,-82912.07099784786,-523.0,36777.0,135.90899999999976,13314.451000000003
2020-03-07,9139.77,9204.0,8850.0,8897.18,125804.99899997938,59759.071999990985,180355,89585.0,,1313.7509999999977,149.16100000000003,,,,,0.039476000000000004,0.039476000000000004,0.032086,0.032714,23300.355,23892.938,22132.761,23115.656,-6286.854999997398,-89198.92599784525,-1185.0,35592.0,1164.5899999999976,14479.041000000001
2020-03-08,8895.62,8897.71,7997.7,8038.46,237407.0279997317,109247.10300003592,337595,167395.0,,6033.638000000003,419.90700000000004,,,,,0.054685,0.054685,0.042921,0.042921,23115.656,23616.554,19062.624,19212.374,-18912.82199965988,-108111.74799750512,-2805.0,32787.0,5613.7310000000025,20092.772000000004
2020-03-09,8038.99,8182.31,7635.21,7932.15,334399.1069997526,165620.7270000256,494191,249800.0,,2459.743999999996,1501.1719999999987,,,,,0.01,0.01,0.01,0.01,19212.374,21521.488,17751.207,19866.651,-3157.652999701386,-111269.40099720651,5409.0,38196.0,958.5719999999974,21051.344
2020-03-10,7932.45,8156.31,7733.0,7897.66,257049.43999974793,127432.2390000333,372220,188660.0,,1567.745999999999,1013.8299999999997,,,,,0.01,0.01,0.01,0.01,19866.651,20865.153,18654.14,18955.334,-2184.9619996813417,-113454.36299688785,5100.0,43296.0,553.9159999999993,21605.260000000002
2020-03-11,7898.21,7988.0,7593.29,7938.39,220537.38099991085,109589.74400001543,309513,157499.0,,935.4249999999986,905.5589999999988,,,,,0.01,0.022897999999999998,0.01,0.022897999999999998,18955.334,22270.607,18274.072,19920.31,-1357.8929998799867,-114812.25599676784,5485.0,48781.0,29.865999999999758,21635.126
2020-03-12,7938.39,7969.0,4347.0,4764.65,784674.5530004473,376558.8069997653,1214254,597430.0,,23299.32700000021,6786.1449999999995,,,,,0.010572,0.010572,-0.015149,-0.015149,19920.31,21264.119,14197.451,15279.619,-31556.939000916784,-146369.19499768462,-19394.0,29387.0,16513.182000000208,38148.30800000021
2020-03-13,4762.28,5971.0,3621.81,5570.26,935489.2420027079,465297.83800044854,1995978,1003371.0,,17360.960000000185,12849.26700000016,,,,,-0.016072999999999997,-0.016072999999999997,-0.3,-0.06537799999999999,15279.619,18660.577,13374.518,14169.376,-4893.566001810832,-151262.76099949545,10764.0,40151.0,4511.693000000025,42660.00100000024
2020-03-14,5569.84,5638.42,5040.0,5167.01,316242.5859996786,157435.12300000142,609630,308006.0,,2308.184999999999,1806.667999999999,,,,,-0.076421,-0.004946,-0.076421,-0.050325,14169.376,15385.147,13592.898,15222.183,-1372.3399996757507,-152635.1009991712,6382.0,46533.0,501.51700000000005,43161.51800000024
2020-03-15,5167.21,5954.47,5089.12,5357.32,356311.7649996228,184750.0349999844,638612,338971.0,,2215.785999999998,3880.911000000002,,,,,-0.047893000000000005,-0.047893000000000005,-0.054208,-0.04879,15222.183,17719.423,14818.455,15862.775,13188.30500034598,-139446.79599882523,39330.0,85863.0,-1665.125000000004,41496.39300000023
2020-03-16,5354.81,5361.26,4413.62,5026.26,620891.7209994477,318526.34999974084,1192746,630496.0,,6017.791000000012,7050.821000000049,,,,,-0.028281999999999998,-0.028281999999999998,-0.090358,-0.090358,15862.775,18467.711,15862.775,17234.115,16160.979000033927,-123285.8169987913,68246.0,154109.0,-1033.030000000037,40463.363000000194
2020-03-17,5027.11,5529.98,4913.49,5307.38,429908.0979995898,232442.7599999182,874089,490127.0,,1680.9999999999998,3435.262000000007,,,,,-0.02383,-0.0036810000000000002,-0.02383,-0.010573,17234.115,18790.873,16285.477,17930.785,34977.42200024659,-88308.39499854471,106165.0,260274.0,-1754.2620000000072,38709.101000000184
2020-03-18,5306.42,5435.0,4982.75,5389.64,402005.70299952704,211992.38400000258,742506,409028.0,,2288.310000000003,2688.006999999998,,,,,-0.014705999999999999,-0.014705999999999999,-0.035528,-0.033374,17930.785,20825.702,17785.717,20136.63,21979.06500047812,-66329.32999806659,75550.0,335824.0,-399.69699999999466,38309.40400000019
2020-03-19,5389.94,6400.0,5246.5,6159.6,499391.18999982235,265398.0980000159,869096,471826.0,,2061.9619999999995,7244.308000000081,,,,,-0.015042000000000002,-0.015042000000000002,-0.027089,-0.027089,20136.63,22006.181,19159.26,19358.213,31405.006000209425,-34924.323997857166,74556.0,410380.0,-5182.346000000081,33127.05800000011
2020-03-20,6159.41,6911.0,5650.0,6203.77,571577.5189997659,293444.50199990225,1008893,545711.0,,5446.184000000024,4954.302999999998,,,,,-0.015469,0.01,-0.015469,0.01,19358.213,19878.956,15072.23,15183.099,15311.485000038636,-19612.83899781853,82529.0,492909.0,491.8810000000258,33618.93900000013
2020-03-21,6204.47,6457.17,5854.01,6183.69,385972.1539994822,208372.84899993625,803410,454347.0,,1908.020999999995,1908.8750000000016,,,,,0.008327,0.008327,-0.011557000000000001,-0.011557000000000001,15183.099,18312.172,15183.099,17856.042,30773.544000390277,11160.705002571747,105284.0,598193.0,-0.8540000000066357,33618.08500000012
2020-03-22,6183.84,6408.91,5730.35,5810.17,391002.79499951744,206652.1549998935,872240,469975.0,,2318.3280000000022,1242.0869999999975,,,,,-0.002842,0.01,-0.002842,0.00022400000000000002,17856.042,20539.136,17856.042,19794.53,22301.515000269574,33462.22000284132,67710.0,665903.0,1076.2410000000048,34694.326000000125
2020-03-23,5810.3,6619.9,5670.0,6463.84,489665.80700001674,257220.66599985777,949227,508228.0,,1184.5449999999971,4023.3720000000008,,,,,-0.016796000000000002,0.01,-0.016796000000000002,0.01,19794.53,21183.918,17739.96,18516.601,24775.5249996988,58237.74500254012,67229.0,733132.0,-2838.827000000004,31855.49900000012
2020-03-24,6463.21,6840.0,6369.0,6741.33,436733.3699994729,219424.07499981657,874711,443880.0,,1872.3250000000003,2405.0599999999945,,,,,0.01,0.01,0.01,0.01,18516.601,20325.678,17825.02,17880.03,2114.7800001602154,60352.525002700335,13049.0,746181.0,-532.7349999999942,31322.764000000127
2020-03-25,6740.86,6960.71,6436.26,6673.41,400149.7109995874,209834.0179999122,827802,453798.0,,1815.2479999999975,1517.5459999999998,,,,,0.01,0.01,0.009813,0.009813,17880.03,18949.949,17317.141,18328.703,19518.325000237033,79870.85000293737,79794.0,825975.0,297.7019999999977,31620.466000000124
2020-03-26,6673.57,6777.5,6500.0,6733.76,281245.1299995553,144931.77899991773,637211,339970.0,,697.4920000000003,786.000999999999,,,,,-0.0016200000000000001,0.01,-0.0016200000000000001,0.0015990000000000002,18328.703,19711.717,17852.256,19711.717,8618.428000280168,88489.27800321754,42729.0,868704.0,-88.50899999999865,31531.957000000126
2020-03-27,6733.76,6840.0,6230.0,6353.64,255213.5429999899,126993.21399996647,567844,290067.0,,3266.969000000011,496.946,,,,,0.006223,0.006838,0.000148,0.000148,19711.717,21869.884,19030.549,20745.407,-1227.115000056976,87262.16300316056,12290.0,880994.0,2770.023000000011,34301.980000000134
2020-03-28,6353.64,6354.74,6004.0,6230.95,341941.97099929396,179086.9969998693,815756,414078.0,,2824.409999999997,1702.2789999999957,,,,,-0.012203,-0.012203,-0.041263,-0.02165,20745.407,23837.74,20574.868,22794.108,16232.023000444635,103494.1860036052,12400.0,893394.0,1122.1310000000014,35424.111000000135
2020-03-29,6231.81,6260.0,5857.6,5876.27,251331.9029995743,129304.4020000538,558650,283765.0,,2095.6789999999946,581.3449999999993,,,,,-0.023282,-0.023282,-0.029119999999999997,-0.025612999999999997,22794.108,25472.095,22521.717,24308.744,7276.901000533311,110771.0870041385,8880.0,902274.0,1514.3339999999953,36938.44500000013
2020-03-30,5876.27,6606.15,5850.0,6391.08,387311.1020000488,206395.66299980626,845965,439039.0,,528.4199999999994,5909.28600000001,,,,,-0.06430999999999999,-0.006982,-0.06430999999999999,-0.006982,24308.744,25201.037,22853.745,23300.893,25480.22399956372,136251.31100370223,32113.0,934387.0,-5380.866000000011,31557.57900000012
2020-03-31,6389.52,6516.63,6320.0,6407.1,262520.69599972595,135498.53100002877,612389,319522.0,,618.3659999999993,595.374999999999,,,,,-0.005383,-0.005383,-0.0162,-0.0162,23300.893,26440.575,22971.416,26380.264,8476.366000331589,144727.67700403382,26655.0,961042.0,22.991000000000327,31580.570000000123
2020-04-01,6407.1,6693.0,6140.0,6641.51,390529.433999935,205706.1429997206,856499,450303.0,,1872.0989999999983,4477.269000000003,,,,,-0.009237,-0.009237,-0.04868,-0.034983,26380.264,29389.639,26023.168,26036.149,20882.851999506238,165610.52900354005,44107.0,1005149.0,-2605.1700000000046,28975.400000000118
2020-04-02,6641.22,7290.0,6542.73,6791.63,531320.8519998208,275029.91699966654,1038383,540455.0,,2538.825999999995,7618.837000000022,,,,,-0.01933,0.009417,-0.01933,0.009417,26036.149,27251.869,21944.915,22034.632,18738.981999512296,184349.51100305235,42527.0,1047676.0,-5080.011000000028,23895.38900000009
2020-04-03,6791.65,7049.11,6600.0,6729.8,411943.13999908697,213226.14599994797,845736,450724.0,,2187.1439999999975,1474.206999999998,,,,,0.009047000000000001,0.01,7.9e-05,0.01,22034.632,23553.186,21907.515,22314.848,14509.152000808972,198858.66300386132,55712.0,1103388.0,712.9369999999994,24608.32600000009
2020-04-04,6729.8,7020.0,6629.99,6851.1,319849.5509994382,168633.3439998555,713371,376920.0,,1036.4549999999986,2326.1760000000004,,,,,0.006184,0.006184,-0.007770000000000001,-0.007770000000000001,22314.848,25494.059,22081.909,23427.011,17417.137000272807,216275.80000413413,40469.0,1143857.0,-1289.7210000000018,23318.605000000087
2020-04-05,6851.4,6893.44,6668.02,6768.9,239216.92499994944,124672.0649999313,542631,289750.0,,885.6220000000001,487.14999999999986,,,,,-0.004495,0.004198,-0.004495,0.003859,23427.011,26438.537,23323.373,24695.634,10127.20499991317,226403.0050040473,36869.0,1180726.0,398.4720000000002,23717.07700000009
2020-04-06,6768.9,7370.0,6760.0,7325.73,461328.4669990901,245411.33799987446,937494,487586.0,,916.0800000000007,3117.995999999996,,,,,0.002364,0.002364,-0.008471,-0.008471,24695.634,29686.699,23802.801,29655.085,29494.209000658826,255897.21400470613,37678.0,1218404.0,-2201.915999999995,21515.161000000095
2020-04-07,7325.73,7457.0,7070.43,7192.9,419570.3809997627,209708.51599986304,791355,407238.0,,3122.061000000005,1726.7459999999953,,,,,-0.012883,0.001131,-0.012883,0.001131,29655.085,29655.085,25841.157,25841.163,-153.34900003660005,255743.86500466953,23121.0,1241525.0,1395.3150000000098,22910.476000000104
2020-04-08,7192.9,7417.83,7145.14,7357.66,332599.10399959044,169892.04999985447,715328,371445.0,,840.7600000000003,944.5819999999989,,,,,-0.0027630000000000003,0.01,-0.0027630000000000003,0.006677,25841.163,27204.588,24802.267,26212.803,7184.996000118495,262928.861004788,27562.0,1269087.0,-103.82199999999852,22806.654000000104
2020-04-09,7357.15,7365.69,7105.98,7278.65,293635.36599954555,148198.3309999338,604897,305956.0,,1776.121,363.86199999999985,,,,,0.01,0.01,-0.010005,-0.008854,26212.803,28120.505,26212.803,27965.909,2761.296000322036,265690.15700511006,7015.0,1276102.0,1412.2590000000002,24218.913000000106
2020-04-10,7278.83,7290.0,6741.0,6857.82,440139.1829994257,211448.27299976425,966159,477538.0,,5199.895000000012,617.5960000000002,,,,,-0.005003,0.01,-0.005003,0.01,27965.909,29919.785,26664.885,28753.623,-17242.636999897193,248447.52000521286,-11083.0,1265019.0,4582.299000000012,28801.212000000116
2020-04-11,6858.0,6944.28,6757.29,6874.18,224150.82899971833,118778.24299992464,504356,265631.0,,459.707,375.43799999999953,,,,,0.01,0.01,0.01,0.01,28753.623,30713.8,28457.622,29036.579,13405.657000130945,261853.1770053438,26906.0,1291925.0,84.26900000000046,28885.481000000116
2020-04-12,6874.17,7173.98,6775.66,6900.52,321594.3369995266,165602.43799982645,670345,327466.0,,1502.3389999999997,2016.7549999999953,,,,,0.01,0.01,0.008453,0.008453,29036.579,33110.195,28473.784,29261.705,9610.5390001263,271463.71600547014,-15413.0,1276512.0,-514.4159999999956,28371.06500000012
2020-04-13,6900.19,6900.99,6558.0,6834.0,421880.40599873266,215974.76999969097,887150,436082.0,,3881.0950000000016,1475.9809999999943,,,,,0.007954,0.007954,-0.020270999999999997,-0.002882,29261.705,31225.372,28984.159,29663.277,10069.134000649268,281532.8500061194,-14986.0,1261526.0,2405.1140000000073,30776.179000000127
2020-04-14,6834.01,6975.6,6751.0,6864.11,280442.6149993244,144042.06699996005,674703,343545.0,,662.4350000000004,769.7689999999994,,,,,-0.0012439999999999999,0.0054540000000000005,-0.020028,-0.020028,29663.277,32910.632,29515.245,31530.351,7641.5190005957265,289174.36900671513,12387.0,1273913.0,-107.33399999999904,30668.84500000013
2020-04-15,6864.11,6929.0,6602.59,6616.89,281077.35399971134,140320.6959998925,652511,340176.0,,2124.2729999999983,279.8729999999998,,,,,-0.012803,0.002925,-0.012803,0.002925,31530.351,35848.702,31165.159,35848.702,-435.96199992636684,288738.40700678877,27841.0,1301754.0,1844.3999999999985,32513.245000000126
2020-04-16,6616.88,7190.92,6465.33,7098.15,559867.7379988963,297526.00299975136,1064247,552495.0,,2839.6910000000075,5911.032000000031,,,,,-0.007017,0.006363999999999999,-0.046001,0.006363999999999999,35848.702,35982.39,30395.084,30572.236,35184.26800060645,323922.6750073952,40743.0,1342497.0,-3071.3410000000235,29441.904000000104
2020-04-17,7098.15,7140.0,6981.0,7022.44,277338.4010000893,140467.51099999703,532734,271731.0,,754.5809999999994,393.4249999999998,,,,,0.005926,0.005926,-0.006771,-0.006771,30572.236,32650.225,29999.387,31914.687,3596.620999904757,327519.29600729997,10728.0,1353225.0,361.15599999999966,29803.060000000103
2020-04-18,7022.0,7290.0,7008.11,7242.42,225807.0709998229,119681.63900001219,438036,225561.0,,226.80499999999992,1523.6069999999945,,,,,-0.003132,-0.003132,-0.019642,-0.019642,31914.687,34761.452,31614.74,33551.155,13556.20700020148,341075.5030075015,13086.0,1366311.0,-1296.8019999999947,28506.258000000107
2020-04-19,7242.49,7258.42,7055.0,7118.03,216975.11399989296,107002.39700002334,440183,219598.0,,1320.551999999999,219.91899999999993,,,,,-0.019142,0.008514,-0.019142,0.008514,33551.155,33551.155,31795.753,33223.762,-2970.3199998462806,338105.1830076552,-987.0,1365324.0,1100.6329999999991,29606.891000000105
2020-04-20,7118.04,7208.55,6735.95,6825.29,445104.6759998802,221766.7579997979,841274,432609.0,,4359.979000000008,857.6659999999993,,,,,-0.00131,-0.00131,-0.005762,-0.005762,33223.762,35728.467,33111.899,34116.02,-1571.160000284377,336534.0230073708,23944.0,1389268.0,3502.313000000009,33109.204000000114
2020-04-21,6825.28,6940.0,6759.16,6838.0,288024.07699985063,149431.4969998981,588483,310726.0,,423.4409999999999,651.6619999999992,,,,,-0.009179999999999999,0.01,-0.009179999999999999,0.01,34116.02,36169.496,33607.343,34801.06,10838.916999945592,347372.9400073164,32969.0,1422237.0,-228.22099999999932,32880.98300000012
2020-04-22,6838.0,7154.9,6812.57,7120.06,306479.5289996445,164224.3009998479,582884,301925.0,,92.80400000000004,1899.09,,,,,-0.002663,-0.002663,-0.031243999999999997,-0.031243999999999997,34801.06,37055.698,34692.997,35283.895,21969.073000051314,369342.0130073677,20966.0,1443203.0,-1806.2859999999998,31074.697000000117
2020-04-23,7120.06,7802.38,7020.0,7483.35,472509.3259994259,243728.7849998406,843806,425713.0,,1270.7269999999994,10147.271000000103,,,,,-0.022340000000000002,0.01,-0.022340000000000002,0.01,35283.895,36878.147,26444.555,28553.717,14948.244000255305,384290.25700762303,7620.0,1450823.0,-8876.544000000104,22198.153000000013
2020-04-24,7483.36,7612.91,7388.0,7504.11,278378.024999619,139206.08399999398,536537,266609.0,,836.1169999999995,393.64100000000013,,,,,0.01,0.01,0.01,0.01,28553.717,30113.425,27545.995,27879.977,34.1430003689602,384324.400007992,-3319.0,1447504.0,442.4759999999994,22640.62900000001
2020-04-25,7504.62,7722.33,7433.0,7534.01,243266.782000079,125411.32699994504,416816,214969.0,,454.68099999999953,1232.6079999999995,,,,,0.01,0.01,0.01,0.01,27879.977,29727.531,27444.931,28124.853,7555.87199981109,391880.2720078031,13122.0,1460626.0,-777.9269999999999,21862.702000000012
2020-04-26,7534.01,7709.57,7476.86,7694.17,269921.2409999982,139301.80199998143,453149,229867.0,,1064.1209999999994,944.1279999999991,,,,,0.01,0.01,0.0074930000000000005,0.01,28124.853,30481.31,27862.496,28930.187,8682.36299996468,400562.63500776776,6585.0,1467211.0,119.99300000000028,21982.69500000001
2020-04-27,7693.63,7795.6,7623.98,7774.0,290336.1689998938,145954.5459999997,483829,235750.0,,491.29899999999975,1021.6489999999989,,,,,0.01,0.01,0.01,0.01,29112.737,30658.661,27617.792,29573.314,1572.9230001055985,402135.55800787336,-12329.0,1454882.0,-530.3499999999991,21452.345000000012
2020-04-28,7774.0,7780.0,7662.49,7735.75,217545.7660000546,107630.51600000689,365136,180566.0,,282.95900000000006,114.23100000000005,,,,,0.01,0.01,0.01,0.01,29573.314,31913.78,29169.181,31128.266,-2284.7340000408294,399850.82400783256,-4004.0,1450878.0,168.728,21621.07300000001
2020-04-29,7735.76,8988.66,7710.0,8784.2,871197.569000245,454524.09999968176,1348523,681534.0,,3161.3060000000023,12660.324000000108,,,,,0.01,0.01,0.01,0.01,31128.266,34888.563,25390.826,26915.258,37850.630999118555,437701.4550069511,14545.0,1465423.0,-9499.018000000106,12122.054999999906
2020-04-30,8784.05,9479.77,8400.0,8624.76,944209.7570025882,459374.9959993031,1594771,771262.0,,8418.858000000077,5218.68400000004,,,,,0.013208,0.097517,0.01,0.01,26915.258,29550.621,25767.612,27999.073,-25459.765003982,412241.6900029691,-52247.0,1413176.0,3200.1740000000364,15322.228999999941
2020-05-01,8623.61,9065.0,8619.84,8830.52,417820.45599911525,204405.4209997964,843309,409058.0,,1554.3699999999958,1086.718999999998,,,,,0.021072,0.021072,0.013527999999999998,0.013527999999999998,27999.073,31894.891,27536.785,30420.817,-9009.613999522466,403232.07600344665,-25193.0,1387983.0,467.6509999999978,15789.87999999994
2020-05-02,8830.52,9020.0,8755.01,8975.18,295769.6579997765,145364.35499996916,581338,281835.0,,683.0110000000003,577.8779999999998,,,,,0.01,0.010144,0.01,0.010144,30420.817,33040.361,29430.897,29761.347,-5040.947999838158,398191.1280036085,-17668.0,1370315.0,105.1330000000005,15895.012999999939
2020-05-03,8975.18,9200.0,8727.24,8900.0,451322.7129992263,217371.05899987987,849996,411021.0,,3254.2730000000165,1112.2739999999965,,,,,0.01,0.019809999999999998,0.01,0.015161999999999998,29761.347,34135.357,28963.235,33020.685,-16580.594999466557,381610.53300414194,-27954.0,1342361.0,2141.99900000002,18037.01199999996
2020-05-04,8899.99,8954.94,8526.0,8873.98,439631.80799958674,218252.17499986538,840423,407395.0,,2134.635999999995,893.1669999999995,,,,,0.011925,0.011925,0.01,0.01,33020.685,34651.351,30983.762,31047.234,-3127.4579998559784,378483.07500428596,-25633.0,1316728.0,1241.4689999999955,19278.480999999956
2020-05-05,8873.99,9118.17,8766.12,9022.78,409920.1299995699,199885.62099989926,779416,376102.0,,1521.9949999999967,1119.3039999999967,,,,,0.01,0.01,0.01,0.01,31047.234,34340.897,30815.784,31486.158,-10148.887999771396,368334.18700451456,-27212.0,1289516.0,402.69100000000003,19681.171999999955
2020-05-06,9022.76,9405.0,8916.01,9148.27,507753.7999993168,249555.75599995593,893624,441348.0,,1864.3109999999967,2374.5800000000013,,,,,0.01,0.035981,0.01,0.035981,31486.158,38715.739,31247.977,33818.614,-8642.287999404944,359691.8990051096,-10928.0,1278588.0,-510.26900000000455,19170.90299999995
2020-05-07,9148.29,10080.0,9022.0,9995.0,738919.0079984176,369858.41299980227,1377382,675790.0,,1911.9949999999956,4883.942000000017,,,,,0.01,0.01,0.01,0.01,33818.614,34093.365,31592.401,33073.761,797.8180011869408,360489.71700629656,-25802.0,1252786.0,-2971.947000000022,16198.95599999993
2020-05-08,9994.74,10045.03,9726.0,9807.49,458034.2109995009,222614.92400004264,889006,434267.0,,1848.1099999999958,468.3169999999997,,,,,0.016093999999999997,0.053189999999999994,0.016093999999999997,0.053189999999999994,33073.761,35256.952,31915.614,34498.038,-12804.362999415607,347685.35400688095,-20472.0,1232314.0,1379.792999999996,17578.748999999923
2020-05-09,9809.63,9923.98,9528.23,9550.67,411940.24499935866,196909.47199980402,784236,383392.0,,2734.731000000008,423.5310000000002,,,,,0.042037,0.07581600000000001,0.042037,0.058018,34498.038,41958.491,34322.549,40055.184,-18121.300999750616,329564.05300713034,-17452.0,1214862.0,2311.200000000008,19889.94899999993
2020-05-10,9550.25,9580.0,7940.0,8719.53,842908.9820014607,410046.21299963305,1548682,787660.0,,23163.09300000001,3585.4010000000007,,,,,0.042326,0.042326,0.01,0.01,40055.184,40226.516,25265.081,25265.081,-22816.556002194644,306747.4970049357,26638.0,1241500.0,19577.69200000001,39467.640999999945
2020-05-11,8723.23,9164.0,8151.12,8561.09,805164.9640019791,406724.5449994393,1574187,805174.0,,7372.658000000098,3297.858000000002,,,,,0.01,0.01,0.01,0.01,25265.081,28569.506,25071.649,25713.301,8284.125996899558,315031.62300183525,36161.0,1277661.0,4074.8000000000957,43542.44100000004
2020-05-12,8560.73,8981.0,8520.43,8808.71,369716.0409996543,189935.3989998521,816563,421911.0,,897.1229999999983,839.3939999999992,,,,,0.01,0.01,0.01,0.01,25713.301,26750.519,24788.821,25635.728,10154.757000049925,325186.3800018852,27259.0,1304920.0,57.72899999999913,43600.17000000004
2020-05-13,8808.71,9397.0,8790.04,9305.91,379718.99999938684,198949.78399989195,822295,412862.0,,425.5119999999996,1899.4569999999924,,,,,0.01,0.01,0.01,0.01,25635.728,29576.602,25434.608,29216.031,18180.568000397063,343366.94800228224,3429.0,1308349.0,-1473.944999999993,42126.22500000005
2020-05-14,9305.91,9950.0,9250.66,9786.8,602528.4379998387,306992.1539998056,1128095,570969.0,,1990.7099999999969,3372.525000000006,,,,,0.01,0.01,0.01,0.01,29216.031,31509.732,28568.639,29537.819,11455.86999977252,354822.81800205476,13843.0,1322192.0,-1381.8150000000091,40744.41000000004
2020-05-15,9787.62,9843.5,9100.0,9310.73,504097.7189993037,247703.57399988887,1006702,512488.0,,5049.545000000039,741.1559999999984,,,,,0.01,0.01,0.0044,0.01,29537.819,33929.108,27801.184,31410.689,-8690.570999525953,346132.2470025288,18274.0,1340466.0,4308.389000000041,45052.79900000008
2020-05-16,9311.21,9585.0,9210.03,9374.99,287768.2009994728,149815.48299995053,662664,343659.0,,625.4749999999984,635.639999999999,,,,,0.01,0.01,0.01,0.01,31410.689,32967.042,30990.503,32195.931,11862.765000428248,357995.01200295705,24654.0,1365120.0,-10.165000000000532,45042.63400000008
2020-05-17,9374.99,9880.0,9317.16,9678.57,300859.3209994866,156225.06999989098,686511,348490.0,,699.1069999999992,1781.5629999999937,,,,,0.008001,0.008001,0.000888,0.000888,32195.931,33410.021,31229.445,31543.891,11590.819000295363,369585.8310032524,10469.0,1375589.0,-1082.4559999999947,43960.17800000009
2020-05-18,9677.31,9958.67,9450.0,9731.1,363494.9089995519,182644.35099987584,739229,382387.0,,2063.475,829.241999999999,,,,,0.01,0.01,-0.00664,-0.00664,31543.891,33790.847,31543.891,32346.418,1793.7930001997738,371379.6240034522,25545.0,1401134.0,1234.2330000000009,45194.41100000009
2020-05-19,9731.11,9900.0,9462.0,9773.64,376265.67299942306,191764.358999905,749782,389467.0,,1395.9039999999968,826.1809999999979,,,,,0.01,0.01,0.007892,0.01,32346.418,33144.196,31257.088,31473.29,7263.045000386948,378642.66900383914,29152.0,1430286.0,569.7229999999989,45764.134000000086
2020-05-20,9772.66,9838.0,9281.42,9508.11,334423.5899995712,166431.8659999354,647394,333300.0,,3458.7229999999936,375.53999999999996,,,,,0.01,0.01,0.01,0.01,31473.29,35513.973,31457.629,33240.635,-1559.8579997004126,377082.8110041387,19206.0,1449492.0,3083.1829999999936,48847.31700000008
2020-05-21,9508.0,9573.0,8812.2,9060.0,461439.1929996918,228136.2360000039,901988,457671.0,,5835.028000000064,830.962999999999,,,,,-0.009027,0.01,-0.009027,0.01,33240.635,35787.148,32536.799,32960.639,-5166.72099968401,371916.0900044547,13354.0,1462846.0,5004.065000000065,53851.38200000015
2020-05-22,9060.0,9259.38,8920.0,9166.4,275763.0929997424,144089.82399998556,540984,277051.0,,572.5749999999991,753.3089999999987,,,,,-0.00515,0.006867000000000001,-0.00515,0.006867000000000001,32960.639,35106.524,32586.022,34780.566,12416.555000228691,384332.6450046834,13118.0,1475964.0,-180.73399999999958,53670.648000000154
2020-05-23,9166.43,9300.0,9076.9,9176.41,201589.65999989884,103801.02300002582,406693,210208.0,,459.19499999999965,315.97499999999974,,,,,-0.002092,0.007023,-0.002092,0.007023,34780.566,35465.449,34108.609,34108.609,6012.386000152794,390345.0310048362,13723.0,1489687.0,143.2199999999999,53813.868000000155
2020-05-24,9176.32,9294.44,8674.0,8711.37,339643.37799996854,167958.76399995913,607877,311124.0,,3869.880000000014,609.3389999999994,,,,,0.01,0.01,0.006724,0.006724,34108.609,35467.516,33303.763,33684.229,-3725.850000050268,386619.18100478593,14371.0,1504058.0,3260.5410000000147,57074.40900000017
2020-05-25,8711.37,8977.0,8623.38,8895.65,302979.6859998932,158161.4139999845,548950,283766.0,,832.7029999999993,1033.667,,,,,0.006784,0.006784,-0.004286,-0.004226,33684.229,36491.451,33328.584,34814.846,13343.142000075837,399962.32300486177,18582.0,1522640.0,-200.96400000000062,56873.44500000017
2020-05-26,8895.66,9011.82,8693.18,8837.05,275619.15799981315,139848.56199997346,508670,264370.0,,933.1829999999984,504.97700000000043,,,,,-3.5e-05,0.01,-3.5e-05,0.004599,34814.846,36134.367,34430.274,35382.328,4077.966000133776,404040.28900499555,20070.0,1542710.0,428.20599999999797,57301.651000000165
2020-05-27,8837.88,9230.0,8811.0,9197.32,272253.9980000001,143948.1950000203,479803,252304.0,,426.6169999999999,2727.060000000004,,,,,0.002104,0.01,-0.014025,-0.014025,35382.328,37942.325,33967.977,37253.744,15642.392000040505,419682.68100503605,24805.0,1567515.0,-2300.4430000000043,55001.20800000016
2020-05-28,9197.32,9621.65,9110.97,9569.59,327397.2409998086,172455.34099995962,535656,278514.0,,276.7779999999999,3153.8400000000056,,,,,-0.011366000000000001,-0.001187,-0.011366000000000001,-0.001187,37253.744,39467.711,35535.961,35535.961,17513.441000110644,437196.1220051467,21372.0,1588887.0,-2877.062000000006,52124.14600000015
2020-05-29,9569.58,9598.0,9317.42,9422.26,238691.2869998955,118443.51399999934,429068,221518.0,,832.9979999999989,200.12699999999984,,,,,0.002618,0.002618,-0.0006039999999999999,-0.0006039999999999999,35535.961,37249.586,35154.077,36943.616,-1804.2589998968178,435391.8630052499,13968.0,1602855.0,632.8709999999991,52757.01700000015
2020-05-30,9422.11,9753.0,9326.01,9695.0,255234.05799995858,132940.62900000965,474975,251994.0,,645.5109999999994,1920.4709999999955,,,,,0.01,0.01,0.01,0.01,36943.616,36943.616,33123.163,33596.804,10647.200000060722,446039.0630053106,29013.0,1631868.0,-1274.959999999996,51482.05700000015
2020-05-31,9694.38,9698.0,9371.76,9446.43,219829.35599976417,105922.34900001857,463176,233807.0,0.8169,876.3509999999994,137.51700000000005,,,,,0.01,0.01,0.01,0.01,33596.804,35319.812,33503.045,34653.577,-7984.657999727031,438054.40500558354,4438.0,1636306.0,738.8339999999994,52220.891000000156
2020-06-01,9446.49,10497.25,9420.85,10232.48,333733.9309999534,177291.86899998953,626393,321285.0,0.8228,247.17700000000028,9030.44100000036,,,,,0.01,0.01,-0.002911,0.000938,34653.577,38109.669,32013.6,32434.987,20849.80700002564,458904.2120056092,16177.0,1652483.0,-8783.264000000361,43437.6269999998
2020-06-02,10232.41,10262.3,9264.15,9514.9,337272.93299998087,163375.24799994778,623178,309299.0,0.8598,4777.833000000022,487.07599999999957,,,,,0.03448,0.07831,0.01,0.01,32434.987,35951.007,25496.293,25596.137,-10522.437000085309,448381.7750055239,-4580.0,1647903.0,4290.757000000023,47728.383999999816
2020-06-03,9514.9,9694.75,9382.33,9663.59,185389.41199988817,95209.60999998821,381655,198404.0,1.2957,503.93599999999964,705.9490000000001,,,,,0.01,0.01,0.008646,0.01,25596.137,28246.149,25407.181,27690.809,5029.808000088262,453411.58300561213,15153.0,1663056.0,-202.01300000000043,47526.37099999982
2020-06-04,9663.58,9884.0,9440.0,9788.33,264166.6590000168,135386.98999999178,524744,270824.0,1.2007,902.473999999999,1051.1889999999987,,,,,0.01,0.01,0.01,0.01,27690.809,29761.809,27573.612,29231.15,6607.32099996676,460018.9040055789,16904.0,1679960.0,-148.7149999999997,47377.65599999982
2020-06-05,9788.32,9855.0,9580.52,9617.29,236245.27499988416,114163.22400000351,445571,223595.0,0.9818,1289.0570000000016,164.13500000000002,,,,,0.01,0.01,0.01,0.01,29231.15,30453.427,28681.717,29821.789,-7918.826999877143,452100.0770057017,1619.0,1681579.0,1124.9220000000016,48502.57799999982
2020-06-06,9616.64,9738.77,9528.0,9664.0,152526.70299997542,78270.20199997218,331982,172091.0,1.0864,527.8559999999995,278.06299999999965,,,,,0.01,0.01,0.01,0.01,29821.789,31404.79,29775.224,29775.224,4013.700999968947,456113.77800567064,12200.0,1693779.0,249.7929999999999,48752.37099999982
2020-06-07,9664.01,9823.13,9373.0,9743.92,253986.31299983227,128587.59900001898,471036,245247.0,1.1281,1612.1819999999957,947.8009999999985,,,,,0.01,0.01,0.01,0.01,29775.224,32849.549,28974.724,29823.198,3188.885000205686,459302.66300587635,19458.0,1713237.0,664.3809999999972,49416.75199999981
2020-06-08,9743.92,9816.0,9631.0,9778.87,155143.5399999627,78153.05999997345,310117,157596.0,0.9708,270.3559999999999,206.50499999999988,,,,,0.01,0.01,0.01,0.01,29823.198,31154.445,29811.764,31154.445,1162.579999984213,460465.2430058606,5075.0,1718312.0,63.851,49480.60299999981
2020-06-09,9778.87,9890.0,9550.03,9771.66,204422.8539999134,100901.57799997646,382189,189363.0,0.9406,899.5459999999979,540.8289999999994,,,,,0.01,0.01,0.01,0.01,31154.445,31154.445,27521.595,30090.289,-2619.697999960481,457845.5450059001,-3463.0,1714849.0,358.7169999999985,49839.31999999981
2020-06-10,9771.65,10015.99,9681.21,9884.99,193628.11399998888,95878.73299997706,376655,187540.0,0.8857,560.968999999999,1442.961999999999,,,,,0.01,0.01,0.01,0.01,30090.289,31340.974,28759.277,29805.398,-1870.6480000347656,455974.89700586535,-1575.0,1713274.0,-881.993,48957.32699999981
2020-06-11,9884.99,9970.1,9055.07,9278.03,404046.61299976596,185222.51299993924,718154,343926.0,0.879,7051.6380000000245,449.0809999999997,,,,,0.01,0.01,0.01,0.01,29805.398,36306.378,29805.398,32241.266,-33601.586999887484,422373.31000597787,-30302.0,1682972.0,6602.557000000024,55559.88399999983
2020-06-12,9277.72,9550.0,9238.0,9458.91,211293.44999993444,109758.95999998755,444688,230141.0,1.2517,505.72499999999974,673.1210000000001,,,,,0.01,0.01,-0.003816,0.009713999999999999,32241.266,32454.096,30555.707,30665.789,8224.47000004066,430597.7800060185,15594.0,1698566.0,-167.39600000000036,55392.48799999983
2020-06-13,9458.77,9497.85,9340.0,9468.54,113448.89199998711,57601.701999984245,241051,123964.0,1.0576,199.46499999999997,180.8139999999998,,,,,-0.0019420000000000001,0.01,-0.0019420000000000001,0.01,30665.789,31427.597,30251.217,30404.93,1754.511999981376,432352.2920059999,6877.0,1705443.0,18.65100000000018,55411.13899999983
2020-06-14,9468.55,9477.0,9240.97,9339.61,143978.52299999908,72124.50799998333,290335,146970.0,1.0777,800.8829999999992,227.49499999999998,,,,,0.007102,0.01,0.007102,0.01,30404.93,33256.662,30118.726,32020.463,270.492999967566,432622.7850059675,3605.0,1709048.0,573.3879999999992,55984.52699999983
2020-06-15,9339.7,9490.83,8888.43,9422.01,413865.72699953336,212684.24199986993,765496,396793.0,1.0276,3378.3710000000347,1774.8509999999944,,,,,0.01,0.01,-0.018213,-0.018213,32020.463,37177.186,32020.463,34879.141,11502.757000206504,444125.542006174,28090.0,1737138.0,1603.5200000000402,57588.04699999987
2020-06-16,9422.01,9595.0,9370.0,9519.12,225622.64499984548,117824.34699999455,441558,227740.0,0.8041,412.74799999999976,987.2099999999984,,,,,-0.015215000000000001,0.01,-0.015215000000000001,0.01,34879.141,34980.979,32703.193,33490.299,10026.049000143626,454151.59100631764,13922.0,1751060.0,-574.4619999999986,57013.58499999987
2020-06-17,9519.13,9569.0,9231.03,9458.45,227477.3899998769,113576.49299998952,420012,214631.0,0.8667,1481.1879999999976,281.6029999999997,,,,,0.007763999999999999,0.007763999999999999,-0.008320000000000001,0.007509999999999999,33490.299,34940.532,32252.435,34054.496,-324.4039998978551,453827.18700641976,9250.0,1760310.0,1199.5849999999978,58213.16999999987
2020-06-18,9458.45,9483.85,9272.41,9381.59,158315.87999995757,80181.8649999711,317462,161493.0,1.0773,410.4749999999997,99.65500000000006,,,,,-0.010005,0.007624000000000001,-0.011589,0.007624000000000001,34054.496,35926.223,34054.496,35563.928,2047.849999984639,455875.03700640437,5524.0,1765834.0,310.8199999999996,58523.98999999987
2020-06-19,9381.99,9453.0,9239.0,9307.0,219510.05899988295,112351.56499999366,397593,204198.0,1.0421,468.9029999999997,344.20799999999963,,,,,-0.000157,0.01,-0.000157,0.01,35563.928,37452.901,35563.928,36472.084,5193.071000104363,461068.10800650873,10803.0,1776637.0,124.69500000000005,58648.68499999987
2020-06-20,9307.0,9394.29,9165.0,9354.04,154462.28999998406,80710.79099998181,285470,145288.0,1.1386,744.442999999999,363.01199999999966,,,,,0.01,0.01,0.001186,0.01,36472.084,37778.807,36237.224,36424.554,6959.291999979556,468027.4000064883,5106.0,1781743.0,381.4309999999993,59030.11599999986
2020-06-21,9353.84,9420.47,9279.0,9293.51,110599.55799999535,56895.9089999795,214332,110511.0,1.0309,126.50200000000007,113.91500000000003,,,,,-0.003057,0.01,-0.003057,0.01,36424.554,36811.886,35845.833,36415.321,3192.2599999636586,471219.660006452,6690.0,1788433.0,12.587000000000032,59042.70299999986
2020-06-22,9293.39,9795.0,9273.0,9686.99,260460.56399991547,140229.88099998998,423970,216979.0,1.1017,131.049,3043.2120000000036,,,,,0.01,0.01,0.006784,0.01,36415.321,38393.481,35064.123,36173.74,19999.198000064498,491218.8580065165,9988.0,1798421.0,-2912.1630000000036,56130.53999999986
2020-06-23,9686.99,9723.23,9585.0,9631.66,164673.49899996386,76851.39799998514,288793,138099.0,0.9117,254.57400000000007,49.72300000000001,,,,,0.01,0.012214999999999998,0.01,0.012214999999999998,36173.74,39807.446,35861.66,39807.446,-10970.702999993577,480248.1550065229,-12595.0,1785826.0,204.85100000000006,56335.390999999865
2020-06-24,9631.65,9678.0,9210.0,9298.4,300428.536999915,136970.44299997826,481144,229643.0,0.9992,3842.068000000013,199.60199999999995,,,,,0.011286000000000001,0.011286000000000001,0.01,0.01,39807.446,42106.113,38557.498,39040.921,-26487.65099995851,453760.5040065644,-21858.0,1763968.0,3642.466000000013,59977.85699999988
2020-06-25,9298.78,9350.9,9005.0,9246.75,272566.5019999079,138543.94399998247,475386,242107.0,1.4056,1767.5899999999947,463.7179999999992,,,,,0.01,0.01,0.01,0.01,38935.707,39656.962,36726.167,37000.836,4521.386000057042,458281.8900066214,8828.0,1772796.0,1303.8719999999955,61281.728999999876
2020-06-26,9246.75,9297.16,9038.52,9159.99,249348.66999992845,126311.43099999237,445991,226954.0,1.264,809.244999999999,390.12799999999953,,,,,0.009401,0.01,0.009401,0.01,37000.836,40840.792,36566.549,38843.529,3274.192000056297,461556.08200667775,7917.0,1780713.0,419.11699999999945,61700.845999999874
2020-06-27,9159.99,9195.75,8816.4,9008.0,237834.1299999093,118395.94999997207,421999,213486.0,1.2789,3324.436999999998,636.8079999999999,,,,,0.01,0.01,0.01,0.01,38843.529,42985.379,38843.529,41131.3,-1042.229999965144,460513.8520067126,4973.0,1785686.0,2687.628999999998,64388.474999999875
2020-06-28,9008.0,9188.0,8932.68,9114.0,153842.8909999306,81266.50899997834,312794,159106.0,1.2696,143.84400000000008,797.2089999999995,,,,,0.01,0.01,0.004867,0.004867,41131.3,42299.628,40365.381,41014.431,8690.127000026085,469203.97900673863,5418.0,1791104.0,-653.3649999999994,63735.10999999988
2020-06-29,9114.01,9233.0,9022.0,9189.48,176609.80199997223,92057.36899999033,324547,170282.0,1.2153,210.48200000000006,412.03799999999944,,,,,0.01,0.01,0.01,0.01,41014.431,43367.013,40732.341,40874.291,7504.936000008427,476708.91500674706,16017.0,1807121.0,-201.5559999999994,63533.55399999988
2020-06-30,9189.99,9205.0,9063.97,9138.87,142725.5529999579,67955.45699997133,262556,127790.0,1.1997,214.42199999999974,47.815000000000005,,,,,0.01,0.01,0.01,0.01,40874.291,42410.636,40780.626,41523.588,-6814.639000015246,469894.2760067318,-6976.0,1800145.0,166.60699999999974,63700.16099999988
2020-07-01,9138.88,9293.0,9090.0,9233.29,161642.18499997503,81634.13099998758,283184,141130.0,1.2085,75.05700000000002,477.9469999999997,,,,,0.01,0.01,0.01,0.01,41523.588,43519.843,41523.588,41536.881,1626.0770000001357,471520.35300673195,-924.0,1799221.0,-402.8899999999997,63297.27099999988
2020-07-02,9233.29,9262.99,8936.0,9087.72,230743.11700001833,107210.06399995873,405777,195323.0,1.0947,2237.2699999999954,212.62000000000052,,,,,0.01,0.01,0.01,0.01,41536.881,43287.429,40772.139,40887.087,-16322.989000100875,455197.3640066311,-15131.0,1784090.0,2024.6499999999949,65321.92099999987
2020-07-03,9087.72,9124.52,9036.06,9057.52,96947.33799998964,45864.437999993606,206303,98234.0,1.3946,160.09600000000026,13.967999999999993,,,,,0.01,0.01,0.01,0.01,40887.087,41358.868,40347.735,40677.765,-5218.46200000243,449978.90200662863,-9835.0,1774255.0,146.12800000000027,65468.04899999987
2020-07-04,9058.07,9194.0,9042.84,9137.18,100215.43799998048,50806.63999998945,187458,90484.0,1.3132,54.234000000000016,452.99500000000046,,,,,0.01,0.01,0.01,0.01,40677.765,41690.754,40369.131,40827.431,1397.841999998418,451376.74400662706,-6490.0,1767765.0,-398.7610000000004,65069.28799999987
2020-07-05,9137.18,9146.35,8900.0,9071.86,139545.56599999574,63262.06599996724,257509,123106.0,1.3256,1533.4770000000026,233.82399999999993,,,,,0.01,0.01,0.01,0.01,40827.431,43316.21,39465.162,40167.479,-13021.43400006125,438355.3100065658,-11297.0,1756468.0,1299.6530000000027,66368.94099999988
2020-07-06,9071.87,9379.0,9058.1,9339.6,199643.82800000784,111431.51699997115,333750,174293.0,1.3441,34.79600000000002,1164.535999999997,,,,,0.01,0.01,0.01,0.01,40167.479,42977.084,39852.792,42112.838,23219.205999934464,461574.5160065003,14836.0,1771304.0,-1129.739999999997,65239.20099999988
2020-07-07,9339.59,9380.0,9201.23,9258.51,127833.97499995364,66946.03399997173,249916,130363.0,0.9853,253.6569999999998,55.23300000000002,,,,,0.01,0.01,0.01,0.01,42112.838,42838.156,41700.081,42229.47,6058.092999989807,467632.6090064901,10810.0,1782114.0,198.4239999999998,65437.624999999876
2020-07-08,9258.51,9470.0,9233.47,9436.08,170243.00099994385,94717.2129999942,304387,160823.0,1.0194,47.707000000000015,1110.7579999999975,,,,,0.01,0.01,0.01,0.01,42229.47,44387.18,41409.896,44325.85,19191.425000044546,486824.0340065346,17259.0,1799373.0,-1063.0509999999974,64374.57399999988
2020-07-09,9436.08,9440.81,9164.33,9236.28,188355.85599990824,84271.82899998543,327247,156867.0,0.9968,1557.3819999999967,60.879999999999995,,,,,0.01,0.01,0.01,0.01,44325.85,44915.375,41643.624,41658.183,-19812.197999937373,467011.83600659727,-13513.0,1785860.0,1496.5019999999968,65871.07599999987
2020-07-10,9236.29,9317.24,9121.42,9288.39,140808.59499999412,66531.86299996868,255294,123036.0,1.2326,290.87099999999987,338.63700000000006,,,,,0.01,0.01,0.01,0.01,41658.183,42884.089,40954.164,40954.164,-7744.8690000567585,459266.9670065405,-9222.0,1776638.0,-47.76600000000019,65823.30999999987
2020-07-11,9288.39,9301.74,9178.91,9233.5,74976.52099996469,34905.922999997965,165429,78647.0,1.1772,114.87600000000002,15.643999999999995,,,,,0.01,0.01,0.01,0.01,40954.164,40984.172,39851.041,40785.783,-5164.67499996876,454102.2920065718,-8135.0,1768503.0,99.23200000000003,65922.54199999987
2020-07-12,9233.5,9349.0,9155.0,9300.69,127841.88199999325,62954.05499997283,221273,114478.0,1.1075,227.75400000000008,517.4589999999993,,,,,0.01,0.01,0.01,0.01,40785.783,41174.564,39662.07,40079.957,-1933.772000047582,452168.52000652417,7683.0,1776186.0,-289.7049999999992,65632.83699999987
2020-07-13,9300.7,9345.0,9200.0,9241.2,136117.65899996628,63188.05099997363,248630,120153.0,1.0916,238.74900000000005,102.79000000000006,,,,,0.01,0.01,0.01,0.01,40079.957,43316.92,40079.957,41638.64,-9741.557000019013,442426.96300650516,-8324.0,1767862.0,135.959,65768.79599999987
2020-07-14,9241.18,9279.0,9116.0,9254.17,129704.27799997707,61998.830999973914,231281,112143.0,1.1459,594.4519999999993,148.02500000000003,,,,,0.01,0.01,0.01,0.01,41638.64,43914.66,40405.589,40436.399,-5706.616000029244,436720.3470064759,-6995.0,1760867.0,446.4269999999993,66215.22299999987
2020-07-15,9254.17,9272.56,9156.0,9197.3,104107.70799997936,47547.12799999168,189400,90510.0,1.1772,155.53999999999994,23.653000000000002,,,,,0.01,0.01,0.01,0.01,40436.399,43024.262,40436.399,42279.82,-9013.451999996003,427706.8950064799,-8380.0,1752487.0,131.88699999999994,66347.10999999987
2020-07-16,9197.75,9223.0,9044.02,9132.0,148089.44999996095,67858.96599997938,259795,124190.0,1.2129,777.1720000000014,50.03300000000001,,,,,0.01,0.01,0.01,0.01,42279.82,47020.081,42279.82,44256.392,-12371.518000002194,415335.37700647773,-11415.0,1741072.0,727.1390000000014,67074.24899999987
2020-07-17,9132.0,9187.0,9087.0,9151.69,80940.58399998432,39063.85799999143,152207,73587.0,1.2533,6.006000000000001,90.33000000000003,,,,,0.01,0.01,0.01,0.01,44256.392,45495.424,44256.392,44709.639,-2812.8680000014574,412522.50900647626,-5033.0,1736039.0,-84.32400000000003,66989.92499999987
2020-07-18,9151.7,9210.0,9121.98,9171.8,63233.59599997044,32794.84000000019,125587,63906.0,1.1968,24.103000000000005,91.49799999999999,,,,,0.01,0.01,0.01,0.01,44709.639,44736.558,43174.729,43509.821,2356.084000029943,414878.5930065062,2225.0,1738264.0,-67.39499999999998,66922.52999999987
2020-07-19,9171.79,9239.59,9108.0,9210.51,75554.57899997052,38551.33799999783,142420,70553.0,1.1673,121.49900000000002,294.116,,,,,0.01,0.01,0.01,0.01,43509.821,44073.622,43175.05,43745.173,1548.09700002514,416426.69000653137,-1314.0,1736950.0,-172.61699999999996,66749.91299999987
2020-07-20,9210.68,9221.0,9131.01,9161.13,72429.69099997115,32696.934000001453,142908,67484.0,1.1395,106.75099999999999,14.296000000000001,,,,,0.01,0.01,0.01,0.01,43745.173,43948.886,42461.768,42467.004,-7035.822999968248,409390.8670065631,-7940.0,1729010.0,92.45499999999998,66842.36799999987
2020-07-21,9161.28,9439.6,9152.62,9388.01,178774.18499992415,92904.56799999095,307976,155399.0,1.1552,90.08200000000004,1273.0819999999947,,,,,0.01,0.01,0.01,0.01,42467.004,47796.556,42368.183,46443.801,7034.951000057743,416425.81800662086,2822.0,1731832.0,-1182.9999999999945,65659.36799999987
2020-07-22,9388.0,9543.0,9272.0,9518.25,126598.90200000693,65342.029999985854,238004,118338.0,1.0231,304.063,1364.8639999999994,,,,,0.01,0.01,0.01,0.01,46443.801,46734.975,43732.905,43811.78,4085.15799996478,420510.97600658564,-1328.0,1730504.0,-1060.8009999999995,64598.56699999987
2020-07-23,9518.25,9678.32,9439.86,9604.41,166984.05899986852,81457.15599997809,322474,159229.0,1.0678,207.458,1603.4129999999636,,,,,0.01,0.01,0.01,0.01,43811.78,45524.789,42823.492,42832.528,-4069.7469999123423,416441.2290066733,-4016.0,1726488.0,-1395.9549999999635,63202.61199999991
2020-07-24,9604.41,9650.0,9470.0,9539.7,133975.06799993353,63967.08799998071,287409,142223.0,1.1377,397.14299999999963,143.19100000000003,,,,,0.01,0.01,0.01,0.01,42832.528,43070.561,41530.215,42078.991,-6040.891999972111,410400.3370067012,-2963.0,1723525.0,253.9519999999996,63456.563999999904
2020-07-25,9539.7,9735.1,9526.31,9701.49,130751.70899994412,64739.20199998494,277740,140841.0,1.2046,25.266000000000005,579.5139999999994,,,,,0.01,0.01,0.01,0.01,42078.991,43392.088,40949.965,42518.326,-1273.3049999742361,409127.03200672695,3942.0,1727467.0,-554.2479999999995,62902.315999999904
2020-07-26,9701.54,10194.7,9655.2,9939.69,251248.3689997202,126999.17999999056,463015,232155.0,1.1805,715.4769999999979,3995.6040000000107,,,,,0.01,0.06543700000000001,0.01,0.06543700000000001,42518.326,43247.267,35898.238,37221.074,2749.991000260925,411877.0230069879,1295.0,1728762.0,-3280.1270000000127,59622.18899999989
2020-07-27,9939.68,11488.0,9928.61,11047.58,735053.0190006546,376379.4999998819,1324543,665284.0,1.2528,3382.0769999999957,10613.910000000202,,,,,0.047138,0.086993,0.047138,0.051888,37221.074,41245.037,36346.662,36418.82,17705.98099910922,429583.0040060971,6025.0,1734787.0,-7231.833000000206,52390.35599999968
2020-07-28,11047.58,11270.0,10580.0,10919.94,494004.6639997089,241540.41399995322,983601,491271.0,1.8249,2822.6989999999973,948.9339999999993,,,,,0.139484,0.139484,0.097576,0.097576,36418.82,38743.467,36026.205,36189.797,-10923.835999802453,418659.16800629464,-1059.0,1733728.0,1873.764999999998,54264.12099999968
2020-07-29,10919.94,11364.8,10844.34,11113.03,356163.4559999055,176797.06899997214,681998,343588.0,1.8082,1587.7819999999954,671.8429999999989,,,,,0.083621,0.083621,0.061856,0.061856,36189.797,39678.242,35916.363,38430.296,-2569.317999961204,416089.85000633344,5178.0,1738906.0,915.9389999999964,55180.05999999968
2020-07-30,11113.01,11195.52,10826.55,11111.96,230327.9879999529,111066.50799997913,457559,229075.0,1.9011,1167.276999999998,243.64700000000013,,,,,0.061759,0.072329,0.061759,0.069174,38430.296,39982.328,38064.086,38822.547,-8194.971999994625,407894.87800633884,591.0,1739497.0,923.6299999999978,56103.689999999675
2020-07-31,11111.97,11450.42,10971.78,11343.68,307388.7319998744,155717.65799994595,549739,276309.0,1.9265,493.8820000000002,762.5909999999985,,,,,0.08265399999999999,0.08265399999999999,0.037716,0.037716,38822.547,40892.467,37848.703,39433.917,4046.584000017494,411941.46200635633,2879.0,1742376.0,-268.70899999999835,55834.98099999968
2020-08-01,11341.44,11832.59,11201.0,11811.42,299394.12599982356,145591.3189999935,541303,270049.0,1.7473,788.6199999999989,1306.8409999999978,,,,,0.02791,0.048996,0.02791,0.048996,39433.917,41671.536,38520.53,40792.26,-8211.487999836565,403729.97400651977,-1205.0,1741171.0,-518.220999999999,55316.75999999968
2020-08-02,11811.43,12154.25,10670.64,11079.72,440665.2119995138,210857.34999985283,823952,407301.0,1.9762,7864.005000000078,1308.2969999999932,,,,,0.095567,0.095567,0.024752,0.024752,40792.26,42298.207,31039.464,31619.411,-18950.511999808135,384779.46200671163,-9350.0,1731821.0,6555.708000000085,61872.46799999977
2020-08-03,11080.7,11483.0,10923.0,11227.07,238537.68999983466,113538.5979999866,452868,221239.0,1.9078,928.890999999998,240.04600000000002,,,,,0.025849999999999998,0.045929,0.025849999999999998,0.043731,31619.411,33709.881,31254.995,31995.671,-11460.493999861472,373318.96800685016,-10390.0,1721431.0,688.844999999998,62561.31299999977
2020-08-04,11227.07,11427.38,11025.0,11200.05,200044.9339998991,91250.17299998253,394263,191066.0,1.8482,838.7429999999993,135.6020000000001,,,,,0.031113000000000002,0.038617000000000005,0.030646999999999997,0.038617000000000005,31995.671,33818.866,30920.708,32424.759,-17544.58799993404,355774.3800069161,-12131.0,1709300.0,703.1409999999992,63264.453999999765
2020-08-05,11200.06,11798.56,11103.0,11752.5,262097.99699980466,127076.94599999991,487679,241852.0,1.8106,688.0869999999993,814.7539999999949,,,,,0.013898,0.022044,0.013898,0.022044,32424.759,36144.663,32236.975,35162.382,-7944.10499980484,347830.27500711125,-3975.0,1705325.0,-126.6669999999956,63137.78699999977
2020-08-06,11752.5,11916.02,11571.78,11770.56,235762.62899990825,109851.94799998894,442484,214115.0,1.4894,942.5319999999991,330.75299999999953,,,,,0.038867,0.038867,0.036099,0.036099,35162.382,38226.447,35074.352,36332.139,-16058.732999930362,331771.54200718086,-14254.0,1691071.0,611.7789999999995,63749.56599999977
2020-08-07,11769.97,11920.0,11318.93,11596.06,257816.69699993767,120575.84399996792,516588,254574.0,1.531,1541.5259999999957,153.1760000000001,,,,,0.031707,0.031707,0.021201,0.023934,36332.139,36800.231,32464.177,32478.47,-16665.00900000181,315106.53300717904,-7440.0,1683631.0,1388.3499999999956,65137.91599999977
2020-08-08,11596.26,11819.0,11513.69,11765.72,154707.30299995176,73299.63499997855,341421,168897.0,1.633,355.2269999999997,274.2559999999995,,,,,0.01,0.01,0.01,0.01,32478.47,35464.31,32397.196,33776.599,-8108.03299999467,306998.50000718434,-3627.0,1680004.0,80.97100000000017,65218.88699999977
2020-08-09,11765.72,11811.0,11526.9,11685.99,125463.46299997915,58963.65499997551,294190,143093.0,1.5674,406.57999999999987,87.41200000000002,,,,,0.01,0.021065999999999998,0.01,0.014574,33776.599,35748.875,33776.599,34695.239,-7536.153000028135,299462.34700715623,-8004.0,1672000.0,319.16799999999984,65538.05499999977
2020-08-10,11685.99,12100.0,11455.0,11896.89,271969.4499998031,129923.29499999214,522419,257510.0,1.6385,1241.8759999999982,1057.8120000000004,,,,,0.01,0.131898,0.01,0.030218,34695.239,38686.11,33793.71,34501.287,-12122.85999981883,287339.4870073374,-7399.0,1664601.0,184.0639999999978,65722.11899999977
2020-08-11,11896.86,11944.0,11127.0,11392.64,314278.03399976756,146996.64599995821,626170,309332.0,1.727,2779.7409999999977,312.77199999999993,,,,,0.013371999999999998,0.059816,0.013371999999999998,0.059816,34501.287,38839.051,34165.481,36216.567,-20284.741999851132,267054.74500748626,-7506.0,1657095.0,2466.968999999998,68189.08799999977
2020-08-12,11392.64,11630.0,11140.0,11568.36,212052.3129999009,101601.47599999126,444201,221818.0,1.9455,348.7680000000001,251.18600000000012,,,,,0.01,0.01,0.01,0.01,36216.567,37496.546,35601.849,35675.149,-8849.360999918368,258205.3840075679,-565.0,1656530.0,97.58199999999997,68286.66999999977
2020-08-13,11568.37,11798.0,11272.0,11790.0,236879.59899978322,113054.11500000316,519510,254364.0,1.6406,665.177999999999,449.9699999999999,,,,,0.01,0.01,0.01,0.01,35675.149,36159.173,34311.645,34683.548,-10771.368999776896,247434.015007791,-10782.0,1645748.0,215.20799999999906,68501.87799999976
2020-08-14,11790.0,11868.42,11644.6,11767.89,158203.89999996126,75173.14199998423,350742,167254.0,1.7442,225.8929999999999,182.80700000000013,,,,,0.017598,0.044038,0.017598,0.027433,34683.548,35141.339,33884.778,33884.778,-7857.615999992791,239576.3990077982,-16234.0,1629514.0,43.08599999999976,68544.96399999976
2020-08-15,11767.89,11993.58,11682.0,11859.04,222262.98699984446,105834.03500000137,455651,223698.0,1.7159,825.5939999999989,338.8849999999995,,,,,0.01,0.03665,0.01,0.021904,33884.778,37004.243,33884.778,35022.242,-10594.91699984172,228981.48200795648,-8255.0,1621259.0,486.70899999999943,69031.67299999976
2020-08-16,11858.91,11945.0,11688.0,11921.23,163324.7199999676,75239.45799996945,351308,169526.0,1.6157,248.75500000000025,100.62300000000003,,,,,0.01564,0.048777,0.01564,0.031523999999999996,35022.242,36012.696,34668.815,35487.662,-12845.8040000287,216135.67800792778,-12256.0,1609003.0,148.13200000000023,69179.80499999976
2020-08-17,11921.32,12499.42,11780.0,12298.06,313775.1779997135,151606.348000004,642039,312840.0,1.5253,860.9029999999984,1451.226999999999,,,,,0.026342,0.08576,0.026342,0.08576,35487.662,37501.325,34782.292,36217.922,-10562.481999705487,205573.1960082223,-16359.0,1592644.0,-590.3240000000005,68589.48099999977
2020-08-18,12298.06,12403.0,11810.0,11960.79,291090.4249998953,132594.28299999028,590730,285812.0,1.6316,2143.7399999999966,126.49200000000003,,,,,0.11990499999999998,0.11990499999999998,0.078206,0.10015600000000001,36217.922,39316.344,36217.922,37913.186,-25901.858999914723,179671.33700830757,-19106.0,1573538.0,2017.2479999999966,70606.72899999976
2020-08-19,11962.03,12037.05,11574.78,11763.87,312108.0659998201,148147.76599998283,610745,300723.0,2.0166,2377.58299999999,168.07899999999998,,,,,0.077293,0.077293,0.024051000000000003,0.024051000000000003,37913.186,38825.587,36151.41,36233.194,-15812.533999854408,163858.80300845316,-9299.0,1564239.0,2209.50399999999,72816.23299999975
2020-08-20,11763.88,11888.0,11676.03,11857.92,130981.04399998767,61692.13299996496,309582,149658.0,1.9878,60.57900000000003,87.373,,,,,0.024189,0.024189,0.01159,0.018281,36233.194,36528.414,35452.456,35452.456,-7596.778000057748,156262.02500839543,-10266.0,1553973.0,-26.793999999999976,72789.43899999975
2020-08-21,11858.53,11882.68,11491.0,11538.53,195060.37899988313,88189.9989999722,432783,207796.0,1.942,1052.2329999999993,88.29600000000003,,,,,0.01,0.01,0.01,0.01,35452.456,35563.245,34160.917,34286.081,-18680.38099993873,137581.6440084567,-17191.0,1536782.0,963.9369999999992,73753.37599999976
2020-08-22,11538.53,11689.08,11385.06,11670.47,126696.34499997487,58241.05799996652,297820,144467.0,1.8289,453.748999999999,177.24900000000008,,,,,0.01,0.01,0.01,0.01,34286.081,34626.095,33371.425,33371.425,-10214.229000041829,127367.41500841487,-8886.0,1527896.0,276.4999999999989,74029.87599999976
2020-08-23,11670.48,11724.0,11522.15,11654.0,95608.03299998632,45109.88399998179,236667,114413.0,1.7034,134.30099999999993,114.89900000000006,,,,,0.01,0.01,0.01,0.01,33371.425,34468.984,33201.298,33579.254,-5388.265000022744,121979.15000839213,-7841.0,1520055.0,19.401999999999873,74049.27799999976
2020-08-24,11654.0,11831.96,11595.0,11753.3,108612.00099996995,51376.66299997875,255811,125688.0,1.7809,79.54199999999994,97.01800000000006,,,,,0.01,0.01,0.01,0.01,33579.254,35616.182,33011.812,35208.234,-5858.675000012459,116120.47500837967,-4435.0,1515620.0,-17.476000000000113,74031.80199999976
2020-08-25,11753.29,11770.0,11130.0,11327.17,267234.77099981357,121453.9629999857,490345,232950.0,1.7716,2662.4730000000036,132.11800000000008,,,,,0.01,0.04258,0.01,0.04258,35208.234,39569.29,34736.061,37432.249,-24326.84499984217,91793.6300085375,-24445.0,1491175.0,2530.3550000000037,76562.15699999977
2020-08-26,11327.18,11548.68,11255.95,11466.22,170305.0239998851,82683.83799999375,333491,163306.0,1.7465,219.37299999999996,368.8069999999995,,,,,0.023316,0.023316,0.01,0.013038000000000001,37432.249,38171.602,35137.521,35285.892,-4937.347999897611,86856.28200863989,-6879.0,1484296.0,-149.43399999999954,76412.72299999978
2020-08-27,11466.22,11593.0,11130.82,11335.53,229761.5979998688,110783.17099998977,438135,213991.0,1.5145,739.0149999999994,484.89399999999995,,,,,0.01,0.01,0.01,0.01,35285.892,37251.228,34450.468,36045.965,-8195.255999889254,78661.02600875063,-10153.0,1474143.0,254.12099999999947,76666.84399999978
2020-08-28,11335.83,11544.88,11283.19,11526.85,121653.78999996981,60672.317999981475,277836,140907.0,1.5465,23.64300000000001,168.84100000000012,,,,,0.01,0.01,0.01,0.01,36045.965,37443.5,35352.717,36564.101,-309.1540000068635,78351.87200874377,3978.0,1478121.0,-145.19800000000012,76521.64599999978
2020-08-29,11526.85,11582.0,11419.34,11466.66,82398.22699997996,38473.26699999098,193325,95189.0,1.3223,64.53200000000005,69.80299999999997,,,,,0.01,0.01,0.01,0.01,36564.101,37306.831,36462.805,36649.486,-5451.692999998006,72900.17900874576,-2947.0,1475174.0,-5.2709999999999155,76516.37499999978
2020-08-30,11466.27,11724.12,11457.88,11714.14,113241.34999997316,56819.10999997849,230510,115219.0,1.3403,71.62099999999998,491.4869999999997,,,,,0.01,0.01,0.01,0.01,36649.486,38296.44,35842.966,37337.149,396.86999998382817,73297.04900872959,-72.0,1475102.0,-419.8659999999997,76096.50899999979
2020-08-31,11714.13,11784.21,11575.78,11658.11,126973.08900000871,60080.74499997556,254400,124441.0,1.3641,207.96500000000023,192.81700000000004,,,,,0.01,0.015461,0.01,0.015461,37337.149,39315.354,37030.387,39158.456,-6811.599000057584,66485.450008672,-5518.0,1469584.0,15.148000000000195,76111.65699999979
2020-09-01,11658.11,12061.07,11531.34,11930.18,211607.15899992164,104395.86699999325,367162,184575.0,1.3574,521.672,613.1620000000003,,,,,0.01,0.04686,0.01,0.04686,39158.456,41026.363,38306.951,39828.798,-2815.424999935145,63670.02500873686,1988.0,1471572.0,-91.49000000000024,76020.16699999978
2020-09-02,11930.17,11961.0,11166.84,11396.96,243038.57699986993,111582.05699999987,436081,210926.0,1.3288,1824.2950000000137,169.984,,,,,0.032895,0.045038,0.032895,0.045038,39828.798,39828.798,34695.299,37102.61,-19874.46299987017,43795.56200886669,-14229.0,1457343.0,1654.3110000000138,77674.4779999998
2020-09-03,11396.44,11475.0,9901.16,10141.08,413614.6499999035,192430.29299986057,701641,343598.0,1.8401,4881.528000000034,466.6309999999995,,,,,0.021394,0.024709,0.016828,0.024709,37102.61,38241.156,29644.709,30105.361,-28754.064000182378,15041.498008684313,-14445.0,1442898.0,4414.8970000000345,82089.37499999984
2020-09-04,10141.4,10635.77,9882.0,10448.0,393090.7119997459,190589.83199987115,711227,346606.0,1.742,1477.9229999999977,1037.1879999999999,,,,,0.01,0.01,0.01,0.01,30105.361,34453.541,30105.361,31703.31,-11911.048000003619,3130.4500086806947,-18015.0,1424883.0,440.73499999999785,82530.10999999984
2020-09-05,10448.0,10567.87,9808.58,10168.71,399265.17099963047,183257.77899984826,878297,417242.0,1.3941,1655.6329999999957,1069.4819999999984,,,,,0.01,0.01,0.01,0.01,31703.31,34253.136,31485.88,32293.606,-32749.612999933946,-29619.16299125325,-43813.0,1381070.0,586.1509999999973,83116.26099999984
2020-09-06,10168.23,10348.97,10003.0,10258.13,175880.97599988175,79608.72899996949,422398,199334.0,1.4795,241.19299999999993,321.2249999999996,,,,,0.01,0.01,0.01,0.01,32293.606,33849.496,32141.739,33547.35,-16663.517999942764,-46282.680991196015,-23730.0,1357340.0,-80.0319999999997,83036.22899999983
2020-09-07,10258.13,10420.55,9879.68,10378.76,258476.94899970997,121049.24599996793,569554,273689.0,1.613,642.0409999999985,899.7209999999993,,,,,0.01,0.01,0.01,0.01,33547.35,36419.718,33531.873,34369.884,-16378.456999774135,-62661.13799097015,-22176.0,1335164.0,-257.68000000000086,82778.54899999982
2020-09-08,10379.3,10443.79,9842.01,10129.02,317802.32199968986,150366.64499993788,684743,332607.0,1.5082,1354.8359999999966,758.6729999999998,,,,,0.01,0.01,0.01,0.01,34369.884,38151.78,34052.341,35042.757,-17069.03199981409,-79730.16999078424,-19529.0,1315635.0,596.1629999999968,83374.71199999982
2020-09-09,10130.0,10346.0,9981.13,10219.29,150365.90399991837,71678.49399996958,335135,164383.0,1.6846,116.79500000000004,416.8889999999997,,,,,0.01,0.01,0.01,0.01,35042.757,36145.76,34689.677,34964.064,-7008.915999979217,-86739.08599076346,-6369.0,1309266.0,-300.0939999999997,83074.61799999983
2020-09-10,10219.29,10484.6,10211.67,10335.91,187667.87299985983,87283.38599997424,370611,178259.0,1.3261,204.00999999999976,548.2439999999999,,,,,0.01,0.01,0.01,0.01,34964.064,35560.188,34347.831,34532.563,-13101.100999911345,-99840.1869906748,-14093.0,1295173.0,-344.23400000000015,82730.38399999983
2020-09-11,10335.91,10397.85,10200.8,10387.81,135929.30299998625,64281.516999951775,275336,136225.0,1.442,89.09300000000002,160.13099999999997,,,,,0.01,0.01,0.01,0.01,34445.462,35852.995,34265.506,34328.786,-7366.269000082706,-107206.4559907575,-2886.0,1292287.0,-71.03799999999995,82659.34599999983
2020-09-12,10387.81,10477.7,10271.0,10438.28,97405.02099997127,47959.63999998826,222864,110340.0,1.4254,85.12100000000005,250.078,,,,,0.01,0.01,0.01,0.01,34328.786,34542.974,33199.818,34063.278,-1485.7409999947413,-108692.19699075224,-2184.0,1290103.0,-164.95699999999994,82494.38899999984
2020-09-13,10438.29,10580.0,10209.01,10327.72,159021.84299996108,79370.11499995946,301886,149645.0,1.3073,693.8119999999997,408.4189999999995,,,,,0.01,0.01,0.01,0.01,34063.278,35475.425,32764.953,34397.591,-281.61300004215445,-108973.8099907944,-2596.0,1287507.0,285.39300000000014,82779.78199999983
2020-09-14,10327.72,10746.06,10241.57,10664.1,193927.33799992333,108246.69099999839,369987,190893.0,1.337,136.229,843.8399999999983,,,,,0.01,0.01,0.000868,0.000868,34397.591,35189.132,33061.672,33928.763,22566.044000073452,-86407.76599072095,11799.0,1299306.0,-707.6109999999983,82072.17099999983
2020-09-15,10664.1,10923.42,10592.0,10776.78,247645.3429999375,131330.17799999,426894,214892.0,1.1066,452.8249999999997,691.794999999997,,,,,-0.022269999999999998,-0.002796,-0.022269999999999998,-0.005156,33928.763,35528.639,33247.199,34456.964,15015.013000042498,-71392.75299067845,2890.0,1302196.0,-238.9699999999973,81833.20099999983
2020-09-16,10776.88,11089.08,10661.9,10948.17,252584.13499994218,136029.8299999628,467457,237798.0,1.111,223.33499999999995,657.4329999999995,,,,,-0.011181,-0.001488,-0.011181,-0.0031980000000000003,34456.964,38017.391,33978.696,36395.128,19475.524999983405,-51917.22799069504,8139.0,1310335.0,-434.0979999999996,81399.10299999983
2020-09-17,10948.16,11040.0,10740.0,10935.33,186307.88699993206,95939.39099998043,354735,182684.0,1.0756,369.63399999999973,293.94899999999984,,,,,-0.000563,0.002957,-0.000563,9.8e-05,36395.128,36560.003,34182.982,34491.701,5570.895000028802,-46346.33299066624,10633.0,1320968.0,75.68499999999989,81474.78799999983
2020-09-18,10935.97,11035.0,10810.1,10926.29,136000.67699997016,70112.9289999799,286630,145035.0,1.1468,226.03500000000008,150.2060000000001,,,,,0.009425,0.009425,0.004967,0.004967,34491.701,35157.591,34044.672,34155.285,4225.180999989621,-42121.15199067662,3440.0,1324408.0,75.82899999999998,81550.61699999982
2020-09-19,10926.3,11177.0,10880.0,11073.74,126239.23200000687,66707.1259999704,282195,140782.0,1.1155,74.49699999999997,546.5889999999991,,,,,-0.01155,-0.005749,-0.01155,-0.005749,34155.285,36634.541,34127.953,36131.285,7175.019999933938,-34946.13199074268,-631.0,1323777.0,-472.0919999999992,81078.52499999982
2020-09-20,11073.2,11073.9,10751.0,10914.28,150450.5619999252,75724.63099997005,304660,153083.0,1.1478,733.262,98.29899999999999,,,,,-0.006476,-0.006476,-0.011198,-0.006625,36131.285,36926.971,34810.264,36521.658,998.7000000148837,-33947.4319907278,1506.0,1325283.0,634.963,81713.48799999982
2020-09-21,10915.52,10980.69,10281.0,10414.73,333047.14599993505,164716.12499992282,558055,282250.0,1.0764,2157.3260000000005,256.4819999999999,,,,,-0.0075060000000000005,0.01,-0.012071,0.01,36521.658,38138.197,34799.383,37486.398,-3614.896000089415,-37562.32799081721,6445.0,1331728.0,1900.8440000000005,83614.33199999982
2020-09-22,10414.74,10574.08,10353.1,10523.32,179753.99299987883,93427.53599998952,334299,168962.0,1.0421,140.44999999999996,231.78900000000016,,,,,0.01,0.01,0.01,0.01,37486.398,39534.454,37359.21,37938.654,7101.079000100202,-30461.24899071701,3625.0,1335353.0,-91.3390000000002,83522.99299999981
2020-09-23,10523.32,10531.94,10132.21,10237.91,198146.14799998872,99845.8979999764,364046,182781.0,1.0907,1069.0069999999992,125.962,,,,,0.004321,0.004321,-0.005506,-0.005506,37938.654,41001.469,37938.654,40803.23,1545.6479999640724,-28915.600990752937,1516.0,1336869.0,943.0449999999992,84466.03799999981
2020-09-24,10237.91,10837.27,10191.0,10724.92,234062.80099993647,132657.20899998298,418568,215893.0,1.0198,47.04700000000001,2330.6040000000066,,,,,0.003817,0.006991,0.001182,0.001182,40803.23,41072.343,36696.624,37031.028,31251.61700002948,2336.0160092765436,13218.0,1350087.0,-2283.5570000000066,82182.48099999981
2020-09-25,10724.91,10754.29,10551.56,10683.51,166363.39599992114,86023.61699997724,348488,174986.0,0.9643,208.26100000000002,223.045,,,,,-0.023219,0.01,-0.023219,0.01,37031.028,37446.193,35876.147,36719.759,5683.838000033342,8019.854009309885,1484.0,1351571.0,-14.783999999999963,82167.69699999981
2020-09-26,10683.5,10827.8,10642.23,10726.5,106518.25999999646,57629.620999950144,271370,140096.0,1.0509,42.01600000000003,340.8800000000003,,,,,0.01,0.01,0.01,0.01,36719.759,38546.096,36551.557,37756.06,8740.98199990383,16760.836009213715,8822.0,1360393.0,-298.86400000000026,81868.83299999981
2020-09-27,10726.5,10793.5,10584.0,10768.0,119180.06399998505,61280.813999965954,263007,130800.0,1.0725,297.0299999999997,224.27400000000026,,,,,0.01,0.01,0.01,0.01,37756.06,38174.282,36249.658,37514.69,3381.563999946855,20142.40000916057,-1407.0,1358986.0,72.75599999999943,81941.5889999998
2020-09-28,10768.0,11024.0,10627.7,10691.45,182054.5659998329,95055.48099998904,342358,169707.0,1.0012,564.0929999999998,871.3040000000027,,,,,0.01,0.01,0.01,0.01,37514.69,37514.69,33029.358,33029.358,8056.396000145178,28198.796009305748,-2944.0,1356042.0,-307.21100000000285,81634.37799999981
2020-09-29,10691.94,10863.94,10631.49,10836.98,145428.12599994004,76861.45099996788,301510,155944.0,1.1079,160.71299999999994,209.673,,,,,0.01,0.01,0.01,0.01,33029.358,35933.653,33029.358,35270.329,8294.775999995734,36493.57200930148,10378.0,1366420.0,-48.960000000000065,81585.4179999998
2020-09-30,10836.99,10845.99,10660.05,10773.0,132834.1159999773,68683.6039999666,284858,143225.0,1.053,148.65000000000003,58.91900000000002,,,,,0.01,0.01,0.01,0.01,35270.329,36553.842,34728.706,35854.235,4533.091999955883,41026.664009257365,1592.0,1368012.0,89.73100000000002,81675.1489999998
2020-10-01,10773.0,10935.14,10442.0,10612.63,253619.62199993336,130468.05299999502,445526,223090.0,1.0886,1171.4859999999985,517.7359999999994,,,,,0.007412,0.01,0.007412,0.01,35854.235,36973.333,35142.217,35775.357,7316.484000056691,48343.148009314056,654.0,1368666.0,653.7499999999991,82328.8989999998
2020-10-02,10612.62,10660.0,10371.03,10565.15,224747.03699976072,113926.06500001707,422494,219950.0,1.1993,496.15599999999887,437.50900000000007,,,,,-0.000263,0.01,-0.001652,0.01,35775.357,38521.897,35377.291,37189.151,3105.093000273424,51448.24100958748,17406.0,1386072.0,58.6469999999988,82387.5459999998
2020-10-03,10565.44,10596.0,10491.11,10537.96,76315.91099993914,40622.781999975225,225469,109535.0,1.1801,32.188,57.26000000000001,,,,,0.01,0.01,0.009749,0.009749,37189.151,37925.446,37089.07,37435.494,4929.6530000113125,56377.89400959879,-6399.0,1379673.0,-25.07200000000001,82362.4739999998
2020-10-04,10537.96,10694.0,10514.0,10660.16,90912.10499993146,50394.85499998451,250257,125169.0,1.1683,13.536999999999995,312.8920000000001,,,,,-0.002144,0.005039,-0.002144,-0.0007559999999999999,37435.494,37666.017,36726.171,37259.059,9877.605000037569,66255.49900963636,81.0,1379754.0,-299.35500000000013,82063.1189999998
2020-10-05,10660.16,10792.0,10608.9,10785.0,130589.13699999542,70197.41099995738,306089,150373.0,1.1133,41.08300000000001,468.7099999999996,,,,,-0.0033810000000000003,-0.0033810000000000003,-0.009143,-0.006912000000000001,37259.059,39689.832,36766.485,39676.6,9805.684999919351,76061.18400955571,-5343.0,1374411.0,-427.62699999999955,81635.49199999981
2020-10-06,10784.99,10792.0,10510.66,10593.65,184895.2499999215,90311.66899998634,368051,180229.0,0.9802,548.2759999999995,98.076,,,,,-0.000126,0.006937,-0.008313,0.006937,39676.6,40947.024,37246.269,37246.269,-4271.9119999488175,71789.2720096069,-7593.0,1366818.0,450.1999999999995,82085.6919999998
2020-10-07,10593.65,10675.0,10540.29,10658.75,106700.5219999577,55471.501999963926,259652,133311.0,0.9869,21.929000000000002,94.99800000000005,,,,,0.0005110000000000001,0.001553,-0.0008579999999999999,0.001553,37246.269,38536.443,37147.526,37979.699,4242.481999970158,76031.75400957705,6970.0,1373788.0,-73.06900000000005,82012.6229999998
2020-10-08,10658.75,10958.0,10523.0,10919.45,207938.8609997753,110601.01400001434,389364,197440.0,1.0044,168.4479999999999,1304.8999999999967,,,,,0.002693,0.008856000000000001,0.002693,0.008856000000000001,37979.699,41003.04,37542.659,38759.733,13263.167000253394,89294.92100983045,5516.0,1379304.0,-1136.4519999999968,80876.17099999981
2020-10-09,10919.45,11110.0,10818.44,11050.47,154312.51499991672,79004.93499998875,312652,148993.0,1.1066,45.55600000000001,749.7699999999967,,,,,0.006128,0.01,0.006128,0.01,38759.733,39585.602,37406.338,39058.216,3697.3550000607793,92992.27600989123,-14666.0,1364638.0,-704.2139999999966,80171.95699999982
2020-10-10,11050.46,11494.0,11050.46,11294.79,199398.01199983413,98369.05399998963,375777,190225.0,1.1119,416.2689999999996,3290.645000000044,,,,,0.01,0.01,0.01,0.01,39058.216,39640.774,36562.696,38433.078,-2659.9039998548687,90332.37201003636,4673.0,1369311.0,-2874.3760000000443,77297.58099999977
2020-10-11,11294.78,11450.73,11273.77,11369.59,146323.07599998167,70072.32899997973,299046,138653.0,1.331,196.14599999999996,199.2689999999999,,,,,0.01,0.01,0.01,0.01,38433.078,40117.346,37988.333,39380.026,-6178.418000022211,84153.95401001415,-21740.0,1347571.0,-3.1229999999999336,77294.45799999977
2020-10-12,11369.59,11732.0,11157.0,11530.36,253777.53099985578,123334.6390000113,418720,201625.0,1.3574,1096.2769999999994,1601.7179999999878,,,,,0.01,0.01,0.01,0.01,39380.026,40043.682,37339.589,37397.659,-7108.252999833174,77045.70101018097,-15470.0,1332101.0,-505.44099999998843,76789.01699999977
2020-10-13,11530.37,11562.0,11308.0,11419.36,199079.9949998746,95516.47499999954,369685,186797.0,1.331,733.945999999999,75.23400000000002,,,,,0.01,0.01,0.01,0.01,37397.659,37773.37,36453.44,37223.591,-8047.044999875507,68998.65601030547,3909.0,1336010.0,658.711999999999,77447.72899999977
2020-10-14,11419.36,11550.0,11280.5,11417.13,192916.75999987955,93290.58100000191,353907,179204.0,1.3889,412.864,234.00599999999997,,,,,0.01,0.01,0.01,0.01,37223.591,38286.24,36213.94,36213.94,-6335.597999875725,62663.05801042974,4501.0,1340511.0,178.858,77626.58699999977
2020-10-15,11417.12,11649.48,11250.0,11502.0,215243.10099982648,114738.8599999916,408818,216357.0,1.3294,274.3359999999999,589.4009999999994,,,,,0.01,0.01,0.01,0.01,36213.94,38237.604,35894.412,36740.182,14234.61900015673,76897.67701058647,23896.0,1364407.0,-315.0649999999995,77311.52199999976
2020-10-16,11502.0,11538.92,11175.0,11318.92,212309.18999977747,98711.93899998575,382180,190371.0,1.2573,842.9589999999986,77.97999999999996,,,,,0.01,0.01,0.01,0.01,36740.182,39176.588,36658.12,37686.229,-14885.31199980597,62012.3650107805,-1438.0,1362969.0,764.9789999999987,78076.50099999976
2020-10-17,11319.51,11424.09,11250.0,11356.25,95892.96599998405,48001.371999969066,229687,118467.0,1.3889,111.41700000000003,56.87599999999998,,,,,0.01,0.01,0.01,0.01,37686.229,38434.2,36608.074,36754.962,109.77799995407986,62122.14301073458,7247.0,1370216.0,54.54100000000005,78131.04199999975
2020-10-18,11356.25,11529.93,11342.54,11501.1,92472.1909999652,50893.73099997799,222704,111402.0,1.3714,2.6450000000000005,223.28899999999967,,,,,0.01,0.01,0.01,0.01,36754.962,38385.092,36132.833,38385.092,9315.270999990782,71437.41401072536,100.0,1370316.0,-220.64399999999966,77910.39799999975
2020-10-19,11501.5,11830.0,11404.01,11745.0,230148.82699983253,121290.36800000248,408229,204108.0,1.2589,131.456,1385.01,,,,,0.01,0.01,0.01,0.01,38385.092,41697.671,37714.002,41288.754,12431.909000172425,83869.32301089779,-13.0,1370303.0,-1253.554,76656.84399999975
2020-10-20,11744.99,12045.78,11673.0,11900.03,312803.87099965976,160448.6229999234,554026,279239.0,1.2346,450.7119999999994,1433.2449999999942,,,,,0.01,0.01,0.0037419999999999997,0.0037419999999999997,41288.754,45944.956,41178.981,45213.395,8093.375000187021,91962.69801108481,4452.0,1374755.0,-982.5329999999948,75674.31099999975
2020-10-21,11900.03,13240.0,11876.0,12796.07,591398.2610000952,305572.8079998414,1068727,548272.0,0.9361,2390.2399999999957,8903.480000000072,,,,,0.002291,0.01,0.002291,0.01,45213.395,48887.691,44456.735,44827.305,19747.35499958764,111710.05301067245,27817.0,1402572.0,-6513.240000000076,69161.07099999968
2020-10-22,12796.06,13188.27,12675.5,12968.87,343336.07499968656,162630.91799998275,658335,324061.0,1.4384,844.5490000000002,449.87899999999865,,,,,0.01,0.01,0.01,0.01,44827.305,46934.02,44293.07,46354.313,-18074.23899972107,93635.81401095138,-10213.0,1392359.0,394.67000000000155,69555.74099999967
2020-10-23,12970.39,13043.0,12725.04,12925.82,237040.94599983608,112051.39999999154,443010,211996.0,1.3759,843.6110000000006,164.35799999999995,0.01,0.01,0.01,0.01,0.01,0.01,0.01,0.01,46354.313,49480.337,45891.777,46616.762,-12938.145999853004,80697.66801109837,-19018.0,1373341.0,679.2530000000006,70234.99399999967
2020-10-24,12925.82,13177.59,12871.07,13110.88,176146.62999985536,87149.40000000174,394437,195688.0,1.2983,237.23900000000003,434.85699999999986,0.01,0.01,0.01,0.01,0.01,0.01,0.01,0.01,46616.762,49824.469,46418.571,48772.619,-1847.8299998518778,78849.8380112465,-3061.0,1370280.0,-197.61799999999982,70037.37599999967
2020-10-25,13110.88,13369.0,12715.0,13023.81,206012.65199974188,100425.3080000031,445256,225110.0,1.3202,1339.9229999999982,917.0120000000011,0.01,0.01,0.01,0.01,0.01,0.01,0.01,0.01,48772.619,49108.976,43815.698,44295.602,-5162.035999735672,73687.80201151082,4964.0,1375244.0,422.9109999999971,70460.28699999966
2020-10-26,13024.21,13240.0,12729.0,13047.24,316503.2959996763,157389.76399996472,578741,298989.0,1.3436,1294.1129999999973,352.0909999999997,0.01,0.01,0.00932,0.009355,0.01,0.01,0.01,0.01,44295.602,48323.22,44068.741,44469.952,-1723.7679997468367,71964.03401176399,19237.0,1394481.0,942.0219999999977,71402.30899999966
2020-10-27,13047.24,13787.83,13041.3,13629.38,374912.5749995981,194607.41699995252,658275,342067.0,1.2967,317.3189999999996,2069.5009999999947,0.009274,0.01,0.003344,0.003738,0.009274,0.01,0.006127,0.01,44469.952,51108.233,44377.967,47658.23,14302.259000306949,86266.29301207094,25859.0,1420340.0,-1752.1819999999952,69650.12699999966
2020-10-28,13629.89,13863.0,12876.0,13256.17,476993.7579993826,233144.4539998735,864069,433711.0,1.2012,2838.431000000004,613.8279999999996,0.003725,0.01,-0.026049,-0.026049,0.003725,0.01,0.003725,0.01,47658.23,47658.23,41844.137,42091.73,-10704.849999635597,75561.44301243534,3353.0,1423693.0,2224.6030000000046,71874.72999999966
2020-10-29,13255.79,13637.22,12965.0,13446.65,347119.8219995975,177329.7389999481,635381,327913.0,1.4907,549.974999999999,822.262999999998,-0.026006,0.001503,-0.031988,-0.015228,-0.026006,-0.003189,-0.026006,-0.003189,42091.73,47869.707,41647.895,45634.242,7539.656000298739,83101.09901273408,20445.0,1444138.0,-272.287999999999,71602.44199999966
2020-10-30,13446.65,13665.65,13100.0,13549.12,336314.54599963897,170522.50399994742,628211,314219.0,1.12,623.336999999999,692.7749999999969,-0.015268,0.001392,-0.024834,-0.024805,-0.015268,-0.000968,-0.015268,-0.013414,45634.242,47717.195,44067.298,47564.662,4730.46200025588,87831.56101298996,227.0,1444365.0,-69.43799999999794,71533.00399999967
2020-10-31,13549.12,14140.0,13403.36,13783.73,357853.22999940097,182804.8379998755,729908,368223.0,1.1004,1078.4199999999967,2250.4269999999974,-0.024694,0.009687,-0.024716,-0.006441,-0.024694,0.009204,-0.024694,0.009204,47564.662,49567.276,46360.934,49567.276,7756.446000350057,95588.00701334001,6538.0,1450903.0,-1172.0070000000007,70360.99699999967
2020-11-01,13783.73,13891.52,13605.9,13752.86,198395.23099985239,97711.343999971,443598,228870.0,1.1213,351.81100000000004,143.71700000000004,-0.006386,0.01,-0.008213,0.007941,-0.006386,-0.004096,-0.006386,-0.005043,49567.276,50388.457,48729.284,49394.796,-2972.5429999103944,92615.46401342962,14142.0,1465045.0,208.094,70569.09099999967
2020-11-02,13752.87,13823.75,13195.0,13540.54,327978.3639996206,161893.5899999398,646779,319740.0,1.2267,1561.221999999996,400.2120000000002,0.007881,0.01,-0.016993,-0.016992,0.007881,0.008717,-0.003275,0.008717,49394.796,49676.679,47591.396,47921.917,-4191.183999740984,88424.28001368864,-7299.0,1457746.0,1161.0099999999957,71730.10099999966
2020-11-03,13541.55,14070.0,13276.33,14016.55,348140.58699954825,177108.49199991798,707919,375963.0,1.1299,496.3539999999996,1395.6329999999955,-0.017064,0.004729,-0.021137,-0.007954,-0.017064,-0.000467,-0.017064,-0.008581,47921.917,49566.408,46194.14,49566.408,6076.397000287718,94500.67701397635,44007.0,1501753.0,-899.2789999999959,70830.82199999967
2020-11-04,14016.55,14280.0,13512.0,14134.31,451298.26299925096,229073.62299989647,958326,494556.0,1.0631,1137.2789999999973,1450.3709999999958,-0.007816,0.01,-0.024371,0.01,-0.007816,-0.002648,-0.023791,-0.023791,49566.408,50948.756,48167.454,49200.753,6848.983000541979,101349.66001451833,30786.0,1532539.0,-313.0919999999985,70517.72999999966
2020-11-05,14134.32,15777.0,14088.01,15598.75,717489.6970011253,355528.6239997196,1459663,748439.0,1.0509,1661.5069999999967,6112.484000000055,0.01,0.01,0.005188,0.01,0.01,0.01,0.01,0.01,49200.753,54332.527,45412.369,45951.358,-6432.4490016860655,94917.21101283227,37215.0,1569754.0,-4450.977000000058,66066.7529999996
2020-11-06,15598.74,15984.2,15177.0,15590.96,559242.2569989396,260124.2879996154,1244228,607234.0,1.3463,2044.3819999999896,1246.5149999999912,0.01,0.051899,0.01,0.024998,0.01,0.03429,0.01,0.03429,45951.358,45959.461,42824.109,44014.307,-38993.68099970874,55923.53001312353,-29760.0,1539994.0,797.8669999999984,66864.6199999996
2020-11-07,15590.95,15774.0,14350.0,14824.34,457582.68099882413,217481.95899989904,1041088,512184.0,1.5208,3927.9290000000183,751.5029999999989,0.024948,0.044575,0.01,0.01,0.024948,0.037914,0.024948,0.03589,44014.307,44243.797,39261.222,39301.149,-22618.762999026047,33304.76701409748,-16720.0,1523274.0,3176.4260000000195,70041.04599999962
2020-11-08,14824.33,15678.0,14710.0,15473.2,290616.3929995996,140057.8529999925,643150,319706.0,1.4195,360.06899999999973,891.2999999999992,0.01,0.01,0.01,0.01,0.01,0.01,0.01,0.01,39301.149,41798.241,39027.511,41400.844,-10500.686999614583,22804.080014482897,-3738.0,1519536.0,-531.2309999999994,69509.81499999962
2020-11-09,15473.2,15869.0,14822.0,15328.72,474181.98299909424,225448.91499987565,1064150,531236.0,1.4378,1508.3319999999921,897.1879999999964,0.01,0.01,0.01,0.01,0.01,0.01,0.01,0.01,41400.844,42043.854,39069.572,39296.69,-23284.152999342943,-480.07298486004584,-1678.0,1517858.0,611.1439999999958,70120.95899999962
2020-11-10,15328.72,15474.17,15071.0,15294.68,244073.49499985375,117575.61599999602,583300,297078.0,1.5478,306.4789999999999,180.94499999999994,0.01,0.01,0.01,0.01,0.01,0.01,0.01,0.01,39296.69,40433.279,38954.579,39088.454,-8922.262999861705,-9402.33598472175,10856.0,1528714.0,125.53399999999999,70246.49299999962
2020-11-11,15294.68,16000.0,15274.89,15690.24,330749.05199948995,159252.7219999002,764600,379650.0,1.6281,436.6879999999996,777.8219999999981,0.01,0.020191,0.01,0.01,0.01,0.01,0.01,0.01,39088.454,43965.841,39022.249,41514.517,-12243.607999689528,-21645.94398441128,-5300.0,1523414.0,-341.1339999999985,69905.35899999962
2020-11-12,15690.24,16345.0,15437.7,16289.02,471747.4999992974,234732.96899952114,1141000,566670.0,1.4231,1393.5079999999903,1444.2069999999903,0.01,0.01,0.01,0.01,0.01,0.01,0.01,0.01,41514.517,44142.724,41013.637,42988.074,-2281.5620002551004,-23927.50598466638,-7660.0,1515754.0,-50.69900000000007,69854.65999999963
2020-11-13,16289.01,16479.99,15955.6,16320.54,306656.35899922537,144127.70499999225,758273,372264.0,1.3469,532.9979999999983,537.5769999999991,0.01,0.01,0.01,0.01,0.01,0.01,0.01,0.01,42988.074,44720.048,42152.621,42321.206,-18400.948999240878,-42328.45498390726,-13745.0,1502009.0,-4.579000000000747,69850.08099999963
2020-11-14,16320.54,16326.82,15700.0,16064.51,266206.9369996656,135009.44200001805,657777,339543.0,1.4963,1003.7749999999972,259.7209999999999,0.01,0.01,0.003247,0.01,0.01,0.01,0.004277,0.004277,42321.206,43552.905,41636.027,41775.433,3811.9470003705355,-38516.50798353672,21309.0,1523318.0,744.0539999999974,70594.13499999963
2020-11-15,16064.51,16161.23,15768.0,15952.27,210318.45299992777,109037.56099992324,592322,294505.0,1.5227,312.30299999999966,105.19000000000014,0.01,0.01,0.01,0.01,0.01,0.01,0.01,0.01,41775.433,43249.906,41378.245,42107.616,7756.668999918707,-30759.838983618014,-3312.0,1520006.0,207.11299999999952,70801.24799999963
2020-11-16,15951.93,16882.0,15862.0,16707.07,341561.76199934835,180093.09899990313,807007,406928.0,1.419,315.7619999999999,1693.7179999999926,0.01,0.01,0.01,0.01,0.01,0.01,0.01,0.01,42107.616,45241.382,41988.633,43352.988,18624.436000457907,-12135.402983160107,6849.0,1526855.0,-1377.9559999999926,69423.29199999964
2020-11-17,16707.0,17890.1,16550.0,17670.01,520755.5279987044,259938.31299977738,1167342,592716.0,1.2507,860.1639999999959,3777.359000000012,0.01,0.022982,0.01,0.021219,0.01,0.01,0.01,0.01,43352.988,43989.939,41159.124,42378.809,-878.9019991496461,-13014.304982309754,18090.0,1544945.0,-2917.195000000016,66506.09699999962
2020-11-18,17670.01,18520.0,17215.03,17788.32,730798.1270001837,351300.1499996733,1664778,818967.0,1.3697,4792.129000000071,2875.4130000000137,0.021138,0.067814,0.01,0.01,0.021138,0.057572,0.021138,0.021486,42378.809,43231.971,38994.636,39038.692,-28197.827000837075,-41212.13198314683,-26844.0,1518101.0,1916.7160000000572,68422.81299999967
2020-11-19,17788.32,18200.0,17347.27,17811.68,405527.67299923213,197672.4079998171,916571,456252.0,1.6853,781.6869999999966,593.348999999998,0.01,0.060706,0.01,0.036805,0.01,0.052207,0.01,0.052207,39038.692,42285.808,39038.692,40226.396,-10182.85699959792,-51394.98898274475,-4067.0,1514034.0,188.3379999999986,68611.15099999968
2020-11-20,17811.68,18831.6,17748.92,18664.31,407896.45599908516,196533.68599990485,952467,473261.0,1.6896,451.5859999999988,1075.5209999999952,0.03665,0.047694,0.01,0.01,0.03665,0.039647,0.03665,0.038617,40226.396,41950.796,39401.948,39496.446,-14829.083999275463,-66224.07298202021,-5945.0,1508089.0,-623.9349999999963,67987.21599999968
2020-11-21,18662.85,18986.0,18302.08,18721.99,342289.1479994647,160298.30299993893,786548,381886.0,1.7632,871.6119999999956,438.4819999999992,0.01,0.094386,0.01,0.080422,0.01,0.059438,0.01,0.059438,39496.446,42997.827,38676.789,42507.76,-21692.541999586858,-87916.61498160707,-22776.0,1485313.0,433.12999999999647,68420.34599999967
2020-11-22,18721.99,18780.0,17645.98,18435.2,373779.4169991548,174390.00099989204,897501,436786.0,1.8852,2493.9220000000005,432.6219999999993,0.080363,0.111165,0.05588,0.101078,0.080363,0.086985,0.066537,0.066537,42507.76,45055.458,41849.453,41966.367,-24999.414999370696,-112916.02998097776,-23929.0,1461384.0,2061.300000000001,70481.64599999967
2020-11-23,18434.17,18812.65,18013.97,18382.07,364179.8389994288,175647.66899992872,865827,431219.0,1.6076,1147.776999999997,547.3999999999995,0.101151,0.121084,0.050864,0.050864,0.101151,0.108391,0.01,0.108391,41966.367,43788.059,39627.617,39627.617,-12884.500999571348,-125800.53098054911,-3389.0,1457995.0,600.3769999999976,71082.02299999967
2020-11-24,18382.07,19440.0,18000.0,19179.64,477945.7339994282,227522.2049998882,1197108,593850.0,1.9412,1615.9339999999975,1370.558999999996,0.050801,0.128296,0.048998,0.084327,0.050801,0.081176,0.050801,0.081176,39627.617,45867.609,39462.595,44563.047,-22901.323999651824,-148701.85498020094,-9408.0,1448587.0,245.37500000000136,71327.39799999967
2020-11-25,19178.53,19554.19,18509.12,18741.67,426276.9899991231,200114.32699988905,1053067,522760.0,1.7988,2726.0959999999964,565.4019999999994,0.084235,0.084235,0.032316,0.035389,0.084235,0.084235,0.038079,0.075292,44563.047,44844.371,42375.338,44737.329,-26048.335999345,-174750.19097954594,-7547.0,1441040.0,2160.693999999997,73488.09199999967
2020-11-26,18741.66,18940.69,16181.0,17155.34,850692.8560027311,401324.9089994289,2362664,1170900.0,2.2258,18537.229000000334,2193.7430000000027,0.035414,0.047886,0.01,0.010822,0.035414,0.035414,0.01313,0.028796,44737.329,46577.565,34471.367,35149.731,-48043.03800387331,-222793.22898341925,-20864.0,1420176.0,16343.486000000332,89831.57800000001
2020-11-27,17155.37,17465.0,16444.83,17144.1,398072.93299936235,191478.01299989093,954587,472805.0,1.7167,1285.7369999999949,827.6539999999985,0.010773,0.010773,0.01,0.01,0.010773,0.010773,0.01,0.01,35149.731,36350.362,34103.903,35349.385,-15116.906999580504,-237910.13598299975,-8977.0,1411199.0,458.08299999999633,90289.66100000001
2020-11-28,17144.11,17880.0,16865.78,17717.74,268833.7499998393,129558.24699999495,629966,312396.0,1.7241,331.5269999999994,1144.0379999999952,0.01,0.01,0.01,0.01,0.01,0.01,0.01,0.01,35349.385,36451.64,34509.742,35535.572,-9717.255999849367,-247627.3919828491,-5174.0,1406025.0,-812.5109999999959,89477.15000000001
2020-11-29,17717.74,18343.0,17523.0,18181.09,256024.00499988373,130770.77700002785,636236,314608.0,1.5361,430.0290000000001,900.1689999999965,0.01,0.01,0.01,0.01,0.01,0.01,0.01,0.01,35535.572,36606.242,34768.92,35734.363,5517.549000171974,-242109.84298267713,-7020.0,1399005.0,-470.13999999999635,89007.01000000001
2020-11-30,18180.43,19944.0,18178.82,19720.0,500482.57399913203,257982.05199972237,1312702,670531.0,1.3815,1550.9119999999969,4344.700000000022,0.01,0.093664,0.006994,0.045755,0.01,0.029481,0.01,0.029481,35734.363,39428.597,34885.26,38643.733,15481.53000031272,-226628.3129823644,28360.0,1427365.0,-2793.788000000025,86213.22199999998
2020-12-01,19722.09,19956.0,18050.0,18772.7,553885.3329997042,268754.5389996141,1628883,807597.0,1.4808,6061.886000000088,1728.5869999999936,0.045929,0.083395,0.01,0.01,0.045929,0.045929,0.011546,0.011546,38643.733,41639.974,34436.113,34697.069,-16376.255000476027,-243004.56798284044,-13689.0,1413676.0,4333.299000000094,90546.52100000007
2020-12-02,18770.33,19365.0,18329.58,19207.01,335717.4819992942,164736.83299986136,969677,487529.0,1.5227,1314.3799999999926,729.9759999999977,0.01,0.01,0.01,0.01,0.01,0.01,0.01,0.01,34697.069,36429.365,34220.748,35566.313,-6243.815999571467,-249248.3839824119,5381.0,1419057.0,584.4039999999949,91130.92500000006
2020-12-03,19207.01,19640.0,18865.0,19434.3,245020.5759996423,121969.82399997835,733120,366927.0,1.6254,605.2499999999995,621.6809999999978,0.01,0.030969,0.01,0.012731,0.01,0.025455,0.01,0.025455,35566.313,39181.082,35566.313,38522.764,-1080.9279996855767,-250329.31198209748,734.0,1419791.0,-16.43099999999822,91114.49400000006
2020-12-04,19432.66,19537.16,18570.0,18664.2,276271.9389996786,130243.87799996097,805860,406468.0,1.5419,2038.3349999999964,298.9270000000001,0.012703,0.012703,0.01,0.01,0.012703,0.012703,0.01,0.01,38522.764,39469.42,37722.807,38800.619,-15784.182999756653,-266113.4949818541,7076.0,1426867.0,1739.4079999999963,92853.90200000006
2020-12-05,18662.72,19203.46,18510.0,19147.62,165912.64699981094,82521.24999997098,506067,258067.0,1.4697,277.3269999999997,398.26999999999987,0.01,0.024112,0.01,0.01,0.01,0.01,0.01,0.01,38800.619,39071.628,37692.816,38444.077,-870.1469998689718,-266983.6419817231,10067.0,1436934.0,-120.94300000000015,92732.95900000006
2020-12-06,19147.63,19449.1,18855.35,19375.02,176004.6059998092,87915.74999997886,512566,259556.0,1.3196,384.91699999999935,659.9999999999985,0.01,0.01,0.01,0.01,0.01,0.01,0.01,0.01,38444.077,40076.83,37983.917,40076.83,-173.10599985148292,-267156.74798157456,6546.0,1443480.0,-275.0829999999992,92457.87600000006
2020-12-07,19375.0,19446.36,18908.66,19172.88,169402.37099990173,82063.35799997416,481218,239059.0,1.1805,723.5899999999996,115.16500000000003,0.01,0.01,0.01,0.01,0.01,0.01,0.01,0.01,40076.83,40883.238,39313.206,39342.34,-5275.654999953404,-272432.40298152796,-3100.0,1440380.0,608.4249999999995,93066.30100000006
2020-12-08,19172.87,19319.38,18133.33,18319.32,280709.709999672,133423.63199996843,797626,401184.0,1.4969,3881.4270000000038,326.21099999999956,0.01,0.01,0.01,0.01,0.01,0.01,0.01,0.01,39342.34,41976.873,38686.897,39346.436,-13862.445999735151,-286294.8489812631,4742.0,1445122.0,3555.216000000004,96621.51700000007
2020-12-09,18319.33,18639.7,17650.0,18537.98,353123.68899935635,178303.9529997819,1030035,519936.0,1.368,2411.302000000008,1274.035999999996,0.01,0.01,0.01,0.01,0.01,0.01,0.01,0.01,39346.436,40443.734,37961.381,38529.637,3484.2170002074563,-282810.63198105566,9837.0,1454959.0,1137.266000000012,97758.78300000008
2020-12-10,18537.97,18550.0,17916.0,18253.51,233960.2409995742,116243.72199998848,698152,349314.0,1.2051,850.4349999999984,430.4160000000001,0.01,0.01,0.01,0.01,0.01,0.01,0.01,0.01,38529.637,40230.024,38328.755,38816.058,-1472.7969995972235,-284283.4289806529,476.0,1455435.0,420.01899999999824,98178.80200000008
2020-12-11,18254.0,18290.44,17555.0,18031.47,317866.0699992054,160142.006999844,938891,471327.0,1.3441,1542.9849999999992,826.2589999999988,0.01,0.01,0.009302,0.01,0.01,0.01,0.01,0.01,38816.058,41220.11,38245.574,38697.138,2417.944000482559,-281865.4849801703,3763.0,1459198.0,716.7260000000005,98895.52800000008
2020-12-12,18031.71,18950.0,18012.21,18800.0,196962.28199973438,106123.93799996901,607435,314009.0,1.2237,353.43799999999976,3667.8679999999986,0.01,0.01,-0.002749,0.01,0.01,0.01,-0.002135,0.004314,38697.138,40792.149,37656.197,39453.199,15285.594000203651,-266579.8909799667,20583.0,1479781.0,-3314.429999999999,95581.09800000009
2020-12-13,18800.0,19432.0,18705.46,19175.07,239760.08899964966,121821.86999998702,677972,342498.0,1.1422,518.4339999999996,1701.6759999999979,0.01,0.01,0.004506,0.01,0.01,0.01,0.01,0.01,39453.199,41027.665,39301.712,39560.22,3883.6510003243748,-262696.2399796423,7024.0,1486805.0,-1183.2419999999984,94397.85600000009
2020-12-14,19175.06,19355.35,19004.72,19270.7,181555.82299980786,90220.4539999696,580937,304572.0,1.1263,202.61200000000014,285.2779999999999,0.01,0.01,0.01,0.01,0.01,0.01,0.01,0.01,39560.22,40792.736,38962.449,40298.597,-1114.9149998686626,-263811.154979511,28207.0,1515012.0,-82.66599999999977,94315.19000000009
2020-12-15,19270.71,19598.0,19039.64,19424.91,248744.05399960134,122075.04299998973,714965,355415.0,1.1552,702.346999999999,1058.3359999999982,0.01,0.01,0.01,0.01,0.01,0.01,0.01,0.01,40298.597,43714.294,40296.394,42849.626,-4593.9679996218765,-268405.12297913287,-4135.0,1510877.0,-355.98899999999924,93959.20100000009
2020-12-16,19424.9,21600.0,19274.55,21346.8,459302.0119994258,241794.88899968605,1356331,696474.0,0.947,773.4089999999989,10930.666000000241,0.01,0.050621,0.01,0.01,0.01,0.046054,0.01,0.046054,42849.626,45639.601,40843.048,42748.431,24287.765999946278,-244117.3569791866,36617.0,1547494.0,-10157.257000000242,83801.94399999984
2020-12-17,21346.81,23888.04,21231.5,22816.99,823436.8390056895,410694.99099918135,2724434,1370204.0,1.1529,5817.076000000103,7677.133000000165,0.01,0.099895,0.01,0.028594,0.01,0.054618,0.01,0.054618,42748.431,42867.923,35182.99,35943.252,-2046.857007326791,-246164.21398651338,15974.0,1563468.0,-1860.0570000000625,81941.88699999978
2020-12-18,22816.23,23330.0,22363.94,23124.35,305996.20399937517,151397.1389998912,1041033,519869.0,1.4213,1119.220999999995,667.6519999999983,0.028532,0.068645,0.01,0.01,0.028532,0.054618,0.028532,0.045032,35943.252,39076.028,35497.984,37190.097,-3201.925999592757,-249366.13998610614,-1295.0,1562173.0,451.56899999999666,82393.45599999979
2020-12-19,23124.35,24281.61,22735.81,23847.28,337510.5159991326,167790.30199984144,1173201,604845.0,1.5316,1162.1429999999973,1746.1059999999925,0.01,0.111341,0.01,0.078569,0.01,0.070544,0.01,0.070544,37190.097,40892.758,36405.431,40636.292,-1929.911999449716,-251296.05198555585,36489.0,1598662.0,-583.9629999999952,81809.4929999998
2020-12-20,23847.28,24376.0,23076.25,23472.96,322289.85299938417,155605.49799983916,1139619,566497.0,1.6008,2260.468999999995,1018.282999999998,0.078228,0.078228,0.037084,0.042034,0.078228,0.078228,0.037486,0.038896,40636.292,40636.292,38420.816,39271.463,-11078.856999705837,-262374.9089852617,-6625.0,1592037.0,1242.185999999997,83051.6789999998
2020-12-21,23472.95,24145.0,21920.0,22730.1,460620.28799878777,222556.01499974297,1577462,781798.0,1.5867,5202.534000000065,1165.2799999999922,0.042034,0.086608,0.01,0.01,0.041795,0.041795,0.023741,0.023741,39271.463,39780.54,35676.665,35991.919,-15508.25799930183,-277883.1669845635,-13866.0,1578171.0,4037.2540000000727,87088.93299999987
2020-12-22,22736.05,23850.0,22387.0,23826.99,326124.31199961423,163772.65599985764,1125712,565015.0,1.3354,696.235999999997,1287.0899999999983,0.01,0.029313,0.01,0.011348,0.01,0.019956,0.01,0.019956,35991.919,39378.187,35443.691,37776.267,1421.0000001010485,-276462.16698446247,4318.0,1582489.0,-590.8540000000013,86498.07899999987
2020-12-23,23826.74,24235.42,22572.52,23238.27,394754.93899928173,192721.43899976954,1411542,694467.0,1.4337,2451.0570000000007,1410.438999999995,0.01131,0.014329,0.01,0.01,0.01131,0.01131,0.01,0.010214,37776.267,37985.006,30593.224,31066.754,-9312.06099974265,-285774.2279842051,-22608.0,1559881.0,1040.6180000000056,87538.69699999987
2020-12-24,23237.73,23819.81,22700.0,23737.44,237754.2569995347,120539.75800000563,860939,434936.0,1.4021,339.1969999999991,780.0149999999974,0.01,0.037225,0.01,0.018651,0.01,0.027216,0.01,0.027216,31066.754,34197.321,30440.508,34187.414,3325.259000476566,-282448.96898372856,8933.0,1568814.0,-440.8179999999983,87097.87899999987
2020-12-25,23738.75,24827.64,23450.0,24730.0,284504.3539994881,144342.51199994126,1058938,533638.0,1.3883,941.0109999999966,1761.147999999986,0.018528,0.050563,0.01,0.01,0.018528,0.034905,0.01,0.034905,34187.414,38334.576,34187.414,36532.676,4180.670000394399,-278268.29898333416,8338.0,1577152.0,-820.1369999999895,86277.74199999988
2020-12-26,24729.99,26926.0,24507.24,26508.83,367265.55499943666,186138.6919998282,1409556,713855.0,1.412,917.8129999999989,3963.5540000000374,0.01,0.027619,0.01,0.019983,0.01,0.016965,0.01,0.01,36532.676,37557.377,35191.655,35232.078,5011.829000219761,-273256.4699831144,18154.0,1595306.0,-3045.7410000000386,83232.00099999984
2020-12-27,26508.84,28459.84,25850.0,26305.64,540264.1479992389,263441.23799962015,2190173,1097215.0,1.5747,4630.755000000094,3122.021000000014,0.01994,0.086627,0.011035,0.04362,0.01994,0.071164,0.01994,0.071164,35232.078,35399.072,32298.974,32648.382,-13381.671999998624,-286638.141983113,4257.0,1599563.0,1508.73400000008,84740.73499999993
2020-12-28,26301.76,27538.82,26117.1,27102.66,267563.46799952706,129242.79799995369,1160669,570390.0,1.6603,1166.591999999992,696.7909999999977,0.043463,0.078713,0.014852,0.037686,0.043463,0.071278,0.036133,0.071278,32648.382,33935.81,31146.744,33370.803,-9077.871999619689,-295716.0139827327,-19889.0,1579674.0,469.80099999999425,85210.53599999992
2020-12-29,27101.45,27441.73,25913.01,27402.83,260759.4489997883,126931.71899990988,1122763,556744.0,1.8193,1084.6209999999933,581.2349999999984,0.037693,0.057268,0.023359,0.049104,0.037693,0.04893,0.037693,0.039914,33370.803,35292.775,33249.569,35292.775,-6896.010999968537,-302612.0249827013,-9275.0,1570399.0,503.38599999999485,85713.92199999992
2020-12-30,27402.83,29063.72,27401.0,28906.99,374737.65499930567,185801.15799977462,1508005,747986.0,1.9824,1314.3609999999921,1548.9939999999901,0.048979,0.082697,0.046729,0.053241,0.048979,0.076836,0.048979,0.06288,35292.775,36859.58,34149.588,34782.669,-3135.3389997564373,-305747.3639824577,-12033.0,1558366.0,-234.632999999998,85479.28899999992
2020-12-31,28906.99,29376.7,27848.0,28951.68,313648.83499949466,148980.52999991,1344357,672790.0,1.6048,1960.766999999993,754.7570000000002,0.053292,0.078209,0.01,0.022763,0.053292,0.060345,0.036744,0.036744,34782.669,36512.563,34198.134,34788.484,-15687.774999674642,-321435.13898213237,1223.0,1559589.0,1206.009999999993,86685.29899999991
2021-01-01,28948.19,29668.86,28627.12,29337.16,210716.39799980313,101247.90199998232,885732,438346.0,1.6008,790.0139999999978,519.7869999999987,0.022753,0.04601,0.01,0.01,0.022753,0.034457,0.022753,0.034457,34788.484,38776.791,34788.484,36154.319,-8220.593999838486,-329655.7329819709,-9040.0,1550549.0,270.2269999999992,86955.52599999991
2021-01-02,29337.15,33480.0,28958.24,32199.91,545541.0799996135,273388.4629996037,2337037,1172483.0,1.5654,2845.3620000000133,6153.664000000209,0.01,0.181341,0.01,0.124586,0.01,0.115471,0.01,0.115471,36154.319,40546.114,34782.778,34782.778,1235.845999593963,-328419.8869823769,7929.0,1558478.0,-3308.3020000001957,83647.22399999971
2021-01-03,32198.41,34832.25,32000.02,33054.53,487486.9889991886,238761.65699955364,2195068,1077942.0,1.5543,2772.8270000000075,2212.7709999999884,0.124058,0.165226,0.053679,0.164252,0.115471,0.155006,0.114744,0.155006,34782.778,35929.149,33272.076,34325.199,-9963.675000081304,-338383.5619824582,-39184.0,1519294.0,560.0560000000191,84207.27999999974
2021-01-04,33053.93,33653.56,27800.0,32031.07,506128.0229993615,242947.19899966125,2285070,1122946.0,2.013,7929.3610000001345,1181.9269999999872,0.164126,0.283765,0.036581,0.088095,0.164126,0.236482,0.056137,0.056137,34325.199,34570.029,28855.067,30420.778,-20233.625000039,-358617.1869824972,-39178.0,1480116.0,6747.4340000001475,90954.71399999989
2021-01-05,32029.55,34500.0,29900.0,33999.52,433720.83299886575,214417.0819996613,2035986,1004378.0,1.8944,1561.061999999987,1957.1889999999821,0.088338,0.129737,0.035784,0.127246,0.088338,0.088338,0.047166,0.062904,30383.782,30383.782,27351.121,30007.325,-4886.6689995431225,-363503.85598204035,-27230.0,1452886.0,-396.1269999999952,90558.5869999999
2021-01-06,33999.51,37037.51,33356.46,36823.68,443999.91699877894,221223.70999973032,2232991,1105147.0,1.9028,1698.5519999999872,2049.1489999999785,0.127193,0.21459,0.038597,0.100145,0.127193,0.210008,0.127193,0.149253,30007.325,30585.923,27279.797,28179.97,-1552.496999318304,-365056.35298135865,-22697.0,1430189.0,-350.59699999999134,90207.9899999999
2021-01-07,36825.77,40565.62,36337.36,39498.92,520147.9079972527,257944.96799913907,2681628,1324504.0,1.9146,3097.033000000023,2551.6719999999978,0.100145,0.217267,0.094125,0.213859,0.100316,0.142744,0.099841,0.099841,28179.97,30254.709,28078.812,30143.732,-4257.971998974594,-369314.3249803332,-32620.0,1397569.0,545.3610000000253,90753.35099999992
2021-01-08,39498.32,42125.51,36539.77,40637.23,517314.04099826777,254088.97999924436,2860255,1407293.0,2.1182,3200.1200000000504,2111.6949999999765,0.213517,0.213517,0.063038,0.063038,0.213517,0.213517,0.092044,0.131892,30143.732,30143.732,26816.363,27027.434,-9136.08099977902,-378450.40598011226,-45669.0,1351900.0,1088.4250000000739,91841.776
2021-01-09,40638.91,41539.88,38733.28,40136.04,260882.80499929428,126105.3149999929,1569821,766994.0,2.5075,1118.8569999999893,592.5539999999984,0.063038,0.170676,0.062954,0.146054,0.062954,0.146942,0.062954,0.146942,27027.434,31956.22,26698.735,30794.437,-8672.174999308481,-387122.58097942075,-35833.0,1316067.0,526.3029999999909,92368.07899999998
2021-01-10,40136.05,41412.12,35268.0,38221.67,436759.04799831664,211717.22299991988,2487876,1230079.0,2.8926,5874.059000000209,1100.3379999999918,0.145604,0.189151,0.052929,0.086563,0.145604,0.145604,0.052988,0.052988,30794.437,32261.219,29724.936,30708.289,-13324.601998476894,-400447.18297789764,-27718.0,1288349.0,4773.721000000218,97141.8000000002
2021-01-11,38200.01,38322.18,30448.0,35408.46,906275.6510061023,443696.5899978096,5286785,2611098.0,2.6127,9662.306000000804,3954.9950000000867,0.086486,0.094637,0.033892,0.033892,0.086486,0.092044,0.053444,0.053444,30708.289,30708.289,25552.212,26810.818,-18882.471010483103,-419329.65398838074,-64589.0,1223760.0,5707.311000000718,102849.11100000092
2021-01-12,35406.92,36693.44,32600.0,34056.9,448997.0119971277,222266.62199961097,2799922,1383040.0,2.4471,2755.6780000000317,1820.7329999999843,0.033526,0.064428,0.014963,0.014963,0.033526,0.054945,0.033526,0.054945,26810.818,28440.354,23698.6,23849.964,-4463.767997905728,-423793.42198628647,-33842.0,1189918.0,934.9450000000475,103784.05600000097
2021-01-13,34065.53,37880.0,32420.0,37421.07,398188.0879979109,199377.6839997672,2552898,1290873.0,2.0969,1467.599999999987,2293.573999999987,0.014768,0.088049,0.01,0.078311,0.014768,0.081553,0.014768,0.07053,23849.964,28856.642,23774.344,28170.947,567.2800016234978,-423226.141984663,28848.0,1218766.0,-825.9739999999999,102958.08200000097
2021-01-14,37416.34,40189.39,36764.33,39163.31,352617.417999045,175563.3589997967,2216411,1106459.0,2.4868,1432.4419999999875,1604.0589999999838,0.078331,0.104199,0.034624,0.055903,0.078331,0.078331,0.068503,0.068503,28170.947,29595.288,26431.505,27375.831,-1490.699999451579,-424716.84198411455,-3493.0,1215273.0,-171.61699999999632,102786.46500000097
2021-01-15,39163.31,39790.0,34478.0,36755.24,437610.1129994521,215685.40199960012,2781943,1375671.0,1.9351,4695.147000000119,1388.386999999986,0.055628,0.124669,0.01,0.01,0.055628,0.118185,0.055628,0.118185,27375.831,32978.934,27021.799,28056.008,-6239.309000251873,-430956.1509843664,-30601.0,1184672.0,3306.760000000133,106093.22500000111
2021-01-16,36755.25,38000.0,35366.0,36025.66,301102.4769992924,146509.38099988492,1906379,946242.0,2.2819,1800.6339999999802,913.1319999999953,0.01,0.071353,0.01,0.033223,0.01,0.068496,0.01,0.068496,28056.008,29629.361,26852.85,27377.806,-8083.714999522548,-439039.865983889,-13895.0,1170777.0,887.501999999985,106980.72700000109
2021-01-17,36025.65,36898.0,33863.5,35869.83,287686.12899915106,142749.21799986664,1781479,893609.0,2.1397,1852.1269999999781,1124.6669999999954,0.033109,0.055673,0.01,0.055285,0.033109,0.033109,0.01,0.01,27377.806,28888.31,26613.326,26720.974,-2187.692999417777,-441227.55898330675,5739.0,1176516.0,727.4599999999828,107708.18700000107
2021-01-18,35875.72,37547.94,34808.47,36686.86,253386.70299929506,126929.27799991803,1533647,767379.0,2.2352,1274.3619999999887,901.8439999999975,0.055375,0.112201,0.045945,0.061452,0.055375,0.10355,0.049321,0.10355,26720.974,29564.795,26513.908,27707.31,471.8530005410139,-440755.70598276576,1111.0,1177627.0,372.51799999999116,108080.70500000106
2021-01-19,36690.0,37961.0,35850.0,35891.03,257889.4189991956,127747.1749999898,1486007,731874.0,2.8168,1183.87199999999,494.9589999999975,0.06167,0.216392,0.06167,0.088658,0.06167,0.158467,0.06167,0.158467,27707.31,30611.966,27310.827,28418.803,-2395.0689992159896,-443150.7749819817,-22259.0,1155368.0,688.9129999999925,108769.61800000105
2021-01-20,35891.74,36461.44,33403.0,35500.0,329171.9169988055,160198.80899987367,1954817,979165.0,2.3422,3164.9120000000116,860.1969999999945,0.088658,0.089836,0.01,0.042018,0.088178,0.088178,0.016482,0.016482,28418.803,31634.646,27893.126,29567.105,-8774.29899905814,-451925.07398103987,3513.0,1158881.0,2304.715000000017,111074.33300000106
2021-01-21,35499.23,35636.17,30069.9,30879.97,550562.2769994785,269649.6809996599,3189320,1580559.0,2.4048,6462.852000000223,1757.3659999999868,0.042078,0.060978,0.01,0.01,0.042078,0.048357,0.026589,0.026589,29567.105,34717.967,29305.13,29726.273,-11262.915000158711,-463187.9889811986,-28202.0,1130679.0,4705.486000000235,115779.8190000013
2021-01-22,30875.77,33831.52,28880.0,32986.34,453568.53799882083,225783.67099959982,2639371,1321445.0,2.0395,3008.026000000036,2615.8310000000133,0.01,0.013145,0.01,0.01,0.01,0.01,0.01,0.01,29726.273,30193.681,26654.898,26731.641,-2001.1959996211808,-465189.18498081976,3519.0,1134198.0,392.1950000000229,116172.01400000132
2021-01-23,32990.08,33495.0,31405.0,32086.48,256776.74399949954,126744.50400005726,1516580,747351.0,1.9551,1217.738999999991,692.3909999999953,0.01,0.014297,0.01,0.01,0.01,0.012182,0.01,0.01,26731.641,27731.898,25860.016,26379.115,-3287.7359993850114,-468476.92098020477,-21878.0,1112320.0,525.3479999999956,116697.36200000132
2021-01-24,32086.47,33125.75,30914.2,32275.63,212106.70099972378,106442.66299998223,1246754,624190.0,1.7255,1426.337999999989,796.7949999999973,0.01,0.067122,0.01,0.01,0.01,0.041388,0.01,0.041388,26379.115,28351.135,25714.885,27124.72,778.6250002406887,-467698.2959799641,1626.0,1113946.0,629.5429999999917,117326.90500000131
2021-01-25,32274.88,34880.0,31921.47,32253.68,316687.5669994318,157598.43799984385,1707298,846699.0,1.8043,1845.9509999999855,1508.5369999999855,0.01,0.081991,0.01,0.013916,0.01,0.052253,0.01,0.042414,27124.72,32039.498,26529.013,27583.205,-1490.6909997441107,-469188.9869797082,-13900.0,1100046.0,337.414,117664.31900000131
2021-01-26,32253.68,32950.0,30810.0,32474.14,346791.54699924274,172302.34199975952,1904302,946869.0,2.0665,1988.8589999999797,1139.0599999999906,0.013506,0.045971,0.01,0.01,0.013506,0.013506,0.01,0.01,27583.205,28969.974,26960.42,27754.749,-2186.8629997237003,-471375.8499794319,-10564.0,1089482.0,849.7989999999891,118514.1180000013
2021-01-27,32474.81,32562.2,29240.0,30381.04,431022.83899815666,213394.74399966994,2307800,1148292.0,1.9078,3076.440000000022,1402.3059999999914,0.01,0.01,0.01,0.01,0.01,0.018528,0.01,0.01,27754.749,31592.806,27754.749,28949.148,-4233.350998816779,-475609.2009782487,-11216.0,1078266.0,1674.1340000000305,120188.25200000133
2021-01-28,30382.96,33778.95,29843.33,33399.75,311528.3729993264,158511.478999926,1667554,838171.0,1.9317,529.2239999999974,1944.9729999999854,0.01,0.035307,0.01,0.01,0.01,0.022262,0.01,0.022262,28949.148,31123.443,28815.011,30105.342,5494.585000525636,-470114.61597772304,8788.0,1087054.0,-1415.748999999988,118772.50300000135
2021-01-29,33399.99,38641.1,31960.0,34269.35,682202.8780024383,337373.70599902945,3827610,1898437.0,1.4722,4880.072000000147,3621.6250000000614,0.01,0.202111,0.01,0.039624,0.01,0.166789,0.01,0.166789,30105.342,33488.468,29178.089,29178.089,-7455.466004379443,-477570.0819821025,-30736.0,1056318.0,1258.447000000086,120030.95000000144
2021-01-30,34267.04,34988.88,32849.06,34289.85,267861.8719991129,133627.38300002206,1649066,825683.0,2.7327,1083.0769999999884,622.7669999999958,0.039208,0.059698,0.02389,0.055157,0.039208,0.052428,0.01,0.052428,29178.089,30455.235,28741.079,30142.761,-607.1059990687645,-478177.18798117124,2300.0,1058618.0,460.30999999999256,120491.26000000144
2021-01-31,34284.76,34393.22,32193.04,33126.21,211293.89099960602,103318.71800001716,1215112,603601.0,2.8926,1490.766999999986,286.3529999999996,0.055157,0.055157,0.011264,0.013827,0.054944,0.054944,0.039914,0.044234,30142.761,33017.276,29633.233,31371.542,-4656.454999571695,-482833.64298074297,-7910.0,1050708.0,1204.4139999999863,121695.67400000143
2021-02-01,33125.11,34720.0,32322.47,33546.09,240552.99399973048,122595.5319999557,1346420,674751.0,2.4746,742.9449999999965,705.2959999999962,0.013932,0.072515,0.013932,0.036844,0.013932,0.066848,0.013932,0.066848,31371.542,32089.101,29422.931,29437.013,4638.070000180916,-478195.57298056205,3082.0,1053790.0,37.64900000000034,121733.32300000143
2021-02-02,33546.08,36041.0,33450.0,35504.06,239856.22999959651,123537.06299999764,1281128,643934.0,2.5945,385.3369999999993,1016.023999999992,0.036787,0.138155,0.036356,0.077471,0.036787,0.122181,0.020373,0.122181,29437.013,32438.9,28987.447,29964.52,7217.8960003987595,-470977.6769801633,6740.0,1060530.0,-630.6869999999927,121102.63600000144
2021-02-03,35504.07,37700.0,35410.0,37652.51,240307.45299967082,121021.41399996623,1270756,637118.0,2.3289,458.87899999999837,896.2379999999937,0.077297,0.107346,0.026744,0.02899,0.077297,0.080805,0.075287,0.075287,29964.52,30768.769,28994.334,29194.859,1735.3750002616434,-469242.3019799017,3480.0,1064010.0,-437.3589999999953,120665.27700000144
2021-02-04,37651.92,38833.0,36233.0,36976.93,306715.0219994336,150086.36699988108,1633571,808680.0,1.8994,1835.724999999989,920.7679999999967,0.029063,0.102769,0.029063,0.056552,0.029063,0.074286,0.020151,0.061936,29194.859,31161.545,28798.699,28798.699,-6542.287999671418,-475784.5899795731,-16211.0,1047799.0,914.9569999999923,121580.23400000144
2021-02-05,36975.19,38411.82,36586.68,38362.65,196222.07699975473,97168.45899995745,1164983,585918.0,1.7917,562.394999999998,529.2919999999991,0.056635,0.105366,0.032219,0.034446,0.056635,0.099154,0.056635,0.099154,28798.699,32091.542,28798.699,30168.596,-1885.1589998398267,-477669.74897941295,6853.0,1054652.0,33.10299999999893,121613.33700000144
2021-02-06,38357.17,40992.4,38269.0,39249.54,310826.31499931205,154728.27699984648,1802973,909742.0,1.9842,1555.1759999999847,1509.9799999999814,0.034782,0.158283,0.034782,0.15578,0.034782,0.102371,0.01,0.102371,30168.596,35208.896,30168.596,34132.296,-1369.7609996190877,-479039.50997903204,16511.0,1071163.0,45.19600000000332,121658.53300000144
2021-02-07,39249.53,39757.87,37403.27,38849.25,296721.9249994168,143721.7339998933,1661409,835880.0,2.1056,2798.3500000000113,678.8899999999971,0.155546,0.155546,0.059327,0.059327,0.155546,0.155546,0.065121,0.106206,34132.296,34132.296,31412.761,31546.678,-9278.456999630202,-488317.96697866224,10351.0,1081514.0,2119.460000000014,123777.99300000146
2021-02-08,38849.24,47146.0,38037.0,46451.32,439907.60999762104,223330.7949997673,2612179,1316226.0,2.2552,1547.7869999999762,6647.672000000326,0.059267,0.261774,0.057873,0.131401,0.059267,0.248993,0.057887,0.248993,31546.678,36589.397,30612.501,35418.777,6753.980001913558,-481563.9869767487,20273.0,1101787.0,-5099.8850000003495,118678.10800000111
2021-02-09,46451.31,48266.36,45057.65,46492.54,379279.87799883017,184543.86499979225,2347876,1162861.0,2.2216,1927.8109999999722,1657.5199999999782,0.131125,0.275256,0.124444,0.124444,0.131125,0.186573,-0.016073,0.161159,35418.777,35885.717,34005.779,34005.779,-10192.147999245673,-491756.13497599436,-22154.0,1079633.0,270.290999999994,118948.39900000111
2021-02-10,46492.53,47475.0,43770.0,44850.0,334741.5169988121,163473.17499983107,1871235,927754.0,2.2268,2974.4990000000366,598.8749999999969,0.124313,0.243339,0.066338,0.07686,0.124313,0.17535,0.112397,0.112397,33946.298,35885.634,32223.79,32797.762,-7795.166999149951,-499551.3019751443,-15727.0,1063906.0,2375.62400000004,121324.02300000115
2021-02-11,44850.0,48810.0,44038.97,48060.21,330540.0449989821,164596.16799981642,1907411,958775.0,2.5714,1257.5269999999875,1664.0789999999843,0.076742,0.193662,0.075344,0.128893,0.076742,0.17411,0.076742,0.17411,32797.762,37482.074,32141.53,35819.279,-1347.70899934927,-500899.0109744936,10139.0,1074045.0,-406.5519999999967,120917.47100000115
2021-02-12,48060.21,49278.98,46121.0,47361.03,259186.28799945503,127514.45899999425,1640411,802614.0,2.5945,1246.7939999999899,555.6389999999966,0.128772,0.156617,0.102662,0.140241,0.128772,0.128772,0.105533,0.105533,35819.279,37337.997,34876.661,35267.352,-4157.369999466537,-505056.3809739601,-35183.0,1038862.0,691.1549999999933,121608.62600000115
2021-02-13,47364.0,48290.0,46252.1,47221.62,199934.39199940293,97676.8979999625,1198560,596472.0,2.7665,883.6359999999922,227.0590000000001,0.139999,0.174531,0.073273,0.085014,0.139999,0.141609,0.075946,0.075946,35267.352,36213.764,33460.68,33591.618,-4580.595999477926,-509636.97697343805,-5616.0,1033246.0,656.5769999999922,122265.20300000114
2021-02-14,47221.63,49875.16,47093.16,48655.21,241935.69299930704,119727.76399994473,1446654,736585.0,2.775,849.7299999999943,1198.2569999999905,0.085048,0.164462,0.085048,0.117978,0.085048,0.149489,0.085048,0.149489,33591.618,39120.734,33540.548,37223.368,-2480.1649994175823,-512117.14197285566,26516.0,1059762.0,-348.5269999999962,121916.67600000114
2021-02-15,48659.1,49100.0,45349.21,47981.58,248894.03599941704,119297.83799997128,1575204,782954.0,2.5137,3245.332000000039,683.4509999999973,0.11786,0.11786,0.036567,0.099584,0.11786,0.11786,0.040617,0.068133,37223.368,37329.906,33894.39,34474.954,-10298.359999474487,-522415.50197233015,-9296.0,1050466.0,2561.8810000000417,124478.55700000118
2021-02-16,47981.6,50953.44,47101.02,49197.94,343576.4809991095,170692.25799984843,2037101,1021745.0,2.003,1920.9009999999764,1492.9559999999656,0.0996,0.156943,0.092551,0.104137,0.0996,0.141818,0.0996,0.141818,34474.954,37359.93,33285.81,34671.703,-2191.964999412652,-524607.4669717428,6389.0,1056855.0,427.94500000001085,124906.50200000119
2021-02-17,49197.93,52800.0,49029.62,52194.62,312007.45699878223,157467.48499986672,2003742,1005766.0,2.3636,589.3129999999967,1810.4339999999802,0.104066,0.148506,0.092744,0.132396,0.104066,0.147112,0.093436,0.147112,34671.703,39592.394,34671.703,37623.297,2927.513000951207,-521679.9539707916,7790.0,1064645.0,-1221.1209999999835,123685.3810000012
2021-02-18,52194.62,52640.0,50948.0,51619.7,185464.18299960322,88304.1079999656,1169182,563013.0,1.8843,675.1319999999969,271.84899999999936,0.132396,0.164344,0.091101,0.091381,0.132249,0.154303,0.125842,0.125842,37623.297,38136.583,35125.932,35242.291,-8855.966999672004,-530535.9209704637,-43156.0,1021489.0,403.2829999999975,124088.6640000012
2021-02-19,51612.46,56582.0,50800.0,56004.1,257864.894999097,129980.6749999038,1776929,880493.0,2.2237,754.9919999999927,2737.6980000000176,0.091381,0.167321,0.083154,0.15652,0.091255,0.128791,0.01,0.128791,35242.291,36037.87,34660.751,35327.282,2096.4550007105863,-528439.4659697531,-15943.0,1005546.0,-1982.706000000025,122105.95800000118
2021-02-20,56005.85,57699.0,53905.0,55917.41,240273.28499935984,115690.18399989344,1644552,818869.0,,2687.5179999999896,945.6499999999928,0.156318,0.156318,0.100581,0.100581,0.156318,0.156318,0.116465,0.122535,35327.282,35327.282,32763.145,33033.032,-8892.916999572946,-537332.3829693261,-6814.0,998732.0,1741.8679999999968,123847.82600000118
2021-02-21,55908.45,58472.14,55564.5,57487.43,196820.56399944794,97912.54699992528,1279359,655784.0,2.199,506.05499999999626,640.5389999999945,0.100357,0.137146,0.098959,0.11727,0.100357,0.14009,0.099022,0.12582,33033.032,34675.622,32684.619,33051.845,-995.4699995973788,-538327.8529689235,32209.0,1030941.0,-134.48399999999828,123713.34200000118
2021-02-22,57475.5,57591.87,47751.42,54110.01,480542.8739966156,228299.2179985493,4902549,2398795.0,2.2712,10429.325000000732,1771.7599999999693,0.117049,0.137288,0.025048,0.025048,0.117049,0.117049,0.077864,0.077864,33051.845,35899.115,28982.08,28982.08,-23944.43799951696,-562272.2909684405,-104959.0,925982.0,8657.565000000763,132370.90700000196
2021-02-23,54125.55,54260.12,44893.82,48904.8,748473.5290076472,367986.63099763036,8006494,3989755.0,2.4831,8044.060000000492,3548.5640000000985,0.024947,0.099493,0.01,0.01,0.024947,0.02962,0.013281,0.013281,28982.08,31122.019,25899.217,25992.336,-12500.267012386466,-574772.5579808269,-26984.0,898998.0,4495.496000000394,136866.40300000235
2021-02-24,48930.01,51435.58,47000.0,49702.03,333405.86499839067,165008.17599960437,2286605,1142763.0,1.9343,1727.6809999999725,1234.2029999999818,0.01,0.06039,0.01,0.0178,0.013281,0.051791,0.01,0.037289,25992.336,28205.683,25084.847,27420.531,-3389.5129991819267,-578162.0709800089,-1079.0,897919.0,493.47799999999074,137359.88100000235
2021-02-25,49702.05,52134.96,46685.43,47089.37,345310.4099985152,170482.32799944092,2337920,1163954.0,2.1192,2809.618000000028,1191.998999999987,0.017706,0.034956,0.01,0.01,0.017706,0.034053,0.017706,0.034053,27420.531,29479.927,27157.582,28860.694,-4345.753999633365,-582507.8249796423,-10012.0,887907.0,1617.619000000041,138977.5000000024
2021-02-26,47087.97,48438.01,44100.0,46313.13,440666.60199835576,217770.66699912795,3065841,1530990.0,2.4305,3535.961000000047,1839.380999999966,0.01,0.033761,0.01,0.030285,0.01,0.01,0.01,0.01,28860.694,28938.047,26999.041,27167.5,-5125.268000099866,-587633.0929797422,-3861.0,884046.0,1696.580000000081,140674.08000000246
2021-02-27,46313.12,48476.05,44926.77,46102.63,256027.07399860694,126959.9559997565,1753002,861705.0,2.406,1288.345999999984,829.9109999999965,0.030164,0.057344,0.01,0.01,0.030164,0.04457,0.010038,0.010038,27167.5,29121.439,26069.424,27537.74,-2107.1619990939507,-589740.2549788362,-29592.0,854454.0,458.43499999998755,141132.51500000246
2021-02-28,46097.09,46678.0,43002.05,45163.36,369961.7009984858,183452.349999454,2539676,1266323.0,2.1328,2681.4810000000207,1663.8069999999875,0.01,0.040607,0.01,0.016973,0.01,0.037706,0.01,0.037706,27537.74,31129.595,27082.691,29544.463,-3057.000999577809,-592797.255978414,-7030.0,847424.0,1017.6740000000332,142150.1890000025
2021-03-01,45162.64,49800.0,44972.49,49592.7,315656.6159995246,158077.80099952896,2135440,1073690.0,1.9061,700.7349999999933,2193.5889999999763,0.016921,0.017498,0.01,0.01,0.016921,0.016921,0.01,0.01,29544.463,30180.211,27948.849,28834.182,498.9859995333245,-592298.2699788806,11940.0,859364.0,-1492.853999999983,140657.3350000025
2021-03-02,49594.99,50221.77,47058.06,48450.57,273099.57499906654,133976.26099994578,1762815,880779.0,2.1546,1717.8759999999743,697.7159999999946,0.01,0.073133,0.01,0.01,0.01,0.01,0.01,0.01,28834.182,30023.292,28194.356,28749.802,-5147.052999174979,-597445.3229780556,-1257.0,858107.0,1020.1599999999797,141677.49500000247
2021-03-03,48454.21,52681.51,48110.66,50373.75,350284.49199885875,176616.7949995331,2134405,1072203.0,2.1133,1171.3499999999897,1918.01199999998,0.01,0.049062,0.01,0.01,0.01,0.045078,0.01,0.045078,28749.802,33250.078,28141.031,28901.886,2949.0980002074502,-594496.2249778481,10001.0,868108.0,-746.6619999999903,140930.8330000025
2021-03-04,50373.75,51800.0,47500.0,48385.77,387386.9559984532,188503.06899961192,2439569,1213758.0,2.2852,3171.1980000000476,1112.619999999989,0.01,0.01,0.01,0.01,0.01,0.01,0.01,0.01,28901.886,30900.706,28187.82,29468.887,-10380.817999229359,-604877.0429770774,-12053.0,856055.0,2058.5780000000586,142989.41100000255
2021-03-05,48385.77,49470.0,46320.0,48770.57,354602.55499931396,175791.27099966424,2217628,1108749.0,2.663,2083.9959999999724,1223.046999999988,0.01,0.01,0.01,0.01,0.01,0.01,0.01,0.01,29468.887,31467.433,28360.243,28935.936,-3020.0129999854835,-607897.0559770629,-130.0,855925.0,860.9489999999844,143850.36000000255
2021-03-06,48772.68,49253.63,47090.0,48908.21,215092.90999959016,106587.18499993232,1387176,688610.0,2.2446,960.3569999999905,670.6229999999974,0.01,0.01,0.01,0.01,0.01,0.066848,0.01,0.01,28935.936,30939.771,28414.648,28448.02,-1918.53999972553,-609815.5959767884,-9956.0,845969.0,289.7339999999931,144140.09400000254
2021-03-07,48908.21,51480.0,48908.21,50995.27,248398.11599946584,125296.2569998683,1585333,796529.0,2.1221,681.9749999999963,1361.851999999983,0.01,0.020029,0.01,0.01,0.01,0.017606,0.006677,0.017606,28448.02,30916.043,28196.516,29416.548,2194.3980002707685,-607621.1979765177,7725.0,853694.0,-679.8769999999868,143460.21700000257
2021-03-08,50991.35,52450.0,49310.0,52429.43,308339.7769992915,155092.50999986776,1826911,916085.0,1.9464,1031.9339999999952,927.9809999999918,0.01,0.072841,0.01,0.072398,0.01,0.024757,0.01,0.024757,29416.548,32947.919,29072.964,32947.919,1845.2430004440248,-605775.9549760737,5259.0,858953.0,103.95300000000339,143564.17000000257
2021-03-09,52429.43,54950.0,51880.0,54917.78,285489.8149992544,140806.2699999379,1825394,912197.0,1.93,644.4329999999951,1847.3299999999804,0.072419,0.074574,0.024355,0.024355,0.072419,0.072419,0.041976,0.057038,33122.884,33962.234,31850.988,32323.463,-3877.2749993785983,-609653.2299754523,-1000.0,857953.0,-1202.8969999999854,142361.27300000258
2021-03-10,54917.79,57500.92,53061.0,55947.98,401153.18099875,197027.56799945093,2537219,1265204.0,2.0193,2009.4949999999703,1993.457999999969,0.024344,0.095845,0.01,0.095845,0.024344,0.056915,0.024344,0.056915,32323.463,33439.728,31504.551,32733.514,-7098.04499984812,-616751.2749753004,-6811.0,851142.0,16.0370000000014,142377.3100000026
2021-03-11,55949.3,58283.0,54356.44,57844.52,364679.706998554,177888.0109996387,2419527,1200815.0,2.0003,1909.4639999999833,1198.3439999999848,0.095931,0.111793,0.079681,0.102098,0.095931,0.099305,0.085439,0.085439,32733.514,34435.798,31602.167,34270.004,-8903.684999276593,-625654.959974577,-17897.0,833245.0,711.1199999999985,143088.43000000258
2021-03-12,57842.64,58186.33,55074.3,57291.03,335468.67099843046,163039.90199973327,2257015,1118060.0,1.9334,2268.419999999993,690.3059999999942,0.102002,0.102002,0.043543,0.047802,0.102002,0.102002,0.051199,0.051199,34270.004,34520.67,32033.738,32132.689,-9388.866998963931,-635043.8269735409,-20895.0,812350.0,1578.1139999999987,144666.54400000258
2021-03-13,57291.04,61950.0,56136.0,61267.41,320322.39199885284,163088.46199980594,2174742,1104140.0,1.9036,698.0099999999932,2841.462000000017,0.047834,0.101252,0.028226,0.081928,0.047834,0.060567,0.047834,0.057114,32132.689,37809.95,31950.799,35814.926,5854.532000759034,-629189.2949727819,33538.0,845888.0,-2143.452000000024,142523.09200000257
2021-03-14,61267.42,61798.0,59005.0,59037.12,231991.6419993782,111414.35199996419,1502095,738891.0,2.1104,1691.9959999999808,337.7349999999988,0.081828,0.128208,0.068943,0.082219,0.081828,0.115069,0.081828,0.115069,35814.926,37587.484,35669.765,36092.325,-9162.937999449816,-638352.2329722317,-24313.0,821575.0,1354.260999999982,143877.35300000253
2021-03-15,59037.11,60740.0,54517.28,55646.61,448749.0639984132,216809.1009995469,2863223,1418026.0,2.4819,7495.519000000311,787.894999999991,0.08201,0.121675,0.013576,0.022699,0.08201,0.10521,0.015776,0.015776,36092.325,37368.384,32591.332,34046.961,-15130.8619993194,-653483.0949715511,-27171.0,794404.0,6707.62400000032,150584.97700000287
2021-03-16,55646.61,56988.0,53335.0,56954.19,339656.4769987742,167155.15599964216,2387088,1186620.0,3.1615,2612.8390000000086,971.7999999999882,0.022573,0.048377,0.019912,0.035358,0.022573,0.040673,0.022573,0.040673,34046.961,35948.658,32775.534,33176.577,-5346.164999489905,-658829.259971041,-13848.0,780556.0,1641.0390000000202,152226.01600000288
2021-03-17,56953.23,59078.79,54154.93,58959.0,339375.4849988428,168433.204999745,2314156,1151155.0,3.0193,1373.02699999998,1437.2569999999891,0.035367,0.03559,0.016341,0.030213,0.035367,0.035367,0.019234,0.024575,33176.577,35342.481,31013.518,31662.592,-2509.0749993528007,-661338.3349703938,-11846.0,768710.0,-64.23000000000911,152161.78600000287
2021-03-18,58959.01,60510.0,57072.0,57700.01,305090.17899908987,146847.00799979566,1963323,968789.0,2.7202,1613.8409999999812,862.0739999999938,0.030265,0.050468,0.018496,0.03199,0.030265,0.032547,0.029259,0.032547,31662.592,34312.609,31662.592,32333.614,-11396.162999498541,-672734.4979698923,-25745.0,742965.0,751.7669999999874,152913.55300000287
2021-03-19,57700.01,59550.0,56301.27,58089.11,259037.18799922118,128069.86799990259,1725575,860451.0,3.1135,1272.8259999999818,530.8689999999956,0.032006,0.049248,0.01,0.049248,0.032006,0.03326,0.012887,0.03326,32333.614,33219.059,31587.788,32319.09,-2897.4519994159928,-675631.9499693083,-4673.0,738292.0,741.9569999999862,153655.51000000286
2021-03-20,58089.1,59948.0,57881.0,58145.61,203679.83799947432,100819.2989999451,1336603,655014.0,2.655,879.0869999999923,426.70999999999793,0.04928,0.078706,0.031351,0.031351,0.04928,0.04928,0.044452,0.048936,32319.09,33790.503,31649.97,32382.696,-2041.239999584126,-677673.1899688925,-26575.0,711717.0,452.3769999999943,154107.88700000287
2021-03-21,58144.44,58638.7,55403.55,57415.18,237517.64899917325,115249.61199992106,1560896,772509.0,2.8344,2992.412000000031,577.5849999999975,0.031366,0.051776,0.01,0.051776,0.031366,0.042375,0.01,0.01,32382.696,34074.01,31272.04,32402.337,-7018.424999331124,-684691.6149682236,-15878.0,695839.0,2414.827000000034,156522.7140000029
2021-03-22,57415.19,58500.0,53635.81,54129.56,293055.7449989568,140394.73499986538,1966897,965816.0,2.9635,4770.72100000016,492.63699999999625,0.051919,0.068142,0.024288,0.024288,0.051919,0.051919,0.045562,0.048977,32402.337,34848.874,32156.351,33281.13,-12266.274999226036,-696957.8899674497,-35265.0,660574.0,4278.0840000001635,160800.79800000307
2021-03-23,54129.57,55890.68,52981.4,54400.0,276198.9699988705,134532.63899982843,1795537,892550.0,3.4053,1780.9389999999767,700.9399999999929,0.02421,0.060206,0.01,0.053492,0.02421,0.042245,0.02421,0.042245,33281.13,35442.182,32524.265,34294.543,-7133.691999213654,-704091.5819666634,-10437.0,650137.0,1079.9989999999839,161880.79700000305
2021-03-24,54400.0,57234.79,51666.0,52311.54,394152.137997771,189896.81399957702,2485457,1233947.0,2.7679,4660.828000000143,1086.314999999992,0.053454,0.05986,0.01,0.012119,0.053454,0.053454,0.016567,0.026422,34294.543,35651.724,32279.293,32881.563,-14358.509998616937,-718450.0919652802,-17563.0,632574.0,3574.513000000151,165455.3100000032
2021-03-25,52307.89,53255.2,50452.08,51325.21,416795.74999747064,204820.67899956516,2675711,1336287.0,3.1017,3413.0200000000686,1304.3109999999895,0.011828,0.017375,0.01,0.016102,0.011828,0.116465,0.01,0.01,32881.563,35771.96,32490.507,34314.87,-7154.3919983403175,-725604.4839636206,-3137.0,629437.0,2108.709000000079,167564.0190000033
2021-03-26,51325.21,55123.0,51260.0,55030.0,271957.5119994338,136780.44499983784,1733492,875055.0,2.5336,459.9559999999972,1436.8429999999844,0.016,0.016347,0.01,0.01,0.016,0.016,0.01,0.01,34314.87,34400.572,32711.646,32984.506,1603.378000241879,-724001.1059633787,16618.0,646055.0,-976.8869999999872,166587.1320000033
2021-03-27,55030.0,56658.76,54001.0,55828.0,234435.32599958684,117057.47999988656,1502818,740140.0,2.5562,667.4649999999953,1636.8929999999864,0.01,0.01,0.01,0.01,0.01,0.077864,0.01,0.01,32984.506,33609.305,31965.447,32081.721,-320.36599981371546,-724321.4719631923,-22538.0,623517.0,-969.4279999999911,165617.70400000332
2021-03-28,55828.0,56588.31,54694.91,55805.08,200603.76799943295,97635.4679998572,1302269,646839.0,2.0998,913.4119999999934,384.2079999999992,0.01,0.01,0.01,0.01,0.01,0.01,0.01,0.01,32081.721,32797.402,31085.875,31209.737,-5332.831999718561,-729654.3039629109,-8591.0,614926.0,529.2039999999943,166146.9080000033
2021-03-29,55804.16,58490.11,54931.15,57677.64,277105.37099962845,138072.77999989846,1852397,928083.0,2.2154,651.9439999999944,1677.2559999999798,0.01,0.036059,0.01,0.032077,0.01,0.018171,0.01,0.018171,31209.737,35781.936,31209.737,32494.807,-959.810999831534,-730614.1149627424,3769.0,618695.0,-1025.3119999999853,165121.59600000334
2021-03-30,57676.14,59560.0,57110.0,58794.16,232750.61899966287,115799.16999999901,1543415,771065.0,2.0969,380.2349999999989,689.6879999999959,0.032026,0.09329,0.0,0.080901,0.032026,0.083501,0.027258,0.083501,32378.177,34778.66,32000.272,34489.638,-1152.2789996648498,-731766.3939624073,-1285.0,617410.0,-309.452999999997,164812.14300000333
2021-03-31,58794.17,59920.0,56812.0,58807.24,336828.3759991196,165596.69999975958,2186187,1088334.0,2.2415,2564.1730000000334,850.409999999994,0.080754,0.112789,0.058414,0.109435,0.080754,0.080754,0.058414,0.058414,34489.638,35379.519,33604.826,34414.927,-5634.975999600429,-737401.3699620077,-9519.0,607891.0,1713.7630000000395,166525.90600000336
2021-04-01,58810.99,59592.22,58002.0,58794.01,196183.23199962825,94655.26199994527,1227212,609571.0,2.2787,851.7419999999944,230.7019999999998,0.109277,0.111534,0.0456,0.071067,0.109277,0.109277,0.051932,0.051932,34414.927,34966.306,33263.12,33434.442,-6872.7079997377,-744274.0779617454,-8070.0,599821.0,621.0399999999946,167146.94600000337
2021-04-02,58797.56,60397.85,58490.03,59031.36,189391.94899972522,92589.84499994609,1164104,582574.0,2.2279,775.6229999999963,442.77299999999735,0.071058,0.116004,0.063107,0.06325,0.071058,0.106221,0.01,0.10197,33434.442,35503.819,33159.786,34555.989,-4212.258999833051,-748486.3369615785,1044.0,600865.0,332.84999999999894,167479.79600000338
2021-04-03,59028.99,59925.0,56900.0,57134.65,198636.16999971287,93687.05399991399,1185188,584092.0,2.7106,2461.7189999999982,238.47799999999964,0.063267,0.111684,0.051328,0.052012,0.10197,0.107843,0.063267,0.101313,34555.989,35868.496,34028.709,34674.372,-11262.0619998849,-759748.3989614634,-17004.0,583861.0,2223.2409999999986,169703.0370000034
2021-04-04,57134.65,58553.0,56517.23,58234.61,152454.1219998301,74594.62699993042,912263,460086.0,2.3179,966.6009999999924,370.0859999999992,0.05209,0.067762,0.024797,0.039609,0.05209,0.05209,0.01,0.026521,34674.372,35112.017,33364.203,33789.721,-3264.867999969254,-763013.2669614326,7909.0,591770.0,596.5149999999932,170299.55200000337
2021-04-05,58234.61,59385.0,56808.94,59243.39,174338.3939997923,86261.20699993928,1085986,554472.0,2.4831,508.7059999999974,478.1679999999989,0.039464,0.099233,0.019466,0.097031,0.039464,0.045078,0.037409,0.037409,33789.721,34587.484,33570.759,33814.727,-1815.9799999137176,-764829.2469613464,22958.0,614728.0,30.537999999998476,170330.09000000337
2021-04-06,59243.4,59626.18,57500.0,58059.99,165495.71799983463,78585.69799993395,1067786,518957.0,2.4746,799.7799999999933,143.38000000000025,0.097189,0.103626,0.056657,0.057588,0.037409,0.097189,0.037409,0.083736,33814.727,34777.617,32962.243,33522.886,-8324.32199996672,-773153.5689613131,-29872.0,584856.0,656.399999999993,170986.49000000337
2021-04-07,58060.0,58720.0,55536.07,56018.18,264851.9179994439,127488.42999997188,1651610,824097.0,3.075,2966.282000000019,303.32099999999946,0.057609,0.077184,0.040757,0.040757,0.057609,0.057609,0.05366,0.05366,33522.886,35840.851,32453.028,34844.93,-9875.057999500132,-783028.6269608133,-3416.0,581440.0,2662.9610000000193,173649.45100000338
2021-04-08,56018.17,58200.0,55759.13,58122.26,161223.50499982797,79828.72399993852,1025838,519407.0,3.1789,207.4930000000002,474.55299999999767,0.040784,0.053823,0.01,0.019574,0.05366,0.05366,0.01,0.026225,34844.93,35813.096,33213.776,33213.776,-1566.0569999509316,-784594.6839607642,12976.0,594416.0,-267.05999999999744,173382.39100000338
2021-04-09,58122.93,58950.0,57700.0,58176.03,141679.40599992947,68299.9519999125,871715,433714.0,2.5273,258.6650000000001,363.88099999999815,0.019611,0.038882,0.01,0.013002,0.019611,0.026301,0.019611,0.021785,33213.776,33257.57,32121.743,32347.16,-5079.502000104461,-789674.1859608686,-4287.0,590129.0,-105.21599999999808,173277.1750000034
2021-04-10,58176.04,61800.0,57943.95,59832.43,240906.82599947284,119095.67499996656,1431406,718588.0,2.5638,1488.1559999999881,1750.1539999999798,0.012959,0.155125,0.01103,0.086965,0.012959,0.148624,0.012959,0.119652,32347.16,35789.772,31790.071,33761.502,-2715.475999539718,-792389.6619604083,5770.0,595899.0,-261.99799999999163,173015.1770000034
2021-04-11,59832.43,60816.88,59304.02,60090.2,148499.67499992973,72619.75899992784,941409,468877.0,2.9872,320.25999999999874,184.8029999999999,0.086735,0.116843,0.085466,0.093878,0.086735,0.105998,0.057038,0.105998,33761.502,34798.592,33073.002,34440.062,-3260.1570000740467,-795649.8189604824,-3655.0,592244.0,135.45699999999883,173150.6340000034
2021-04-12,60093.26,61449.91,59500.0,59911.18,196106.28899957714,95083.46199994953,1183290,582710.0,2.9698,645.6929999999955,340.4689999999992,0.093793,0.141231,0.083734,0.084285,0.093793,0.106358,0.093793,0.094343,34440.062,36627.867,34083.714,35845.358,-5939.364999678073,-801589.1839601605,-17870.0,574374.0,305.22399999999635,173455.85800000338
2021-04-13,59911.19,63850.0,59873.01,63649.71,279388.0509991153,140923.08499995738,1639494,822856.0,3.2955,391.2749999999983,1758.3999999999805,0.084072,0.154004,0.0684,0.090657,0.084072,0.12267,0.084072,0.12267,35845.358,40297.218,35455.92,38440.528,2458.1190007994883,-799131.064959361,6218.0,580592.0,-1367.1249999999823,172088.7330000034
2021-04-14,63645.05,64986.11,61404.0,63019.1,323350.1459988651,156439.83899985786,1908644,939803.0,2.2175,2415.8929999999978,894.0589999999881,0.090508,0.114454,0.076475,0.076475,0.090508,0.108567,0.090508,0.104786,38440.528,38698.914,36660.681,36660.681,-10470.467999149347,-809601.5329585103,-29038.0,551554.0,1521.8340000000096,173610.56700000342
2021-04-15,63018.34,63905.83,62157.89,63232.55,178601.88099968928,87074.02199993221,1089581,542763.0,3.1563,257.9509999999996,197.18900000000014,0.076335,0.116641,0.06935,0.109885,0.104786,0.110324,0.047834,0.110324,36660.681,37433.915,35937.478,36178.114,-4453.836999824853,-814055.3699583352,-4055.0,547499.0,60.76199999999949,173671.3290000034
2021-04-16,63232.56,63600.0,60100.0,61424.67,255764.7349993396,121035.6919999822,1535838,758876.0,3.0783,2410.824000000004,205.05299999999997,0.109647,0.147405,0.054533,0.054946,0.109647,0.120022,0.084593,0.115519,36178.114,39407.906,34681.79,34775.242,-13693.350999375194,-827748.7209577104,-18086.0,529413.0,2205.7710000000043,175877.1000000034
2021-04-17,61424.67,62610.0,59620.0,60090.14,194100.62599971387,93148.50899995734,1147641,568341.0,3.7916,1352.1119999999826,115.18100000000031,0.054906,0.093551,0.046648,0.081598,0.054906,0.10521,0.054007,0.087572,34775.242,36018.847,33788.806,35248.862,-7803.607999799191,-835552.3289575096,-10959.0,518454.0,1236.9309999999823,177114.0310000034
2021-04-18,60090.14,60450.0,50050.0,56140.05,510875.57099736214,246552.9749991746,3511723,1738732.0,4.5525,17835.522000001554,1515.4179999999728,0.081598,0.091891,0.01,0.01,0.081624,0.081624,0.01,0.01,35248.862,36556.015,28184.975,28350.636,-17769.620999012957,-853321.9499565226,-34259.0,484195.0,16320.104000001582,193434.135000005
2021-04-19,56140.05,57532.7,54200.0,55634.39,285039.6639992789,143616.24799986996,1800937,902984.0,2.8956,1567.8979999999772,688.1399999999951,0.01,0.041466,0.01,0.01,0.01,0.089928,0.01,0.01,28350.636,29085.127,26573.921,27155.08,2192.8320004609996,-851129.1179560616,5031.0,489226.0,879.7579999999821,194313.89300000496
2021-04-20,55634.38,57060.0,53330.82,56410.56,324471.35299886286,162234.9659998239,1992611,998053.0,2.5461,1433.6829999999793,970.5309999999895,0.01,0.01,0.01,0.01,0.01,0.01,0.01,0.01,27155.08,29913.011,27155.08,28200.06,-1.4209992150426842,-851130.5389552766,3495.0,492721.0,463.1519999999898,194777.04500000496
2021-04-21,56411.25,56756.78,53610.0,53800.0,252574.12499951487,123944.90499983172,1614185,797713.0,2.6711,1506.5889999999822,363.0979999999981,0.01,0.01,0.01,0.01,0.01,0.012887,-0.001081,0.01,28200.06,29190.602,27448.899,28619.803,-4684.314999851427,-855814.853955128,-18759.0,473962.0,1143.490999999984,195920.53600000494
2021-04-22,53794.72,55470.51,50534.34,51714.61,452816.6339977055,220764.59499956912,2878571,1441041.0,2.5112,4517.224000000222,1326.369999999983,0.01,0.01,0.01,0.01,0.01,0.01,0.01,0.01,28619.803,31484.068,28356.427,31295.644,-11287.443998567236,-867102.2979536953,3511.0,477473.0,3190.854000000239,199111.39000000517
2021-04-23,51714.62,52152.0,47546.16,51122.62,554539.2839983829,274482.0289990898,3507869,1751416.0,2.4916,6286.210000000385,2593.253000000026,0.01,0.05477,0.01,0.01,0.01,0.047618,0.01,0.01,31295.644,35157.573,31121.18,32204.409,-5575.226000203285,-872677.5239538986,-5037.0,472436.0,3692.9570000003587,202804.34700000554
2021-04-24,51122.63,51183.51,48690.0,50092.4,299657.0419989452,149703.67099980917,1833675,908623.0,2.1008,1396.2139999999831,1104.0719999999917,0.01,0.038307,0.01,0.021581,0.01,0.027672,0.01,0.01676,32204.409,33980.995,32204.409,33548.364,-249.69999932684004,-872927.2239532254,-16429.0,456007.0,292.1419999999914,203096.48900000553
2021-04-25,50094.27,50577.9,46930.43,49063.94,310303.62799937587,153654.07799979925,1905337,953860.0,1.5426,3136.667000000023,1035.1629999999934,0.0217,0.046184,0.01,0.01,0.0217,0.038558,0.01,0.01,33548.364,34399.422,32709.08,32709.08,-2995.4719997773645,-875922.6959530028,2383.0,458390.0,2101.50400000003,205197.99300000555
2021-04-26,49063.93,54364.89,48763.0,53984.33,390492.2929986946,197840.13999966136,2293225,1150732.0,1.5873,895.368999999993,3296.6790000000155,0.01,0.01,0.01,0.01,0.01,0.016567,0.01,0.01,32709.08,32709.08,28186.678,28276.247,5187.987000628142,-870734.7089523746,8239.0,466629.0,-2401.3100000000227,202796.68300000552
2021-04-27,53984.34,55500.0,53225.14,55006.25,225438.82399947554,112883.47299986621,1381723,692283.0,1.5907,241.0139999999997,514.6819999999983,0.01,0.01,0.01,0.01,0.01,0.01,0.01,0.01,28276.247,29779.178,27706.74,27706.74,328.12200025687343,-870406.5869521177,2843.0,469472.0,-273.66799999999864,202523.01500000551
2021-04-28,55006.25,56574.13,53852.0,54861.77,263167.3029992373,131081.38099987354,1602819,802999.0,1.7855,211.0659999999996,282.8439999999996,0.01,0.01,0.01,0.01,0.01,0.01,0.01,0.01,27768.413,28857.149,27700.995,28432.014,-1004.5409994902438,-871411.127951608,3179.0,472651.0,-71.77799999999999,202451.23700000552
2021-04-29,54861.76,55222.02,52350.0,53558.8,257025.34499928466,127030.03199988435,1472060,734287.0,2.1309,189.41799999999978,107.18900000000002,0.01,0.033725,0.01,0.01,0.01,0.01,0.01,0.01,28432.014,31130.322,27983.215,30355.829,-2965.2809995159623,-874376.408951124,-3486.0,469165.0,82.22899999999976,202533.46600000552
2021-04-30,53558.57,57935.0,53043.62,57684.16,294679.4089990108,149515.07499985603,1627926,827920.0,2.3761,78.407,334.73599999999954,0.01,0.024067,0.01,0.011505,0.01,0.01,0.01,0.01,30355.829,33045.026,29808.442,31978.926,4350.741000701266,-870025.6679504227,27914.0,497079.0,-256.32899999999955,202277.13700000552
2021-05-01,57688.29,58488.17,57051.23,57836.34,207850.0199996644,101535.7619999603,1154628,567500.0,2.1279,105.41400000000014,143.81300000000016,0.011209,0.042101,0.01,0.015866,0.011209,0.032496,0.01,0.032496,31978.926,34009.278,31683.351,32523.608,-4778.495999743784,-874804.1639501665,-19628.0,477451.0,-38.399000000000015,202238.7380000055
2021-05-02,57836.35,57959.97,56100.0,56630.33,203711.86199965698,99756.76899993609,1138840,570400.0,2.2185,148.45600000000005,79.05000000000004,0.015819,0.057383,0.015557,0.040365,0.015819,0.045285,0.015819,0.045283,32523.608,34060.967,32523.608,33262.058,-4198.3239997847995,-879002.4879499513,1960.0,479411.0,69.406,202308.1440000055
2021-05-03,56630.34,59056.59,56500.65,57214.83,271732.3059994009,132369.94800000117,1493895,737275.0,2.7893,174.9449999999999,165.05400000000017,0.040313,0.072356,0.030839,0.051119,0.040313,0.067307,0.036188,0.067307,33262.058,35393.092,32019.915,34871.253,-6992.409999398573,-885994.8979493498,-19345.0,460066.0,9.890999999999735,202318.0350000055
2021-05-04,57214.84,57253.76,53094.59,53263.32,388987.34399834555,186838.06099957126,2232262,1103509.0,3.0584,374.10199999999924,226.59799999999987,0.050959,0.082767,0.011585,0.044763,0.050959,0.066426,0.012186,0.066426,34871.253,35716.952,32913.591,33760.506,-15311.22199920303,-901306.1199485529,-25244.0,434822.0,147.50399999999937,202465.5390000055
2021-05-05,53263.32,57940.0,52880.38,57497.77,317810.8199990249,157927.85099982517,1652574,832507.0,2.7327,136.0310000000001,259.5139999999995,0.044701,0.079419,0.01,0.076182,0.044701,0.044701,0.01,0.011734,33760.506,33841.277,31097.552,31192.814,-1955.1179993745754,-903261.2379479276,12440.0,447262.0,-123.48299999999941,202342.05600000548
2021-05-06,57497.76,58450.0,55297.91,56435.35,275471.204,132665.788,1433911,708613.0,2.3807,182.34400000000002,170.05100000000013,0.076121,0.100495,0.044754,0.044754,0.011734,0.09352,0.011734,0.09352,31192.814,34173.921,31068.939,33270.295,-10139.628000000026,-913400.8659479276,-16685.0,430577.0,12.292999999999893,202354.3490000055
2021-05-07,56435.35,58800.0,55300.0,57350.88,256103.5059993717,126449.50199993908,1463613,729587.0,3.2176,239.13399999999973,231.089,0.044645,0.06449,0.011927,0.059564,0.044645,0.053313,0.017144,0.017144,33270.295,33819.394,31308.57,31712.645,-3204.501999493543,-916605.3679474212,-4439.0,426138.0,8.044999999999732,202362.3940000055
2021-05-08,57350.89,59590.96,56961.25,58924.98,264758.4799991018,130936.92400003661,1565813,773170.0,2.667,158.38400000000013,229.18499999999972,0.05937,0.091251,0.030448,0.048953,0.05937,0.05937,0.046279,0.046426,31712.645,34857.437,30893.637,32952.598,-2884.6319990285556,-919489.9999464497,-19473.0,406665.0,-70.80099999999959,202291.5930000055
2021-05-09,58926.36,59335.19,56316.0,58292.53,245606.85799932122,119558.84299995763,1346887,670843.0,2.3378,156.07800000000017,131.86699999999996,0.048942,0.079845,0.033653,0.033653,0.048942,0.083736,0.043845,0.063864,32952.598,34083.309,31792.498,31792.498,-6489.171999405953,-925979.1719458556,-5201.0,401464.0,24.21100000000021,202315.8040000055
2021-05-10,58292.53,59654.0,53250.0,55869.67,396237.133,189136.115,0,,2.882,394.27099999999945,245.34600000000006,0.033531,0.118404,0.031624,0.039591,0.033531,0.098653,0.033531,0.098653,31792.498,36890.306,31153.747,32825.278,-17964.90299999999,-943944.0749458557,,,148.9249999999994,202464.7290000055
2021-05-11,55869.41,56908.66,54541.33,56710.43,267031.54899925686,132196.78899989862,1532087,763461.0,3.29,208.9989999999998,184.76299999999966,0.039557,0.062369,0.01,0.01666,0.039557,0.050874,0.025625,0.025625,32825.278,34120.99,32115.098,32115.098,-2637.9709994596196,-946582.0459453153,-5165.0,396299.0,24.236000000000132,202488.9650000055
2021-05-12,56712.7,58049.99,48503.74,49595.76,472239.78099775285,226253.87499897915,2641107,1295722.0,2.4294,827.4849999999983,291.2669999999995,0.016659,0.070186,0.011197,0.011197,0.016659,0.039761,0.016659,0.039761,32115.098,35660.007,30736.497,35415.555,-19732.030999794544,-966314.0769451098,-49663.0,346636.0,536.2179999999988,203025.1830000055
2021-05-13,49596.75,51358.0,45596.32,49707.9,652113.0710007297,321784.5409984382,4158617,2082042.0,2.4165,697.3769999999927,573.5649999999953,0.011638,0.040617,0.01,0.040156,0.011638,0.119652,0.01,0.022863,35415.555,35415.555,29973.945,34164.337,-8543.98900385329,-974858.065948963,5467.0,352103.0,123.8119999999974,203148.9950000055
2021-05-14,49706.27,51533.0,48870.41,49873.27,319066.31799910014,157823.0579998138,1669918,832932.0,2.8595,234.9109999999999,242.5300000000001,0.04004,0.04113,0.01,0.01,0.04004,0.04004,0.015069,0.015069,34164.337,34342.83,32373.797,33037.718,-3420.2019994725124,-978278.2679484356,-4054.0,348049.0,-7.619000000000199,203141.3760000055
2021-05-15,49873.26,50709.43,46584.32,46793.41,442018.8939980779,217898.418999552,2371529,1173601.0,3.2517,507.3439999999969,388.11400000000003,0.01,0.043654,0.01,0.040364,0.01,0.020153,0.01,0.020153,33037.718,36806.77,32975.768,36762.853,-6222.055998973898,-984500.3239474095,-24327.0,323722.0,119.22999999999689,203260.6060000055
2021-05-16,46794.62,49829.39,43866.0,46429.28,604532.7399991417,299648.39099868026,3287965,1646150.0,2.7836,557.6559999999962,473.70599999999814,0.040248,0.056807,0.01,0.01,0.040248,0.040248,0.016682,0.036196,36762.853,38410.554,35342.118,36965.176,-5235.958001781139,-989736.2819491907,4335.0,328057.0,83.94999999999806,203344.5560000055
2021-05-17,46429.28,46655.0,42151.0,43566.18,809121.7430005334,401007.48499850195,4531584,2254274.0,3.1068,934.7859999999941,624.7419999999969,0.01,0.076215,0.01,0.054832,0.01,0.063989,0.01,0.059294,36965.176,43875.247,36591.816,42314.845,-7106.773003529524,-996843.0549527202,-23036.0,305021.0,310.04399999999725,203654.6000000055
2021-05-18,43565.11,45846.61,42268.0,42882.53,589452.8699988074,292502.84999890695,3162912,1574395.0,3.0306,512.2419999999972,464.30999999999875,0.054643,0.054643,0.01,0.01,0.054643,0.054643,0.014723,0.021809,42314.845,43011.333,40022.343,42048.9,-4447.17000099353,-1001290.2249537137,-14122.0,290899.0,47.93199999999848,203702.5320000055
2021-05-19,42882.54,43615.93,28688.0,36689.14,1373851.849,669982.224,7853155,3914127.0,3.9407,1883.3999999999794,1177.5479999999857,0.01,0.053993,-0.109024,0.01,0.01,0.115519,-0.089697,-0.089697,42048.9,46484.4,24359.544,24736.251,-33887.40099999984,-1035177.6259537135,-24901.0,265998.0,705.8519999999937,204408.3840000055
2021-05-20,36689.35,42460.0,34882.0,40500.3,774312.3840066774,393611.1529973204,5483131,2751808.0,1.7078,511.80099999999265,564.9579999999937,0.01,0.01,0.007421,0.01,0.01,0.021809,0.01,0.01,24736.251,26817.644,23695.038,24363.655,12909.921987963375,-1022267.7039657502,20485.0,286483.0,-53.15700000000106,204355.22700000549
2021-05-21,40500.0,42270.42,33400.0,37211.02,930654.1190099787,469505.64299682644,6232238,3117904.0,1.5934,509.99099999999464,413.69299999999646,0.01,0.01,-0.024259,-0.024259,0.01,0.01,-0.001001,0.007546,24363.655,29524.524,24212.799,29007.926,8357.166983674164,-1013910.536982076,3570.0,290053.0,96.29799999999818,204451.5250000055
2021-05-22,37210.01,38851.34,35201.11,37432.58,588156.1029996502,297482.62699843064,4027778,2016903.0,1.2604,258.0709999999993,243.54199999999955,-0.024448,0.01,-0.0329,-0.005057,-0.024448,0.01,-0.024448,0.01,29007.926,29944.707,26808.655,27882.282,6809.150997211109,-1007101.3859848649,6028.0,296081.0,14.52899999999974,204466.0540000055
2021-05-23,37436.0,38261.71,31096.7,34651.6,996809.7200213581,506713.28399516863,6827520,3432490.0,1.373,504.4579999999933,355.80399999999656,-0.005011,0.01,-0.015538,-0.008302,-0.005011,0.004696,-0.005011,0.004696,27882.282,33018.922,27715.523,30593.17,16616.847968979157,-990484.5380158857,37460.0,333541.0,148.65399999999676,204614.7080000055
2021-05-24,34656.53,39917.09,34366.0,38779.66,707886.9620039416,360442.21799830854,4294946,2157649.0,1.6413,250.37299999999973,265.33799999999866,-0.008534,0.01,-0.029978,0.01,-0.008534,0.002089,-0.009905,0.002089,30593.17,34560.337,29608.243,30522.882,12997.473992675426,-977487.0640232103,20352.0,353893.0,-14.964999999998923,204599.74300000552
2021-05-25,38783.58,39790.05,36439.32,38326.84,598826.2829992913,298975.8369985502,3656792,1827269.0,1.7525,197.89699999999937,191.44599999999957,0.01,0.01,0.01,0.01,0.01,0.01,0.01,0.01,30522.882,33294.84,29347.372,31416.915,-874.6090021908749,-978361.6730254012,-2254.0,351639.0,6.4509999999997945,204606.19400000552
2021-05-26,38326.84,40900.0,37804.76,39224.2,577025.1249991274,282376.1249989518,3063128,1527319.0,1.6123,166.95400000000004,160.09600000000052,0.01,0.01,0.01,0.01,0.01,0.01,0.01,0.01,31416.915,35523.927,30194.037,32235.665,-12272.875001223758,-990634.548026625,-8490.0,343149.0,6.857999999999521,204613.05200000553
2021-05-27,39224.21,40438.82,37133.22,38527.38,543330.664998025,271683.9739992391,2885071,1436097.0,2.2616,187.47399999999988,143.55300000000025,0.01,0.01,0.01,0.01,0.01,0.01,0.01,0.01,32235.665,35670.395,30936.799,31892.449,37.28300045314245,-990597.2650261718,-12877.0,330272.0,43.92099999999962,204656.97300000553
2021-05-28,38533.08,38888.35,34689.57,35670.99,832348.8820058841,412400.8769980548,4238119,2117442.0,1.5853,321.2459999999979,239.52799999999937,0.01,0.01,0.01,0.01,0.01,0.01,0.01,0.01,31892.449,38242.926,31198.101,37072.458,-7547.128009774489,-998144.3930359463,-3235.0,327037.0,81.71799999999851,204738.69100000552
2021-05-29,35670.99,37375.0,33650.0,34611.94,733892.6980044382,367438.39699828054,3980195,1988015.0,1.6918,214.3729999999997,208.5360000000001,0.01,0.019487,0.01,0.01,0.01,0.010375,-0.001001,0.010375,37072.458,39454.792,35063.512,38414.177,984.0959921228932,-997160.2970438234,-4165.0,322872.0,5.83699999999962,204744.52800000552
2021-05-30,34611.95,36501.0,33356.0,35651.81,511822.26999697986,257606.44599932354,2776194,1381148.0,1.8645,125.10100000000045,160.72899999999998,0.01,0.01,0.01,0.01,0.01,0.01,0.01,0.01,38414.177,40680.257,36593.4,37422.539,3390.622001667216,-993769.6750421561,-13898.0,308974.0,-35.62799999999953,204708.90000000552
2021-05-31,35651.8,37500.0,34150.0,37243.38,635075.447000534,321538.05199902016,3081563,1546518.0,1.448,163.08900000000006,204.82500000000024,0.01,0.01,0.01,0.01,0.01,0.01,0.01,0.01,37422.539,40187.448,36624.94,37870.992,8000.656997506274,-985769.0180446499,11473.0,320447.0,-41.73600000000019,204667.16400000552
2021-06-01,37244.36,37893.76,35500.0,36693.41,590815.3239988738,291773.0789989629,2959522,1476909.0,1.4096,183.90999999999957,153.5430000000005,0.01,0.01,0.01,0.01,0.01,0.01,0.01,0.01,37870.992,39369.021,36254.968,37265.105,-7269.166000948055,-993038.1840455979,-5704.0,314743.0,30.36699999999908,204697.53100000552
2021-06-02,36694.37,38232.99,35905.0,37569.99,441709.2909978811,223989.6809993564,2287718,1144302.0,2.0139,77.95700000000006,123.89500000000037,0.01,0.01,0.01,0.01,0.01,0.01,0.01,0.01,37265.105,41583.298,37085.152,39288.576,6270.0710008317255,-986768.1130447662,886.0,315629.0,-45.9380000000003,204651.59300000552
2021-06-03,37570.0,39470.0,37150.15,39247.4,507420.4139980884,254926.4809992926,2418423,1211122.0,1.2422,100.806,146.73100000000028,0.01,0.01,0.01,0.01,0.01,0.01,0.01,0.01,39288.576,43905.103,38861.992,43424.878,2432.548000496812,-984335.5650442694,3821.0,319450.0,-45.92500000000028,204605.66800000553
2021-06-04,39247.4,39297.35,35552.51,36828.03,700618.7860034673,345355.2909986438,3279114,1627799.0,1.666,214.94199999999964,177.3809999999999,0.01,0.021261,0.01,0.01,0.01,0.020566,0.01,0.01,43424.878,44543.103,41194.682,41278.137,-9908.204006179702,-994243.7690504491,-23516.0,295934.0,37.56099999999975,204643.22900000552
2021-06-05,36828.03,37900.49,34800.0,35498.62,631022.1360011917,314761.4179988204,3076597,1525817.0,1.584,200.50999999999974,150.98900000000035,0.01,0.01,0.01,0.01,0.01,0.036188,0.01,0.01,41278.137,43521.082,40605.703,42860.691,-1499.3000035508303,-995743.069054,-24963.0,270971.0,49.52099999999939,204692.75000000553
2021-06-06,35497.93,36521.16,35201.86,35801.71,443599.4799982977,223277.3949994938,2115736,1062361.0,1.6151,85.80000000000025,114.9710000000002,0.01,0.01,0.01,0.01,0.01,0.01,0.01,0.01,42860.691,46876.655,42860.691,44465.027,2955.310000689875,-992787.7590533101,8986.0,279957.0,-29.17099999999995,204663.57900000553
2021-06-07,35801.71,36820.0,33200.0,33550.96,636732.0450012591,310814.8159989941,2931413,1450713.0,1.7747,196.70199999999974,128.8650000000002,0.01,0.01,0.01,0.01,0.01,0.042458,0.01,0.01,44465.027,49410.656,42624.168,48059.284,-15102.413003270864,-1007890.172056581,-29987.0,249970.0,67.83699999999953,204731.41600000553
2021-06-08,33550.97,34061.57,30969.0,33372.58,976685.3630103534,498097.00899775524,4287133,2152434.0,1.5846,387.5689999999986,412.3279999999988,0.01,0.01,-0.004827,0.01,0.01,0.01,0.001015,0.01,48059.284,50808.295,46329.578,46962.463,19508.654985157074,-988381.5170714239,17735.0,267705.0,-24.759000000000185,204706.65700000554
2021-06-09,33372.58,37511.31,32390.0,37368.45,1031007.3710125305,537302.8379977306,4488687,2282571.0,1.4266,442.7009999999987,527.2459999999986,0.01,0.01,-0.027127,-0.016855,0.01,0.01,-0.014842,-0.014842,46962.463,55294.437,46962.463,52488.632,43598.304982930655,-944783.2120884933,76455.0,344160.0,-84.5449999999999,204622.11200000552
2021-06-10,37369.99,38489.0,35750.0,36669.66,803180.3510051406,404575.35399851156,3712921,1854146.0,0.9246,394.16499999999775,379.40299999999877,-0.016793,0.01,-0.020695,0.01,-0.016793,0.01,-0.016793,0.01,52488.632,52492.962,46016.763,46182.548,5970.356991882552,-938812.8550966107,-4629.0,339531.0,14.761999999998977,204636.8740000055
2021-06-11,36669.65,37679.54,35900.0,37300.42,518888.10999795835,262678.3979993662,2582491,1299386.0,1.0313,221.41799999999958,199.845,0.01,0.01,-0.012244,-0.007676,0.01,0.01,0.002612,0.004776,46182.548,49299.825,46125.277,47514.512,6468.686000774091,-932344.1690958366,16281.0,355812.0,21.57299999999958,204658.44700000552
2021-06-12,37300.41,37432.95,34585.9,35537.05,623528.5350005073,309748.12399901875,2944761,1475872.0,0.8529,347.6219999999994,231.60199999999938,-0.00778,0.01,-0.009577,0.009637,-0.00778,0.01,-0.00778,-0.000814,47514.512,50057.143,47373.737,47543.307,-4032.2870024697622,-936376.4560983063,6983.0,362795.0,116.02000000000001,204774.4670000055
2021-06-13,35535.95,39374.18,34739.06,38993.65,647030.8870014101,337261.09199884254,3124874,1589135.0,1.1048,211.7289999999999,295.5819999999993,0.00964,0.01,-0.021416,0.01,0.00964,0.00964,-0.006559,-0.006559,47543.307,53649.211,47449.663,50586.54,27491.296996274963,-908885.1591020314,53396.0,416191.0,-83.85299999999941,204690.6140000055
2021-06-14,38993.66,41000.0,38720.0,40489.1,704976.8120014023,355117.77899837156,3532931,1773733.0,0.9873,254.4110000000001,238.17599999999925,0.01,0.01,-0.010102,0.007996,0.01,0.01,-0.003144,-0.003144,50586.54,53735.252,49403.085,49608.559,5258.745995340869,-903626.4131066905,14535.0,430726.0,16.235000000000838,204706.84900000552
2021-06-15,40489.1,41413.0,39500.0,40132.86,632064.5029997133,314408.29199893447,2925679,1468814.0,1.0921,224.84199999999976,271.56399999999974,0.008002,0.01,0.007522,0.01,0.008002,0.01,0.008002,0.01,49608.559,52843.69,48827.859,49805.375,-3247.9190018443624,-906874.3321085349,11949.0,442675.0,-46.72199999999998,204660.1270000055
2021-06-16,40132.86,40495.0,38105.0,38344.97,673206.5020024107,331701.1769987452,3171698,1580112.0,1.2563,298.784999999999,192.40999999999983,0.01,0.01,0.01,0.01,0.01,0.015069,0.01,0.01,49805.375,53597.557,49576.672,52027.71,-9804.148004920338,-916678.4801134552,-11474.0,431201.0,106.37499999999918,204766.5020000055
2021-06-17,38344.97,39565.0,37334.76,38060.71,603847.6989999065,295853.22399915213,2603295,1293114.0,1.6096,226.1209999999998,195.85599999999985,0.01,0.01,0.005453,0.005453,0.01,0.01,0.01,0.01,52027.71,55992.922,51506.196,53411.949,-12141.251001602272,-928819.7311150575,-17067.0,414134.0,30.264999999999958,204796.76700000552
2021-06-18,38060.71,38198.0,35100.0,35811.41,790379.876003829,384889.7819986529,3264700,1617288.0,2.2499,426.3939999999978,321.75999999999914,0.005342,0.01,-0.005349,-0.00524,0.005342,0.01,0.000345,0.01,53411.949,56604.96,50691.84,50691.84,-20600.312006523134,-949420.0431215806,-30124.0,384010.0,104.63399999999865,204901.4010000055
2021-06-19,35811.37,36471.8,34704.08,35483.0,638795.1360011544,323474.28099909716,2651693,1333431.0,1.9967,358.49499999999904,354.00899999999876,-0.005205,0.01,-0.014725,0.01,-0.005205,0.007475,-0.009441,0.007475,50691.84,55869.588,50427.647,52075.117,8153.425997039885,-941266.6171245407,15169.0,399179.0,4.486000000000274,204905.88700000552
2021-06-20,35483.01,36155.0,33312.0,35588.64,829895.5300047701,414731.29799865314,3318164,1660231.0,1.8074,361.95099999999866,398.83599999999933,0.01,0.01,-0.034869,-0.001658,0.007475,0.01,-0.018437,-0.018437,52075.117,58805.234,51798.98,54166.792,-432.9340074638603,-941699.5511320046,2298.0,401477.0,-36.88500000000067,204869.0020000055
2021-06-21,35588.63,35746.28,31250.51,31606.0,1397289.673009616,695646.6700029274,5851813,2925703.0,2.0003,1013.9109999999919,655.5749999999958,-0.001617,0.01,-0.021195,0.007832,-0.001617,0.035813,-0.089697,-0.019854,54166.792,56506.6,51046.382,51067.977,-5996.333003761247,-947695.8841357658,-407.0,401070.0,358.33599999999603,205227.33800000552
2021-06-22,31606.0,33274.0,28780.01,32496.0,1531757.6740074076,777641.0640030234,6532586,3290450.0,1.9815,949.4109999999924,733.7369999999931,0.007947,0.01,-0.054026,-1e-06,0.007947,0.01,-0.032806,-0.032806,51067.977,57645.036,50739.98,51628.331,23524.45399863925,-924171.4301371266,48314.0,449384.0,215.6739999999993,205443.01200000552
2021-06-23,32495.99,34867.77,31711.5,33649.0,960681.1430080906,485341.6389986195,3963156,1988320.0,1.3132,460.4019999999975,547.013999999997,6.7e-05,0.01,-0.032011,-0.007735,6.7e-05,6.7e-05,-0.019895,-0.019895,51628.331,56489.798,50781.768,52127.949,10002.134989148472,-914169.2951479781,13484.0,462868.0,-86.61199999999957,205356.40000000552
2021-06-24,33650.0,35406.74,32300.0,34644.64,774897.7680039103,394436.9959986843,3143146,1585701.0,1.6089,321.95699999999863,333.14599999999905,-0.007785,0.01,-0.027074,0.002279,-0.007785,0.01,-0.018863,-0.018863,52127.949,56215.706,51971.952,55520.637,13976.22399345832,-900193.0711545198,28256.0,491124.0,-11.18900000000042,205345.2110000055
2021-06-25,34644.65,35500.0,31250.0,31568.07,1093045.808009972,541146.1379985325,4353600,2164247.0,1.2242,781.862999999995,523.1399999999965,0.002372,0.01,-0.011013,-0.011008,0.002372,0.086993,0.002372,0.01,55520.637,57812.04,52838.86,53033.57,-10753.53201290709,-910946.6031674269,-25106.0,466018.0,258.7229999999986,205603.9340000055
2021-06-26,31569.18,32720.52,30120.0,32255.56,1091382.9020112362,557734.0139988364,4563944,2306177.0,1.7435,650.3179999999962,509.45999999999657,-0.011029,-0.001984,-0.03901,-0.023754,-0.011029,-0.010371,-0.013121,-0.010371,53033.57,56597.79,52338.059,55578.6,24085.125986436615,-886861.4771809903,48410.0,514428.0,140.85799999999966,205744.79200000552
2021-06-27,32250.15,34762.0,31960.0,34687.71,897146.8040094352,454620.13799826114,3790230,1917133.0,1.5988,382.30499999999887,435.11299999999864,-0.023578,-0.003042,-0.053631,-0.003042,-0.023578,0.083621,-0.052905,-0.026102,55578.6,57506.668,55028.133,55631.106,12093.471987087047,-874768.0051939032,44036.0,558464.0,-52.807999999999765,205691.98400000553
2021-06-28,34687.71,35279.38,33855.0,34487.22,706088.318002287,355028.63499879517,3051875,1522657.0,1.2109,287.4969999999992,205.9339999999998,-0.002914,0.01,-0.018603,0.00827,-0.002914,0.01,-0.002914,0.01,55631.106,60433.481,54913.21,55056.731,3968.9519953033887,-870799.0531985998,-6561.0,551903.0,81.56299999999942,205773.54700000552
2021-06-29,34486.58,36623.0,34206.0,35911.26,806138.5550043926,409012.7789986264,3294894,1659209.0,1.1786,257.4179999999995,320.94199999999836,0.008346,0.01,-0.000404,0.01,0.008346,0.01,0.003883,0.003883,55056.731,60785.652,54865.705,56514.567,11887.002992860158,-858912.0502057397,23524.0,575427.0,-63.523999999998864,205710.02300000552
2021-06-30,35910.64,36089.96,34042.74,35031.39,719738.439002078,356802.4359991239,2851166,1420976.0,1.0773,284.40399999999977,251.69699999999958,0.01,0.01,0.01,0.01,0.01,0.01,0.01,0.01,56514.567,58263.958,53867.617,55110.472,-6133.56700383022,-865045.6172095699,-9214.0,566213.0,32.70700000000019,205742.7300000055
2021-07-01,35031.39,35044.98,32672.04,33489.96,758963.6060030805,375104.6859992705,2796564,1396749.0,1.5183,277.55599999999953,254.76199999999952,0.01,0.01,0.005451,0.008397,0.01,0.01,0.01,0.01,55110.472,58520.806,54560.885,56267.344,-8754.234004539438,-873799.8512141093,-3066.0,563147.0,22.79400000000001,205765.5240000055
2021-07-02,33489.96,33960.0,32684.0,33760.94,664903.084001138,340670.1779991367,2737906,1379902.0,1.2635,292.94199999999944,303.8179999999996,0.008304,0.01,-0.015924,-0.004727,0.008304,0.01,-0.012187,-0.012187,56267.344,59425.97,54744.398,56912.283,16437.271997135365,-857362.579216974,21898.0,585045.0,-10.876000000000147,205754.64800000552
2021-07-03,33760.94,34948.16,33296.98,34652.94,510612.460998474,260819.0079996821,1929230,973278.0,1.3535,166.48499999999996,191.47599999999997,-0.004866,0.01,-0.016938,0.003265,-0.004866,0.00353,-0.01355,0.00353,56912.283,62684.235,56550.649,59271.925,11025.555000890221,-846337.0242160838,17326.0,602371.0,-24.991000000000014,205729.6570000055
2021-07-04,34653.32,35955.55,34340.75,35280.16,450938.45899913454,226861.46999973842,1693385,847406.0,1.3057,100.35999999999993,157.17999999999975,0.003235,0.01,-0.016744,0.01,0.00353,0.004428,-0.01527,0.004428,59271.925,62484.328,59047.721,59783.817,2784.48100034229,-843552.5432157415,1427.0,603798.0,-56.81999999999982,205672.8370000055
2021-07-05,35280.17,35281.55,33032.0,33672.72,736610.4650031201,360397.5599992008,2589951,1281207.0,1.4576,318.2739999999989,183.67800000000014,0.01,0.01,-0.014235,-0.000673,0.01,0.01,-0.01044,-0.01044,59783.817,64979.767,58352.923,59340.906,-15815.345004718518,-859367.88822046,-27537.0,576261.0,134.59599999999878,205807.4330000055
2021-07-06,33674.77,35120.0,33500.0,34206.01,643952.6430011957,322649.46199925046,2687186,1346370.0,1.3753,220.82199999999978,300.0989999999992,-0.000681,0.003432,-0.022076,-0.013398,-0.000681,-0.000681,-0.01114,-0.008213,59340.906,60760.891,57144.303,57427.863,1346.2809973051772,-858021.6072231549,5554.0,581815.0,-79.27699999999942,205728.1560000055
2021-07-07,34206.0,35089.56,33756.48,33845.64,456218.28799886256,227742.22099965153,2018095,1005626.0,1.7049,128.94000000000014,157.8259999999998,-0.013362,0.01,-0.014482,0.00129,-0.013362,0.01,-0.013362,0.01,57427.863,59407.24,57019.948,58021.142,-733.845999559504,-858755.4532227144,-6843.0,574972.0,-28.885999999999655,205699.2700000055
2021-07-08,33845.63,33910.0,32066.0,32852.04,650317.3660016258,323160.992999214,2689290,1342677.0,1.4969,302.157999999999,214.57499999999987,0.001382,0.002008,-0.028661,-0.010896,0.001382,0.014574,-0.02808,-0.02808,58021.142,64360.727,57958.505,62274.776,-3995.380003197817,-862750.8332259122,-3936.0,571036.0,87.58299999999912,205786.8530000055
2021-07-09,32855.0,34100.0,32250.0,33805.01,485662.66999832686,250884.82999960025,2073684,1052121.0,1.7988,150.0599999999999,230.45399999999964,-0.010885,-0.000159,-0.021574,-0.000159,-0.010885,-0.010885,-0.018845,-0.018845,62274.776,66648.317,61514.806,62100.86,16106.99000087363,-846643.8432250386,30558.0,601594.0,-80.39399999999975,205706.4590000055
2021-07-10,33805.0,34248.58,33010.0,33497.98,410271.56299886445,204915.47399972836,1700023,847438.0,1.2758,205.0840000000001,137.0040000000001,-8.1e-05,0.01,-0.004144,0.007681,-8.1e-05,0.007847,-8.1e-05,7.2e-05,62100.86,63313.484,59689.363,60802.243,-440.61499940772774,-847084.4582244463,-5147.0,596447.0,68.07999999999998,205774.5390000055
2021-07-11,33497.98,34629.62,33306.03,34253.81,343904.4219991466,176940.78799979857,1426820,713591.0,1.1464,100.33600000000011,137.52800000000013,0.007785,0.01,-0.005151,0.008779,0.007785,0.01,-0.003373,-0.003373,60802.243,65367.089,60802.243,62831.376,9977.154000450566,-837107.3042239957,362.0,596809.0,-37.19200000000002,205737.34700000548
2021-07-12,34253.88,34662.73,32650.0,33070.87,501801.8249989449,245537.66399961812,1932181,958774.0,0.9558,268.72800000000007,138.80200000000013,0.008851,0.01,-0.004541,0.01,0.008851,0.01,0.003463,0.01,62831.376,65563.533,59958.841,60639.366,-10726.496999708645,-847833.8012237044,-14633.0,582176.0,129.92599999999993,205867.2730000055
2021-07-13,33070.86,33336.0,32186.99,32709.09,466565.14699879335,234105.8509996181,1779393,892846.0,2.1143,313.1559999999995,149.01500000000007,0.01,0.01,-0.00366,0.01,0.01,0.01,5.2e-05,5.2e-05,60639.366,65420.548,60287.91,62732.097,1646.555000442837,-846187.2462232616,6299.0,588475.0,164.14099999999942,206031.4140000055
2021-07-14,32708.66,33176.47,31556.02,32803.01,521139.58799817815,262020.73699950209,1994595,1005853.0,2.1211,199.56199999999953,226.86199999999997,0.01,0.01,-0.013973,-0.004887,0.01,0.01,-0.011753,-0.011753,62732.097,65346.142,59343.928,59343.928,2901.8860008260235,-843285.3602224356,17111.0,605586.0,-27.300000000000438,206004.1140000055
2021-07-15,32803.0,33170.0,31140.0,31866.43,539111.2989987938,263010.038999587,1982004,983706.0,2.0451,291.0559999999994,134.52400000000011,-0.004883,0.01,-0.013182,-0.011604,-0.004883,0.031524,-0.004883,0.001576,59343.928,66763.837,59264.038,65077.21,-13091.220999619807,-856376.5812220554,-14592.0,590994.0,156.5319999999993,206160.6460000055
2021-07-16,31865.53,32245.0,31018.59,31382.95,516557.907998117,262386.59599961684,1905185,960896.0,2.6982,420.20199999999915,217.79799999999994,-0.011529,0.01,-0.012115,0.01,-0.011529,0.00964,-0.011529,0.001073,65077.21,68115.341,62138.881,62419.243,8215.284001116699,-848161.2972209386,16607.0,607601.0,202.4039999999992,206363.05000000552
2021-07-17,31382.96,31945.0,31150.02,31496.65,422650.050998729,215057.2269997862,1587624,801482.0,1.733,199.02899999999966,170.4260000000002,0.01,0.01,-0.009671,0.01,0.01,0.01,-0.004343,0.002365,62419.243,67037.118,61232.716,66114.073,7464.403000843362,-840696.8942200952,15340.0,622941.0,28.60299999999947,206391.65300000552
2021-07-18,31496.65,32435.93,31075.1,31767.0,412188.95599886816,206750.02499977665,1494365,745774.0,1.7709,149.51299999999995,197.03099999999992,0.01,0.01,-0.018906,-0.007501,0.01,0.01,-0.004434,-0.004434,66114.073,69456.63,63949.353,64463.151,1311.0940006851451,-839385.8002194101,-2817.0,620124.0,-47.51799999999997,206344.1350000055
2021-07-19,31765.23,31890.0,30358.77,30823.62,486305.35699852224,239871.8539997408,1796294,893689.0,2.076,259.47299999999933,106.6060000000001,-0.00751,0.01,-0.015732,-0.015732,-0.00751,0.003183,-0.00751,-0.00123,64463.151,72892.83,63954.542,72112.2,-6561.648999040655,-845947.4492184508,-8916.0,611208.0,152.86699999999922,206497.0020000055
2021-07-20,30823.63,31050.0,29242.24,29775.9,602687.3599996632,300340.92799935926,2140591,1066477.0,2.0175,298.4629999999995,233.13199999999964,-0.015687,0.002183,-0.0431,-0.022935,-0.015687,-0.012569,-0.018939,-0.018939,72112.2,72703.006,68538.229,70291.836,-2005.5040009446675,-847952.9532193955,-7637.0,603571.0,65.33099999999988,206562.3330000055
2021-07-21,29775.89,32883.9,29472.41,32120.0,787076.5800041604,408429.62499875925,2659843,1355924.0,1.429,160.95400000000035,459.934999999999,-0.022935,-0.008194,-0.042109,-0.0162,-0.022869,0.01,-0.039139,-0.032314,70291.836,76494.585,67928.581,68740.937,29782.669993358082,-818170.2832260374,52005.0,655576.0,-298.98099999999863,206263.3520000055
2021-07-22,32120.0,32583.48,31700.0,32268.11,397258.7099987801,200967.2859996331,1639253,821388.0,1.4325,181.45099999999996,204.6549999999999,-0.016261,0.00777,-0.021577,0.000408,-0.016261,0.001374,-0.016261,0.001374,68740.937,71112.231,66973.692,67683.981,4675.862000486115,-813494.4212255513,3523.0,659099.0,-23.203999999999922,206240.14800000552
2021-07-23,32268.12,33650.0,31970.82,33634.46,404649.7109989173,209327.09199972067,1571903,799008.0,1.2411,133.37500000000014,401.93999999999903,0.000344,0.00972,-0.025419,-0.007333,0.000344,0.000344,-0.016985,-0.00099,67683.981,72021.987,67669.448,68723.693,14004.473000524042,-799489.9482250272,26113.0,685212.0,-268.5649999999989,205971.5830000055
2021-07-24,33631.74,34471.0,33379.81,34230.0,376044.7159988799,190979.1859997777,1514178,750136.0,1.192,118.03400000000008,208.85700000000006,-0.007246,-0.001591,-0.025644,-0.025644,-0.007246,-0.007246,-0.013379,-0.010603,68723.693,71115.308,67423.807,68504.508,5913.656000675459,-793576.2922243518,-13906.0,671306.0,-90.82299999999998,205880.7600000055
2021-07-25,34230.0,35400.0,33812.0,35370.66,404114.12199870026,207376.1769997246,1630694,822698.0,1.0851,131.1730000000002,306.2899999999994,-0.025685,-0.004449,-0.06052,-0.055197,-0.025685,-0.005198,-0.025685,-0.005198,68504.508,73166.165,68466.807,72255.945,10638.232000748918,-782938.0602236029,14702.0,686008.0,-175.1169999999992,205705.6430000055
2021-07-26,35370.67,48168.6,35185.49,37218.09,1162332.2470072438,586176.0889990664,4949694,2492529.0,0.9433,550.0329999999968,944.5369999999926,-0.054841,0.01,-0.054841,0.01,-0.054841,0.01,-0.054841,0.01,72255.945,72255.945,51609.298,53704.802,10019.93099088897,-772918.129232714,35364.0,721372.0,-394.5039999999958,205311.13900000553
2021-07-27,37218.09,39546.34,36384.31,39442.33,675035.9900024907,340100.36099876545,3049573,1537147.0,1.3202,287.277999999999,468.225999999998,0.01,0.01,-0.016924,-0.002015,0.01,0.01,-0.007785,-0.002248,53704.802,59451.131,52205.553,55686.524,5164.731995040202,-767753.3972376738,24721.0,746093.0,-180.947999999999,205130.19100000552
2021-07-28,39448.06,40894.0,38753.0,40003.08,735917.6340037804,365587.50999853207,3452283,1721016.0,1.3596,315.4049999999993,445.18499999999926,-0.002037,0.01,-0.005036,0.00147,-0.002037,0.01,-0.002037,0.01,55686.524,59884.582,55195.942,55319.326,-4742.614006716292,-772496.01124439,-10251.0,735842.0,-129.77999999999997,205000.41100000552
2021-07-29,40003.08,40665.0,39203.83,40012.9,463917.86899807944,233268.2879993909,2295445,1147040.0,0.9183,173.65600000000018,161.59700000000015,0.001493,0.01,0.001493,0.01,0.001493,0.01,0.001493,0.01,55321.762,60076.913,55321.762,56610.054,2618.7070007023285,-769877.3042436878,-1365.0,734477.0,12.059000000000026,205012.47000000553
2021-07-30,40012.89,42316.6,38320.0,42203.25,561474.2829988627,284487.2009992359,2619496,1323120.0,0.9516,159.308,257.0149999999992,0.01,0.01,-0.002712,0.01,0.01,0.01,-0.002377,-0.002377,56637.269,59102.605,52528.353,53867.972,7500.118999609142,-762377.1852440786,26744.0,761221.0,-97.7069999999992,204914.76300000554
2021-07-31,42202.6,42494.0,41030.19,41448.11,381459.7039987104,186774.36399963484,1854537,912023.0,1.0036,170.74899999999985,143.85300000000026,0.01,0.01,0.01,0.01,0.01,0.01,0.01,0.01,53867.972,57083.779,52817.006,54190.242,-7910.975999440707,-770288.1612435193,-30491.0,730730.0,26.89599999999959,204941.65900000554
2021-08-01,41448.1,42614.98,39350.4,39846.78,487528.92899820907,237744.0449995643,2264435,1127360.0,1.002,278.4799999999987,190.61000000000016,0.01,0.01,0.01,0.01,0.01,0.01,0.01,0.01,54190.242,56632.917,49316.818,49867.403,-12040.838999080472,-782329.0002425998,-9715.0,721015.0,87.86999999999856,205029.52900000554
2021-08-02,39846.78,40450.0,38658.0,39147.48,451864.3809989127,222505.62899966483,2123998,1061386.0,1.1882,238.58700000000007,224.375,0.01,0.01,0.01,0.01,0.01,0.01,0.01,0.01,49867.403,54477.962,49611.898,53776.398,-6853.122999583022,-789182.1232421828,-1226.0,719789.0,14.212000000000074,205043.74100000554
2021-08-03,39147.47,39774.93,37600.0,38203.26,517218.86799859407,254828.76999968936,2439511,1218423.0,1.5183,360.4889999999989,234.4809999999997,0.01,0.01,0.003788,0.01,0.01,0.01,0.01,0.01,53799.396,57496.05,53240.862,57066.814,-7561.32799921534,-796743.4512413981,-2665.0,717124.0,126.00799999999919,205169.74900000554
2021-08-04,38201.33,39975.32,37500.0,39731.31,479560.3269991775,240426.6699995671,2261995,1142336.0,1.6745,179.89799999999963,305.37399999999894,0.01,0.01,-0.000602,0.01,0.01,0.01,0.001272,0.001272,57066.814,60903.952,54957.384,55167.999,1293.0129999566707,-795450.4382414415,22677.0,739801.0,-125.47599999999932,205044.27300000555
2021-08-05,39731.31,41350.0,37291.0,40882.4,746249.7120024342,371863.37999922043,3322107,1660691.0,1.5452,398.39599999999837,406.95599999999877,0.01,0.01,0.003784,0.01,0.01,0.01,0.01,0.01,55167.999,61620.737,53599.128,54970.446,-2522.952003993327,-797973.3902454348,-725.0,739076.0,-8.5600000000004,205035.71300000555
2021-08-06,40882.39,43400.0,39849.82,42825.43,653450.5280015592,331004.3249989082,3184909,1598068.0,1.0412,247.89399999999978,356.73499999999865,0.01,0.01,0.01,0.01,0.01,0.01,0.01,0.01,54967.76,59077.666,54675.857,55436.153,8558.121996257221,-789415.2682491776,11227.0,750303.0,-108.84099999999887,204926.87200000556
2021-08-07,42825.43,44753.01,42395.2,44601.11,583749.4929993284,295583.58199912996,3090837,1548588.0,0.9183,243.7319999999997,445.7539999999977,0.01,0.01,0.01,0.01,0.01,0.01,0.01,0.01,55436.153,56480.171,52702.58,54271.291,7417.670998931513,-781997.5972502461,6339.0,756642.0,-202.021999999998,204724.85000000556
2021-08-08,44601.11,45350.0,43265.0,43787.71,553684.4129985449,276106.6429991364,2960961,1476295.0,0.9264,340.35699999999923,295.2829999999993,0.01,0.01,0.01,0.01,0.01,0.01,0.01,0.01,54271.291,57718.462,52399.109,52426.07,-1471.1270002720412,-783468.7242505181,-8371.0,748271.0,45.073999999999955,204769.92400000556
2021-08-09,43787.71,46483.0,42785.0,46259.7,626208.1990012005,316791.1719987543,3270295,1647549.0,0.926,239.43899999999965,429.9999999999979,0.01,0.01,0.01,0.01,0.01,0.01,0.01,0.01,52420.514,61178.214,52273.941,56582.265,7374.1449963081395,-776094.57925421,24803.0,773074.0,-190.56099999999824,204579.36300000557
2021-08-10,46259.7,46800.0,44670.05,45589.99,460476.97899807064,226898.50899943986,2367011,1170198.0,0.8632,209.7870000000001,209.31999999999985,0.01,0.01,0.01,0.01,0.01,0.01,0.01,0.01,56582.265,57669.913,54650.089,54882.18,-6679.960999190924,-782774.5402534009,-26615.0,746459.0,0.46700000000024033,204579.83000000558
2021-08-11,45589.99,46754.27,45354.0,45522.12,390659.6419988145,194652.95199962473,1926114,955086.0,1.2376,147.0030000000001,208.17699999999954,0.01,0.01,0.01,0.01,0.01,0.01,0.01,0.01,54885.607,56811.979,53720.251,56329.798,-1353.7379995650263,-784128.278252966,-15942.0,730517.0,-61.17399999999944,204518.65600000558
2021-08-12,45522.13,46226.67,43800.0,44385.09,466729.6179981044,229627.96499950174,2259801,1131653.0,1.1281,341.6779999999984,167.6519999999999,0.01,0.01,0.01,0.01,0.01,0.01,0.01,0.01,56329.798,60476.236,55969.958,56302.368,-7473.687999100948,-791601.9662520669,3505.0,734022.0,174.0259999999985,204692.6820000056
2021-08-13,44388.0,47980.69,44208.88,47792.52,438018.48199930723,224992.6819995763,2053415,1038853.0,1.3408,66.63100000000009,356.5069999999991,0.01,0.01,0.01,0.01,0.01,0.01,0.01,0.01,56302.368,59363.735,53473.396,55866.742,11966.881999845384,-779635.0842522215,24291.0,758313.0,-289.875999999999,204402.8060000056
2021-08-14,47794.01,48300.0,46000.0,47083.74,374363.8049991658,184203.53599966443,1830974,915884.0,1.0342,172.57900000000004,151.03199999999993,0.01,0.024214,0.01,0.01,0.01,0.01,0.01,0.01,55866.742,58315.75,54601.033,55445.669,-5956.732999836968,-785591.8172520585,794.0,759107.0,21.54700000000011,204424.3530000056
2021-08-15,47083.75,47388.75,45480.0,47006.02,370366.52899914654,182201.4539996878,1793845,896374.0,1.4444,193.687,176.83600000000018,0.01,0.01,0.01,0.01,0.01,0.01,0.01,0.01,55445.669,59814.92,53333.519,53375.888,-5963.6209997709375,-791555.4382518295,-1097.0,758010.0,16.85099999999983,204441.2040000056
2021-08-16,47006.02,48074.23,45682.03,45926.23,412535.423998894,201110.00799954115,1904314,955044.0,1.5063,254.03199999999953,137.53499999999994,0.01,0.017874,0.01,0.01,0.01,0.013924,0.01,0.013924,53371.934,59133.724,50946.324,56836.08,-10315.407999811694,-801870.8462516412,5774.0,763784.0,116.49699999999959,204557.7010000056
2021-08-17,45926.23,47194.0,44412.01,44704.84,474315.95199819194,230091.65599941605,2230117,1106533.0,1.8952,403.72099999999836,223.9879999999996,0.01,0.01,0.01,0.01,0.01,0.01,0.01,0.01,56836.08,57775.757,54538.905,57342.77,-14132.639999359846,-816003.486251001,-17051.0,746733.0,179.73299999999875,204737.4340000056
2021-08-18,44704.85,46050.0,44227.32,44714.09,395815.7889983269,198141.34199951947,1948312,972386.0,2.0294,230.44599999999977,197.1799999999998,0.01,0.01,0.01,0.01,0.01,0.01,0.01,0.01,57342.77,57997.473,54867.551,55038.024,466.89500071201473,-815536.591250289,-3540.0,743193.0,33.26599999999996,204770.7000000056
2021-08-19,44714.86,47100.0,43938.38,46772.0,439306.52899843466,221278.0029994417,2068751,1034860.0,1.9455,204.667,407.2139999999993,0.01,0.01,0.01,0.01,0.01,0.01,0.01,0.01,55038.024,58967.219,53758.251,55063.14,3249.4770004487364,-812287.1142498403,969.0,744162.0,-202.54699999999931,204568.1530000056
2021-08-20,46772.78,49500.0,46650.0,49332.74,401478.25199863507,205488.15199954275,1906131,954704.0,1.3618,69.52600000000007,287.85799999999944,0.01,0.014449,0.01,0.01,0.01,0.014278,0.01,0.014278,55063.14,59365.003,54423.666,58113.573,9498.052000450436,-802789.0622493898,3277.0,747439.0,-218.33199999999937,204349.8210000056
2021-08-21,49332.99,49833.0,48250.0,48848.29,347563.1039988458,173421.45199965022,1621473,804825.0,1.0288,119.39700000000022,142.5080000000001,0.01,0.021679,0.01,0.01,0.01,0.020013,0.01,0.016694,58113.573,59779.001,57148.544,58564.446,-720.1999995453516,-803509.2622489352,-11823.0,735616.0,-23.110999999999876,204326.7100000056
2021-08-22,48846.11,49556.2,48075.81,49273.28,294671.7059990821,146267.87199987302,1397281,706335.0,0.9904,135.14000000000007,123.34000000000012,0.01,0.020241,0.01,0.01,0.01,0.014813,0.01,0.014813,58564.446,61150.83,56943.638,57158.947,-2135.961999336083,-805645.2242482712,15389.0,751005.0,11.799999999999955,204338.5100000056
2021-08-23,49273.28,50600.0,49075.01,49523.91,355730.85399908153,175956.150999665,1582841,788573.0,1.096,132.163,196.74799999999922,0.01,0.046408,0.01,0.029343,0.01,0.03918,0.01,0.023983,57158.947,63087.002,57158.947,60667.277,-3818.5519997515366,-809463.7762480227,-5695.0,745310.0,-64.58499999999921,204273.9250000056
2021-08-24,49523.23,49888.88,47600.0,47719.36,398638.0669985617,193754.85699956396,1700791,852879.0,1.3321,369.71399999999954,130.88400000000007,0.0293,0.046893,0.01,0.019415,0.0293,0.041348,0.01,0.041348,60667.277,64518.26,60285.608,63301.5,-11128.352999433817,-820592.1292474566,4967.0,750277.0,238.82999999999947,204512.7550000056
2021-08-25,47719.37,49297.8,47130.57,48992.65,389098.715998786,194687.6929995776,1644064,827163.0,1.7056,116.93500000000016,246.93099999999976,0.019568,0.027646,0.01,0.01,0.019568,0.019568,0.01,0.01,63301.5,64685.616,59597.083,59747.955,276.6700003691949,-820315.4592470874,10262.0,760539.0,-129.99599999999958,204382.75900000558
2021-08-26,48992.65,49380.0,46280.0,46853.06,475181.4789982218,230102.7949994016,2009143,995885.0,1.6903,279.5349999999992,160.02100000000002,0.01,0.02203,0.01,0.01,0.01,0.021865,0.01,0.01,59747.955,65197.308,58986.429,60678.231,-14975.888999418588,-835291.348246506,-17373.0,743166.0,119.51399999999916,204502.27300000557
2021-08-27,46854.22,49220.0,46359.97,49083.98,403656.02499880356,205156.55899951592,1760305,879799.0,1.8935,128.5800000000003,232.9650000000001,0.01,0.01,0.01,0.01,0.01,0.01,0.01,0.01,60678.231,61830.245,58097.458,58446.604,6657.093000228284,-828634.2552462777,-707.0,742459.0,-104.38499999999979,204397.88800000557
2021-08-28,49082.13,49333.0,48395.65,48931.99,222792.83599944328,109948.67099993395,1066382,529021.0,1.4137,87.0270000000001,62.144999999999946,0.01,0.032833,0.01,0.01,0.01,0.03224,0.01,0.023137,58446.604,62625.78,58370.786,59809.183,-2895.493999575381,-831529.749245853,-8340.0,734119.0,24.882000000000154,204422.77000000558
2021-08-29,48932.0,49769.2,47741.31,48795.41,315105.3519990285,155344.99499981775,1381940,686096.0,1.3452,70.60500000000009,134.2480000000004,0.01,0.022445,0.01,0.01,0.01,0.01,0.01,0.01,59801.131,60387.113,56841.638,57568.328,-4415.361999393033,-835945.1112452461,-9748.0,724371.0,-63.6430000000003,204359.12700000557
2021-08-30,48795.42,48916.25,46876.49,47024.7,351830.5179990228,169917.9239997931,1476941,734277.0,1.3089,159.77799999999996,110.14700000000019,0.01,0.036243,0.01,0.03613,0.01,0.02255,0.01,0.02255,57568.328,63389.331,57253.549,59597.328,-11994.669999436592,-847939.7812446827,-8387.0,715984.0,49.63099999999977,204408.75800000556
2021-08-31,47024.69,48298.0,46731.03,47150.32,365541.7939989211,181912.0149996625,1535160,775127.0,1.8752,177.77900000000017,229.34300000000005,0.036162,0.047344,0.01,0.044586,0.036162,0.036162,0.023354,0.023354,59597.328,62476.329,57288.524,60667.684,-1717.7639995961217,-849657.5452442789,15094.0,731078.0,-51.56399999999988,204357.19400000555
2021-09-01,47150.33,49160.79,46550.99,48842.94,350107.98299886135,175891.69699971218,1532529,769954.0,2.126,79.658,233.43999999999963,0.044618,0.048163,0.01723,0.040653,0.044618,0.044618,0.027256,0.033967,60691.776,62525.761,59261.438,59411.877,1675.4110005630064,-847982.1342437158,7379.0,738457.0,-153.78199999999964,204203.41200000554
2021-09-02,48842.93,50420.0,48631.2,49299.14,361857.6569989947,179439.1569996494,1607366,802710.0,1.6069,81.67900000000007,176.4459999999999,0.04052,0.068969,0.027091,0.047966,0.04052,0.057405,0.04052,0.057405,59411.877,66018.365,58883.727,64015.61,-2979.3429996959167,-850961.4772434117,-1946.0,736511.0,-94.76699999999984,204108.64500000555
2021-09-03,49299.14,51111.0,48333.0,50027.08,430239.9439978303,215431.90199945634,1880839,939399.0,1.2894,129.8620000000002,182.29900000000015,0.047856,0.048005,0.023052,0.044131,0.047856,0.047856,0.024375,0.024375,64027.642,64194.098,60582.634,61473.891,623.8600010823575,-850337.6172423293,-2041.0,734470.0,-52.436999999999955,204056.20800000554
2021-09-04,50027.09,50582.08,49360.0,49940.74,274955.0679991047,136189.1609998834,1272451,635939.0,1.2769,96.56500000000011,100.79100000000024,0.043928,0.043928,0.01,0.01,0.043928,0.043928,0.011799,0.019219,61473.891,61503.904,57206.798,57264.059,-2576.7459993378725,-852914.3632416672,-573.0,733897.0,-4.226000000000127,204051.98200000555
2021-09-05,49942.2,51950.0,49462.59,51799.57,288983.41099893925,148048.1519998175,1387380,700544.0,1.4361,43.546000000000035,145.99700000000013,0.01,0.026761,0.01,0.026761,0.01,0.01,0.01,0.01,57264.059,62523.072,55664.527,62507.463,7112.893000695738,-845801.4702409714,13708.0,747605.0,-102.45100000000009,203949.53100000555
2021-09-06,51799.56,52830.0,51040.0,52683.97,297734.0309988327,152032.08399985594,1371735,691666.0,0.9433,66.11199999999995,156.76399999999987,0.026783,0.032678,0.01,0.01,0.026783,0.026783,0.01,0.01,62507.463,64692.652,60900.906,61981.771,6330.137000879156,-839471.3332400923,11597.0,759202.0,-90.65199999999992,203858.87900000555
2021-09-07,52683.98,52950.0,42088.0,46864.39,762999.5120030331,363622.8499981623,3596054,1760912.0,1.0458,1159.8129999999971,311.00299999999885,0.01,0.12442,0.01,0.01,0.01,0.022977,0.01,0.022977,61986.275,64047.646,42401.386,43910.478,-35753.81200670847,-875225.1452468007,-74230.0,684972.0,848.8099999999984,204707.68900000554
2021-09-08,46864.38,47347.0,44431.0,46062.29,435637.5239974262,214697.8849993542,2223015,1109225.0,1.9709,208.59800000000016,208.74299999999997,0.01,0.01,0.01,0.01,0.01,0.01,0.01,0.01,43910.478,46978.988,43799.703,45560.419,-6241.753998717817,-881466.8992455185,-4565.0,680407.0,-0.14499999999981128,204707.54400000555
2021-09-09,46060.02,47400.0,45500.0,46413.88,309010.13599923154,152280.68799975966,1566985,781992.0,1.849,100.88100000000001,106.50800000000024,0.01,0.020372,0.01,0.01,0.01,0.01,0.01,0.01,45564.271,47783.602,44885.029,45391.233,-4448.759999712231,-885915.6592452307,-3001.0,677406.0,-5.627000000000223,204701.91700000555
2021-09-10,46413.88,47037.5,44120.0,44860.83,343443.61199889507,167324.83899979226,1711755,860549.0,1.9351,173.21399999999988,107.01200000000007,0.01,0.012361,0.01,0.01,0.01,0.011115,0.01,0.011115,45391.233,50790.777,44951.483,47561.073,-8793.933999310539,-894709.5932445412,9343.0,686749.0,66.20199999999981,204768.11900000554
2021-09-11,44860.83,45999.0,44737.4,45193.78,194144.0059995923,97883.62799992206,1067409,530719.0,2.1817,74.064,93.22600000000017,0.01,0.01,0.01,0.01,0.01,0.01,0.01,0.01,47561.073,48972.516,46610.203,47488.346,1623.2500002518063,-893086.3432442894,-5971.0,680778.0,-19.162000000000177,204748.95700000552
2021-09-12,45194.19,46512.2,44746.51,46046.73,223533.6099995065,113247.91299990233,1143172,588223.0,1.9369,73.34400000000011,106.70100000000014,0.01,0.01,0.01,0.01,0.01,0.01,0.01,0.01,47492.196,49287.553,47492.196,48292.306,2962.2160002981545,-890124.1272439912,33274.0,714052.0,-33.35700000000003,204715.60000000554
2021-09-13,46048.02,46933.89,43323.93,44975.96,448941.28899801767,220554.00699946616,2175833,1082462.0,1.9104,255.74900000000014,195.97700000000015,0.01,0.01,0.01,0.01,0.01,0.01,0.01,0.01,48296.864,52795.643,46002.385,46753.755,-7833.274999085348,-897957.4022430766,-10909.0,703143.0,59.77199999999999,204775.37200000553
2021-09-14,44975.96,47272.98,44692.9,47087.18,277907.90399933374,141470.66599989805,1381013,682905.0,2.202,55.908000000000044,149.43000000000015,0.01,0.010742,0.01,0.01,0.01,0.01,0.01,0.01,46753.053,50108.715,45771.037,49371.464,5033.428000462358,-892923.9742426142,-15203.0,687940.0,-93.5220000000001,204681.85000000554
2021-09-15,47087.17,48440.93,46675.0,48106.12,244225.93099952853,125186.50999992591,1197871,606287.0,1.2376,51.439999999999976,87.64900000000006,0.01,0.01,0.004463,0.01,0.01,0.01,0.01,0.01,49371.464,53434.002,49245.975,51646.628,6147.089000323293,-886776.8852422909,14703.0,702643.0,-36.20900000000008,204645.64100000553
2021-09-16,48106.13,48488.0,47038.21,47745.55,260043.99699945355,129614.58699993537,1300998,657716.0,1.192,149.71399999999997,91.65000000000018,0.01,0.01,0.01,0.01,0.01,0.01,0.01,0.01,51646.628,51980.713,49407.6,50069.496,-814.8229995828005,-887591.7082418737,14434.0,717077.0,58.063999999999794,204703.70500000555
2021-09-17,47745.55,48150.0,46750.0,47303.11,226167.07099958073,111788.31099994238,1152478,572207.0,1.3641,143.38200000000018,98.68200000000003,0.01,0.01,0.01,0.01,0.01,0.01,0.01,0.01,50069.496,51773.781,50027.411,50507.124,-2590.4489996959746,-890182.1572415696,-8064.0,709013.0,44.700000000000145,204748.40500000556
2021-09-18,47303.35,48850.0,47044.32,48285.15,207877.99199961225,104332.44499996722,1071485,535727.0,1.6575,48.562,122.15500000000014,0.01,0.01,0.01,0.01,0.01,0.01,0.01,0.01,50505.385,54044.62,50365.339,51118.091,786.898000322195,-889395.2592412474,-31.0,708982.0,-73.59300000000015,204674.81200000556
2021-09-19,48284.61,48364.64,46840.0,47256.91,212631.36999956422,103063.61599995852,1083637,542736.0,1.4307,122.74700000000014,64.628,0.01,0.01,0.01,0.01,0.01,0.01,0.01,0.01,51103.47,53160.104,50741.639,51641.696,-6504.137999647181,-895899.3972408946,1835.0,710817.0,58.11900000000014,204732.93100000557
2021-09-20,47256.92,47345.0,42467.86,43026.6,600763.6259993619,290520.61399915616,2808327,1393806.0,1.8506,428.6289999999987,255.98199999999966,0.01,0.01,0.01,0.01,0.01,0.01,0.01,0.01,51644.44,51994.964,47818.766,48797.351,-19722.39800104953,-915621.7952419441,-20715.0,690102.0,172.64699999999905,204905.57800000557
2021-09-21,43026.61,43629.6,39503.58,40726.1,683240.1740012559,336572.3929986992,3202044,1596039.0,2.1221,483.65899999999783,330.083999999999,0.01,0.01,0.003546,0.01,0.01,0.01,0.01,0.01,48797.351,49435.729,44990.17,46692.505,-10095.388003857457,-925717.1832458016,-9966.0,680136.0,153.57499999999885,205059.15300000558
2021-09-22,40727.83,43989.98,40551.49,43520.0,400841.1019983396,205394.9349995331,2066697,1043895.0,1.7917,139.01700000000017,236.37099999999973,0.01,0.01,0.001625,0.004753,0.01,0.01,0.01,0.01,46692.505,48305.327,43752.001,44013.855,9948.768000726646,-915768.415245075,21093.0,701229.0,-97.35399999999956,204961.7990000056
2021-09-23,43520.0,44976.48,43056.0,44828.29,330252.9649990551,166949.76899977637,1640619,820565.0,1.5183,98.40200000000007,172.3920000000002,0.004744,0.01,-0.007737,-0.007737,0.004744,0.01,0.004744,0.01,44013.855,46586.117,43826.088,46428.215,3646.5730004976504,-912121.8422445774,511.0,701740.0,-73.99000000000012,204887.8090000056
2021-09-24,44827.88,45134.33,40650.0,42798.49,608593.6970000295,306891.84799906175,2875216,1435537.0,1.1697,319.48399999999873,246.76799999999957,-0.007856,0.01,-0.012492,0.01,-0.007856,0.003978,-0.008536,0.003978,46428.215,49776.051,45134.318,45175.571,5189.998998094001,-906931.8432464834,-4142.0,697598.0,72.71599999999916,204960.52500000558
2021-09-25,42798.49,42950.0,41630.26,42651.58,277082.9199991732,139116.3489998727,1439707,721989.0,1.4808,108.74000000000007,126.12100000000018,0.01,0.01,-0.000142,0.002499,0.01,0.01,0.005629,0.01,45175.571,46516.254,43643.962,43913.757,1149.7780005721725,-905782.0652459112,4271.0,701869.0,-17.381000000000114,204943.1440000056
2021-09-26,42646.84,43940.0,40725.01,43150.0,354392.38899856986,182612.53999957192,1751677,881192.0,1.3068,167.2430000000001,152.52999999999983,0.002457,0.01,-0.003935,0.01,0.002457,0.01,-0.001686,-0.001686,43913.757,48076.563,43878.455,44240.471,10832.691000573977,-894949.3742453372,10707.0,712576.0,14.713000000000278,204957.85700000558
2021-09-27,43150.01,44350.0,42059.13,42122.69,285307.6349990339,141198.8949998606,1497825,749359.0,1.2477,118.26000000000003,112.24200000000008,0.01,0.01,-0.008842,0.002626,0.01,0.01,0.01,0.01,44240.471,46512.822,43834.366,43992.096,-2909.844999312656,-897859.2192446499,893.0,713469.0,6.017999999999958,204963.8750000056
2021-09-28,42122.69,42749.0,40854.0,41006.32,356117.9979986739,177965.67999963646,1762967,887857.0,1.4408,192.29800000000014,87.88900000000002,0.002549,0.01,-0.012477,0.004434,0.002549,0.009756,0.002549,0.009756,43992.096,48715.411,43398.339,45711.539,-186.63799940096214,-898045.8572440508,12747.0,726216.0,104.40900000000012,205068.2840000056
2021-09-29,41002.96,42576.8,40708.73,41499.71,293307.18899892556,147987.08099985993,1552730,780091.0,1.8321,122.76800000000024,123.82100000000004,0.004448,0.01,-0.006171,0.01,0.004448,0.005661,0.003757,0.005661,45711.539,48301.275,45156.883,48155.511,2666.9730007943,-895378.8842432565,7452.0,733668.0,-1.0529999999997983,205067.23100000562
2021-09-30,41499.7,44100.0,41387.78,43796.57,389167.60599845584,199660.9989994573,1929073,971442.0,2.0675,128.82900000000026,215.45899999999952,0.01,0.01,0.00222,0.002224,0.01,0.01,0.009235,0.009235,48155.511,48735.609,44990.966,47917.601,10154.392000458785,-885224.4922427977,13811.0,747479.0,-86.62999999999926,204980.6010000056
2021-10-01,43799.49,48450.0,43260.01,48123.94,449490.5759980551,237198.76099952514,2267735,1150335.0,1.0251,103.54699999999997,286.6539999999998,0.002202,0.01,-0.011868,0.005229,0.002202,0.01,-0.002693,0.01,47917.601,56751.135,47907.28,50847.984,24906.946000995173,-860317.5462418026,32935.0,780414.0,-183.10699999999986,204797.49400000562
2021-10-02,48123.93,48338.68,47410.0,47626.61,182554.858999571,91636.22299993125,1052371,528694.0,0.7838,78.04400000000004,72.07100000000015,0.005277,0.01,0.001412,0.01,0.005277,0.005938,0.003519,0.005938,50847.984,51011.712,48747.85,49865.479,717.5870002915035,-859599.9592415111,5017.0,785431.0,5.972999999999885,204803.46700000562
2021-10-03,47626.62,49304.12,47071.26,48187.3,212410.23699949798,108484.79999991528,1332681,676928.0,0.9095,90.73600000000006,99.0130000000001,0.01,0.01,0.01,0.01,0.01,0.01,0.01,0.01,49865.479,50881.005,47891.893,48050.595,4559.363000332582,-855040.5962411785,21175.0,806606.0,-8.277000000000044,204795.19000000562
2021-10-04,48187.99,49544.48,46885.29,49198.22,324424.04599878343,163699.59299967802,1853159,926284.0,0.9865,156.592,161.3249999999999,0.01,0.01,0.01,0.01,0.01,0.01,0.01,0.01,48050.595,48514.548,46214.186,48038.551,2975.1400005726027,-852065.4562406058,-591.0,806015.0,-4.73299999999989,204790.4570000056
2021-10-05,49199.78,51888.0,49009.21,51455.12,313964.43599889916,163020.39999975977,1800588,910491.0,0.8025,82.5360000000001,156.03499999999988,0.01,0.01,-0.010316,0.01,0.01,0.01,-0.002427,0.000161,48042.673,54043.331,47800.062,52761.471,12076.364000620379,-839989.0922399855,20394.0,826409.0,-73.49899999999978,204716.9580000056
2021-10-06,51460.22,56416.02,50410.0,55321.6,418716.3139976922,217634.03399952123,2467672,1252811.0,0.7304,133.01700000000022,265.24799999999914,0.01,0.01,0.01,0.01,0.01,0.01,0.01,0.01,52761.471,55437.085,49533.425,50053.282,16551.75400135026,-823437.3382386352,37950.0,864359.0,-132.23099999999891,204584.7270000056
2021-10-07,55327.45,55337.8,53374.34,53814.99,262966.1889991201,129986.22999979125,1696800,849233.0,0.944,205.27100000000013,164.4210000000001,0.01,0.064671,0.01,0.033515,0.01,0.032669,0.01,0.032669,50053.282,52852.135,49307.125,52131.081,-2993.7289995375904,-826431.0672381727,1666.0,866025.0,40.85000000000002,204625.5770000056
2021-10-08,53814.99,56208.73,53647.3,53975.0,255209.76099905788,124308.94499991799,1579993,790527.0,1.1231,98.0470000000002,109.00800000000015,0.033379,0.033379,0.01,0.01,0.033379,0.033379,0.013417,0.013417,52131.081,53135.929,50629.003,50945.964,-6591.870999221894,-833022.9382373947,1061.0,867086.0,-10.960999999999956,204614.6160000056
2021-10-09,53974.99,55589.0,53656.66,54960.77,167495.046999554,82817.52399988807,1080141,541267.0,1.3579,58.53600000000002,60.360000000000106,0.01,0.017927,0.01,0.01,0.01,0.015717,0.01,0.015717,50945.964,51664.905,50696.778,50988.62,-1859.9989997778612,-834882.9372371725,2393.0,869479.0,-1.8240000000000833,204612.7920000056
2021-10-10,54960.79,56789.0,54101.0,54700.0,289070.6339987939,141914.40799981816,1712094,855781.0,1.1944,140.8750000000002,118.35300000000029,0.01,0.029504,0.01,0.01,0.01,0.020906,0.01,0.01,50997.374,52974.239,50789.918,52509.223,-5241.817999157589,-840124.7552363301,-532.0,868947.0,22.521999999999906,204635.3140000056
2021-10-11,54700.0,57880.0,54458.0,57500.01,314867.13899869844,158591.32999967958,1816282,912242.0,1.2168,84.87000000000006,260.78599999999983,0.01,0.018665,0.008895,0.01,0.01,0.01,0.01,0.01,52509.223,54927.749,51166.87,54294.537,2315.521000660723,-837809.2342356694,8202.0,877149.0,-175.91599999999977,204459.3980000056
2021-10-12,57500.01,57756.52,53750.0,56011.84,349138.268998629,169171.8549997726,1941344,960417.0,0.9619,186.52200000000013,143.73400000000018,0.01,0.026141,0.01,0.01,0.01,0.01,0.01,0.01,54294.537,55706.25,51339.095,51339.095,-10794.55899908382,-848603.7932347532,-20510.0,856639.0,42.787999999999954,204502.1860000056
2021-10-13,56011.83,57822.38,54271.24,57393.65,327710.37599871977,163753.37499965884,1837544,921622.0,1.2277,108.39900000000023,229.17299999999972,0.01,0.01,0.01,0.01,0.01,0.01,0.01,0.01,51250.254,52653.761,48152.341,48767.282,-203.6259994020802,-848807.4192341552,5700.0,862339.0,-120.77399999999949,204381.4120000056
2021-10-14,57393.65,58586.67,56800.0,57378.19,254717.64399914865,127189.3449999551,1548315,779273.0,0.979,94.18800000000009,125.23700000000026,0.01,0.03089,0.01,0.01,0.01,0.022797,0.01,0.017282,48767.282,51408.751,48753.947,50463.155,-338.9539992384671,-849146.3732333936,10231.0,872570.0,-31.049000000000177,204350.3630000056
2021-10-15,57377.12,63997.61,56900.0,61702.33,493365.2439972165,250095.17299918528,2751313,1392354.0,1.1177,143.89100000000033,320.0259999999997,0.01,0.053559,0.01,0.048332,0.01,0.036685,0.01,0.01,50462.428,55775.672,49693.785,52841.689,6825.102001154039,-842321.2712322397,33395.0,905965.0,-176.1349999999994,204174.2280000056
2021-10-16,61702.33,62444.23,60220.0,60925.56,213249.10199938287,102924.08399993189,1325320,653886.0,1.0317,80.14600000000016,84.09700000000004,0.048084,0.067232,0.016649,0.031326,0.048084,0.048084,0.027876,0.043303,52841.689,54843.865,52011.996,54166.95,-7400.933999519097,-849722.2052317588,-17548.0,888417.0,-3.9509999999998797,204170.2770000056
2021-10-17,60925.56,61796.47,58850.0,61571.45,240131.9429992456,117033.07699992092,1484294,734048.0,1.3047,78.39900000000006,120.17400000000019,0.031281,0.05064,0.029792,0.038447,0.031281,0.04425,0.031281,0.04425,54166.95,56077.569,53058.11,53226.057,-6065.788999403769,-855787.9942311626,-16198.0,872219.0,-41.775000000000134,204128.5020000056
2021-10-18,61571.45,62800.0,59897.61,62037.92,333277.4649985608,160427.78099978794,2017189,989849.0,1.4284,121.69100000000026,207.0899999999997,0.038415,0.038849,0.01,0.01,0.038415,0.038415,0.01,0.01,53226.057,54848.006,51687.235,51778.168,-12421.902998984908,-868209.8972301475,-37491.0,834728.0,-85.39899999999943,204043.1030000056
2021-10-19,62037.92,64500.0,61300.0,64316.7,379236.8139982138,186438.76599958245,2154072,1069588.0,1.3878,83.08100000000006,175.06900000000013,0.01,0.015576,0.01,0.01,0.01,0.014974,0.01,0.01,51778.168,55668.758,51557.089,55541.356,-6359.281999048893,-874569.1792291964,-14896.0,819832.0,-91.98800000000007,203951.11500000558
2021-10-20,64314.75,67150.0,63518.81,66064.24,324737.67799869896,163461.36899966947,1987145,995591.0,0.9897,86.48500000000004,137.36300000000003,0.01,0.083071,0.01,0.069035,0.01,0.063237,0.01,0.063237,55541.356,57148.681,54147.655,56967.319,2185.060000639991,-872384.1192285564,4037.0,823869.0,-50.877999999999986,203900.23700000558
2021-10-21,66064.25,66750.0,62000.0,62260.33,478584.5399974251,228581.09599927338,2773251,1361064.0,1.1313,195.89000000000036,221.347,0.068927,0.100157,0.031839,0.033473,0.068927,0.068927,0.057124,0.062183,56970.426,58009.951,54252.349,55172.593,-21422.347998878337,-893806.4672274347,-51123.0,772746.0,-25.456999999999653,203874.7800000056
2021-10-22,62260.33,63796.2,60011.9,60734.27,350307.3909980249,168866.61799968578,2047627,1003267.0,1.9603,142.48700000000005,111.31500000000015,0.033487,0.043657,0.01,0.026197,0.033487,0.033487,0.024509,0.033222,55172.593,56505.364,53956.896,56012.501,-12574.154998653335,-906380.6222260881,-41093.0,731653.0,31.171999999999898,203905.95200000558
2021-10-23,60734.28,61780.0,59622.0,61325.11,222553.27899926077,108858.03099993704,1283047,637215.0,2.2938,89.80900000000017,94.55000000000004,0.026183,0.03308,0.010332,0.030366,0.026183,0.026183,0.014854,0.01739,56012.501,57850.574,54611.93,54993.274,-4837.216999386699,-911217.8392254747,-8617.0,723036.0,-4.740999999999872,203901.21100000557
2021-10-24,61325.09,61550.0,59504.46,60902.82,245813.67799910952,120983.37499994526,1319945,651993.0,2.1786,116.58700000000026,91.15800000000007,0.030335,0.050332,0.030067,0.048858,0.030335,0.037238,0.030335,0.032862,54993.274,59198.21,54850.771,56951.924,-3846.927999219013,-915064.7672246938,-15959.0,707077.0,25.429000000000187,203926.64000000557
2021-10-25,60902.82,63795.98,60701.0,63127.04,234187.8009993448,118067.70099994638,1312228,651053.0,2.4083,33.12600000000003,282.6489999999993,0.048777,0.050784,0.010467,0.04109,0.048777,0.048777,0.017861,0.017861,56951.761,57217.567,55060.682,55080.086,1947.601000547962,-913117.1662241458,-10122.0,696955.0,-249.52299999999929,203677.1170000056
2021-10-26,63129.25,63362.06,59838.05,60358.75,252251.37499914493,119850.86999993828,1430606,699513.0,1.9709,160.98900000000012,83.8570000000001,0.040992,0.066571,0.019297,0.033291,0.040992,0.060638,0.040992,0.055995,55080.086,57453.453,54913.6,57453.453,-12549.634999268354,-925666.8012234141,-31580.0,665375.0,77.13200000000002,203754.2490000056
2021-10-27,60358.74,61550.0,57865.0,58449.36,329111.6979983001,157814.75699974483,1855074,917978.0,2.8462,336.7799999999976,169.32400000000004,0.033175,0.034053,0.014798,0.015549,0.033175,0.033175,0.023017,0.023017,57453.453,58878.255,54037.521,56089.101,-13482.183998810418,-939148.9852222246,-19118.0,646257.0,167.45599999999754,203921.7050000056
2021-10-28,58449.36,62641.26,57550.0,60622.03,333323.0139978675,165070.25999962067,2002683,1010672.0,2.7793,161.286,211.92799999999986,0.015574,0.032564,0.01,0.023521,0.015574,0.015574,0.01,0.013782,56089.101,56329.121,51751.093,52065.334,-3182.493998626189,-942331.4792208509,18661.0,664918.0,-50.641999999999854,203871.0630000056
2021-10-29,60622.02,63069.71,60222.0,62308.22,218354.43099924602,107415.62999994123,1401943,699265.0,2.6563,55.01700000000008,107.63200000000023,0.02352,0.05864,0.01375,0.016948,0.02352,0.024122,0.017968,0.017968,52065.334,53394.747,51236.207,52420.898,-3523.1709993635595,-945854.6502202144,-3413.0,661505.0,-52.61500000000015,203818.44800000562
2021-10-30,62308.21,62415.85,60631.23,61895.19,156040.13099968497,76104.26799991101,982188,489470.0,2.3693,89.35300000000024,64.03200000000004,0.016972,0.041344,0.016964,0.019158,0.016972,0.038483,0.016972,0.023181,52420.898,53001.201,51786.792,51810.387,-3831.594999862951,-949686.2452200773,-3248.0,658257.0,25.321000000000197,203843.76900000562
2021-10-31,61895.19,62462.99,60008.0,61348.61,183598.74699950713,89771.14899993574,1050411,528152.0,2.7693,147.71200000000002,89.80999999999992,0.019088,0.052821,0.018821,0.032632,0.019088,0.048915,0.019088,0.043874,51810.387,56023.997,51307.693,55292.195,-4056.4489996356424,-953742.694219713,5893.0,664150.0,57.9020000000001,203901.67100000562
2021-11-01,61347.14,62543.58,59400.0,60942.87,246157.06699905786,118205.91699995956,1439678,714179.0,3.3478,150.79600000000025,102.54100000000008,0.032554,0.068492,0.015599,0.015599,0.032554,0.056812,0.031437,0.056812,55292.195,55670.006,53926.806,53933.896,-9745.232999138738,-963487.9272188517,-11320.0,652830.0,48.255000000000166,203949.92600000562
2021-11-02,60942.87,64349.55,60659.58,63266.69,217591.38199929154,109357.9499999379,1326823,663887.0,3.268,73.00900000000001,127.19200000000032,0.015524,0.084173,0.015284,0.082194,0.015524,0.047797,0.015524,0.047797,53933.896,55795.324,53498.354,55092.909,1124.5180005842703,-962363.4092182675,951.0,653781.0,-54.183000000000305,203895.74300000563
2021-11-03,63269.89,63613.0,60300.0,62946.45,211186.2979992283,101629.3579999589,1265970,626791.0,2.2383,86.14300000000019,94.08400000000015,0.08207,0.08207,0.025233,0.046112,0.08207,0.08207,0.031399,0.031399,55092.909,56264.233,52693.108,53160.237,-7927.581999310496,-970290.9912175781,-12388.0,641393.0,-7.94099999999996,203887.80200000564
2021-11-04,62946.45,63149.0,60703.0,61431.86,184675.77699942022,88062.2389999245,1094030,538020.0,2.9078,148.92200000000008,50.06100000000002,0.045987,0.071369,0.018433,0.018433,0.045987,0.05075,0.045987,0.046368,53156.916,56358.297,53155.232,55570.706,-8551.298999571212,-978842.2902171493,-17990.0,623403.0,98.86100000000006,203986.66300000565
2021-11-05,61433.9,62671.48,60762.0,61006.0,157569.354999637,76781.77799990666,1011863,506234.0,3.5788,98.75800000000031,84.83200000000006,0.018372,0.055363,0.017121,0.053199,0.018372,0.041167,0.018372,0.041167,55570.706,57017.413,54180.187,57014.925,-4005.798999823688,-982848.0892169729,605.0,624008.0,13.926000000000244,204000.58900000565
2021-11-06,61006.0,61645.75,60100.0,61511.3,154918.91299973096,74901.31199989651,934072,468084.0,3.7642,146.82500000000005,58.96100000000005,0.053155,0.060045,0.016348,0.017224,0.053155,0.053155,0.037687,0.037687,57014.925,59693.229,56697.173,56990.762,-5116.28899993794,-987964.3782169109,2096.0,626104.0,87.864,204088.45300000565
2021-11-07,61511.3,63377.58,61368.26,63316.4,142878.04699986457,72436.57599989879,865482,434919.0,3.2427,29.377000000000013,71.62600000000005,0.017244,0.041062,0.016852,0.025859,0.017244,0.037438,0.017244,0.037438,56990.762,57165.419,55165.447,56284.341,1995.1049999330135,-985969.2732169778,4356.0,630460.0,-42.24900000000004,204046.20400000564
2021-11-08,63316.4,67932.89,63308.7,67606.96,274930.85099889204,138122.6739998886,1666214,841181.0,2.5651,56.74800000000002,265.09599999999926,0.025861,0.056344,0.022545,0.038563,0.025861,0.049328,0.025861,0.04876,56293.532,60700.711,56181.387,60108.127,1314.4970008851378,-984654.7762160928,16148.0,646608.0,-208.34799999999925,203837.85600000565
2021-11-09,67606.96,68675.16,66300.0,67009.98,231842.52799914175,113026.81899990248,1454614,723261.0,1.849,123.68000000000022,112.0010000000003,0.038683,0.078,0.037769,0.037769,0.038683,0.067839,0.038683,0.067839,60108.127,62076.959,59162.664,59972.631,-5788.889999336796,-990443.6662154295,-8092.0,638516.0,11.678999999999917,203849.53500000565
2021-11-10,67010.65,69198.7,62400.51,64920.13,347833.49299864395,167502.71599946945,2275650,1130016.0,2.0239,336.9399999999987,211.3319999999997,0.037679,0.072467,0.018814,0.023251,0.037679,0.068212,0.037679,0.057535,59977.96,62669.477,56062.361,57158.761,-12828.060999705049,-1003271.7272151345,-15618.0,622898.0,125.60799999999898,203975.14300000566
2021-11-11,64920.13,65646.98,64147.12,64831.3,178263.04199945246,85501.04399990388,1167487,581068.0,2.4305,71.262,73.51200000000014,0.023211,0.065605,0.01,0.017932,0.023211,0.023211,0.01,0.021812,57158.761,57216.18,54765.317,55066.612,-7260.953999644698,-1010532.6812147793,-5351.0,617547.0,-2.250000000000142,203972.89300000566
2021-11-12,64831.2,65500.0,62313.0,64156.08,264575.03399883234,128277.77399998094,1613651,802261.0,2.7807,162.8050000000001,92.0460000000001,0.018008,0.038473,0.01,0.015562,0.018008,0.036867,0.018008,0.036867,55066.612,60867.351,55066.612,57895.757,-8019.485998870456,-1018552.1672136497,-9129.0,608418.0,70.75899999999999,204043.65200000565
2021-11-13,64156.08,65073.24,63430.01,64427.0,124466.11599990871,60958.688999915525,806642,404608.0,3.3995,32.69600000000005,52.025999999999996,0.015442,0.035331,0.012134,0.013933,0.015442,0.031732,0.015442,0.021842,57895.757,59014.13,57059.345,57132.283,-2548.738000077661,-1021100.9052137274,2574.0,610992.0,-19.32999999999995,204024.32200000566
2021-11-14,64426.99,65569.99,63640.0,65568.39,146423.4169998216,71886.69599990937,918260,461153.0,3.3384,57.883999999999865,101.49800000000005,0.013962,0.023941,0.01,0.016087,0.013962,0.013962,0.01,0.013059,57136.711,59358.434,56712.673,57684.328,-2650.0250000028755,-1023750.9302137303,4046.0,615038.0,-43.61400000000018,203980.70800000566
2021-11-15,65568.38,66395.05,63351.58,63654.49,210022.5759993461,100560.84499995665,1227691,609558.0,3.3497,215.0730000000001,51.93200000000005,0.016126,0.045375,0.014969,0.036025,0.016126,0.040989,0.016126,0.040989,57698.823,62407.1,57698.823,62331.628,-8900.885999432794,-1032651.8162131631,-8575.0,606463.0,163.14100000000005,204143.84900000566
2021-11-16,63654.49,63655.77,58397.14,60106.03,475013.4999976607,224511.25099911026,2492109,1223904.0,3.9432,497.01999999999623,198.15300000000013,0.035998,0.035998,0.01,0.01,0.035998,0.035998,0.01,0.01,62331.628,65525.597,60448.292,60594.987,-25990.99799944018,-1058642.8142126033,-44301.0,562162.0,298.8669999999961,204442.71600000566
2021-11-17,60106.03,60848.85,58336.68,60366.96,287388.1509980601,141372.98799980024,1836697,910792.0,4.0556,198.27700000000016,149.74999999999994,0.01,0.01871,0.01,0.01,0.01,0.013155,0.01,0.01,60592.165,64374.025,59581.628,59782.665,-4642.174998459639,-1063284.989211063,-15113.0,547049.0,48.527000000000214,204491.24300000566
2021-11-18,60366.97,60999.0,56505.48,56921.05,412019.3819969158,197043.43399931927,2467533,1211752.0,4.211,377.67199999999787,155.09500000000008,0.01,0.014426,0.01,0.01,0.01,0.011235,0.01,0.011235,59782.665,63999.404,59753.507,61135.968,-17932.513998277253,-1081217.5032093402,-44029.0,503020.0,222.57699999999778,204713.82000000565
2021-11-19,56921.04,58333.0,55604.0,58069.51,245352.64799887338,120093.33699991781,1575615,779254.0,4.2247,104.56500000000041,133.29200000000026,0.01,0.016565,0.01,0.01,0.01,0.01,0.01,0.01,61129.339,62023.81,58938.346,59046.81,-5165.973999037757,-1086383.4772083778,-17107.0,485913.0,-28.726999999999848,204685.09300000564
2021-11-20,58069.52,59873.84,57372.0,59716.29,173693.2829995237,86276.24899990724,1126365,562179.0,3.878,56.185000000000024,103.04500000000014,0.01,0.01,0.01,0.01,0.01,0.01,0.01,0.01,59055.479,59299.118,56900.285,57200.868,-1140.7849997092271,-1087524.262208087,-2007.0,483906.0,-46.86000000000012,204638.23300000565
2021-11-21,59716.28,60052.82,58518.88,58661.39,143886.82099979406,70920.05799986502,1014468,497853.0,3.5208,109.36500000000014,50.023000000000046,0.01,0.01,0.01,0.01,0.01,0.01,0.01,0.01,57200.868,57540.392,56193.881,56240.753,-2046.7050000640156,-1089570.967208151,-18762.0,465144.0,59.34200000000009,204697.57500000566
2021-11-22,58648.87,59624.56,55600.0,56268.31,326184.6999978385,157891.47999967812,2062432,1021203.0,3.5704,282.0769999999995,120.42200000000027,0.01,0.01,0.01,0.01,0.01,0.01,0.01,0.01,56226.349,60557.516,56226.349,60537.063,-10401.739998482284,-1099972.7072066334,-20026.0,445118.0,161.65499999999923,204859.23000000566
2021-11-23,56268.31,57888.0,55250.0,57574.23,267772.8829982077,132820.35599998196,1832291,912243.0,4.5157,140.8660000000002,118.54700000000025,0.01,0.022811,0.01,0.01,0.01,0.012897,0.01,0.01,60537.063,62650.811,59661.849,59959.102,-2132.1709982437897,-1102104.8782048773,-7805.0,437313.0,22.31899999999996,204881.54900000565
2021-11-24,57574.24,57775.27,55900.0,57165.08,194670.28699918507,96157.20899993622,1299816,647139.0,3.9358,185.30100000000039,102.5110000000002,0.01,0.019288,0.01,0.014592,0.01,0.01201,0.01,0.01201,59959.102,63105.088,59306.927,60381.321,-2355.868999312632,-1104460.74720419,-5538.0,431775.0,82.79000000000019,204964.33900000565
2021-11-25,57165.09,59449.62,57029.0,58988.21,191911.3239992243,94975.2469999457,1290604,647647.0,4.1177,61.747,167.70299999999986,0.014549,0.020924,0.01,0.013871,0.014549,0.016775,0.011888,0.011888,60384.972,61619.5,59856.345,60882.486,-1960.8299993328983,-1106421.577203523,4690.0,436465.0,-105.95599999999986,204858.38300000565
2021-11-26,58988.36,59186.41,53500.0,53755.65,378647.4409971469,179442.06599936163,2328953,1149658.0,3.3403,868.5869999999909,145.67700000000028,0.013863,0.037348,0.01,0.010892,0.013863,0.033741,0.01,0.01,60882.486,68317.508,60526.893,66361.047,-19763.30899842363,-1126184.8862019465,-29637.0,406828.0,722.9099999999906,205581.29300000565
2021-11-27,53755.66,55300.0,53640.69,54738.77,155118.4359995829,75350.42899985814,1087008,537932.0,5.6934,99.17100000000029,102.55800000000018,0.010824,0.010824,0.01,0.01,0.010824,0.010824,0.01,0.01,66361.047,66366.55,63158.699,63158.699,-4417.577999866626,-1130602.464201813,-11144.0,395684.0,-3.3869999999998868,205577.90600000566
2021-11-28,54738.77,57474.76,53245.0,57315.73,213594.9169989739,105577.51999993395,1322911,659436.0,5.0901,222.98499999999956,208.7160000000001,0.01,0.012961,0.01,0.01,0.01,0.01,0.01,0.01,63142.824,65977.923,62174.234,62296.353,-2439.876999105996,-1133042.3412009191,-4039.0,391645.0,14.268999999999465,205592.17500000566
2021-11-29,57315.72,58924.21,56715.0,57827.98,215109.46599901488,107231.30199996551,1329844,655711.0,4.3277,78.31000000000002,126.55600000000015,0.01,0.027745,0.01,0.027745,0.01,0.020774,0.01,0.020774,62296.353,62391.909,60483.06,61690.601,-646.8619990838633,-1133689.203200003,-18422.0,373223.0,-48.24600000000014,205543.92900000565
2021-11-30,57827.97,59224.99,55900.0,56975.0,337611.7059974693,163070.95899957488,2233652,1108633.0,3.1017,396.3499999999992,253.23399999999955,0.02781,0.032755,0.01,0.012749,0.02781,0.02781,0.01,0.01,61690.945,62066.34,59162.305,59240.982,-11469.787998319545,-1145158.9911983225,-16386.0,356837.0,143.11599999999967,205687.04500000566
2021-12-01,56978.06,59100.0,56500.0,57209.29,273955.7059983122,134467.83399997902,1777383,883251.0,4.0226,183.0969999999995,111.63100000000023,0.012689,0.031333,0.01,0.016085,0.012689,0.029146,0.01,0.01,59240.982,61969.588,59154.166,60693.413,-5020.037998354179,-1150179.0291966768,-10881.0,345956.0,71.46599999999927,205758.51100000564
2021-12-02,57209.28,57428.49,55800.0,56513.57,249983.29199883304,120879.03499994261,1524412,755291.0,4.3135,192.15599999999978,118.97700000000019,0.015951,0.025052,0.01,0.01,0.015951,0.015951,0.01,0.01,60693.413,61645.564,59693.501,59864.586,-8225.221998947818,-1158404.2511956247,-13830.0,332126.0,73.17899999999959,205831.69000000565
2021-12-03,56513.56,57670.0,50604.0,53612.0,369719.4439980334,172679.57899952258,2127801,1045179.0,4.6338,497.47099999999875,122.54800000000021,0.01,0.034365,0.01,0.01,0.01,0.027198,0.01,0.027198,59864.586,67506.269,59769.402,61204.435,-24360.285998988256,-1182764.537194613,-37443.0,294683.0,374.9229999999985,206206.61300000566
2021-12-04,53611.86,53889.69,40888.89,49135.66,598710.3210003439,283221.75699852593,3371572,1643692.0,5.7843,1313.4079999999828,433.5169999999983,0.01,0.01,-0.0124,0.008256,0.01,0.01,0.002893,0.002893,61204.435,62752.99,39819.062,40060.377,-32266.807003292022,-1215031.344197905,-84188.0,210495.0,879.8909999999846,207086.50400000563
2021-12-05,49135.66,49699.49,47755.0,49376.6,286432.92999883514,144631.3149997955,1809972,909624.0,2.8095,251.63000000000008,183.4059999999997,0.008272,0.01,-0.003345,0.01,0.008272,0.01,0.008272,0.01,40011.626,42359.273,39245.562,40021.65,2829.700000755838,-1212201.6441971492,9276.0,219771.0,68.22400000000039,207154.72800000562
2021-12-06,49373.83,50888.0,47000.0,50424.72,357558.54199773143,181665.09599943666,2257481,1138901.0,2.0248,191.9589999999999,310.09699999999907,0.01,0.01,0.01,0.01,0.01,0.01,0.01,0.01,40021.65,41269.277,37717.102,37769.264,5771.650001141883,-1206429.9941960073,20321.0,240092.0,-118.13799999999918,207036.5900000056
2021-12-07,50424.72,51929.0,50012.0,50577.2,224669.37199898393,112690.74399991478,1458722,729796.0,1.8074,120.94900000000025,99.19200000000005,0.01,0.014698,0.002807,0.01,0.01,0.01,0.003977,0.01,37769.264,40782.464,37238.351,39335.489,712.1160008456209,-1205717.8781951617,870.0,240962.0,21.757000000000204,207058.34700000563
2021-12-08,50575.0,51210.6,48533.33,50455.61,238226.85299889508,118446.98499992072,1459351,733931.0,1.6323,127.88700000000023,135.3219999999999,0.01,0.01,0.01,0.01,0.01,0.01,0.01,0.01,39335.489,42125.797,38849.895,39185.203,-1332.8829990536324,-1207050.7611942154,8511.0,249473.0,-7.434999999999661,207050.91200000563
2021-12-09,50459.61,50773.03,47312.89,47539.76,273083.13499865064,135274.42099984168,1728688,863711.0,1.9104,271.55999999999955,104.11800000000002,0.01,0.01,0.01,0.01,0.01,0.01,0.01,0.01,39184.573,43022.079,38937.264,42025.462,-2534.292998967285,-1209585.0541931826,-1266.0,248207.0,167.44199999999952,207218.35400000564
2021-12-10,47539.34,50188.42,46828.23,47136.35,302967.0629982713,149972.76299965798,2000126,998315.0,2.3625,174.74500000000015,160.24699999999996,0.01,0.01,0.01,0.01,0.01,0.01,0.01,0.01,42025.462,43259.203,39149.204,39352.944,-3021.5369989553583,-1212606.591192138,-3496.0,244711.0,14.49800000000019,207232.85200000563
2021-12-11,47132.31,49499.05,46724.35,49381.15,210956.69999903705,106746.06899981925,1460513,736671.0,2.283,81.28800000000012,127.47200000000015,0.01,0.01,0.01,0.01,0.01,0.01,0.01,0.01,39352.944,41016.453,38466.592,40618.852,2535.4380006014544,-1210071.1531915364,12829.0,257540.0,-46.184000000000026,207186.66800000562
2021-12-12,49379.51,50768.0,48616.16,50057.01,183431.553999389,93047.1739998892,1300280,651167.0,1.7382,58.84100000000001,70.3330000000001,0.01,0.01,0.01,0.01,0.01,0.01,0.01,0.01,40618.852,44346.607,40344.017,43495.966,2662.7940003894037,-1207408.3591911471,2054.0,259594.0,-11.49200000000009,207175.17600000562
2021-12-13,50057.02,50180.0,45600.0,46679.93,348549.4269982135,171594.41699942094,2357180,1166751.0,1.4225,203.72999999999973,128.36500000000012,0.01,0.01,-0.001844,-0.000517,0.01,0.01,0.01,0.01,43509.523,45493.498,41845.268,42842.485,-5360.592999371642,-1212768.9521905188,-23678.0,235916.0,75.36499999999961,207250.5410000056
2021-12-14,46678.8,48657.92,46255.6,48324.04,266189.2059988573,135861.2429997659,1907876,957894.0,2.4614,119.12900000000022,140.9639999999999,-0.000493,0.01,-0.000565,0.01,-0.000493,0.01,-0.000493,0.008838,42842.485,43938.537,42441.866,42758.982,5533.280000674538,-1207235.6721898443,7912.0,243828.0,-21.834999999999695,207228.70600000562
2021-12-15,48324.0,49479.75,46518.73,48870.48,345239.09399786184,173211.9929995389,2395142,1191039.0,1.9976,136.7140000000001,156.36300000000014,0.01,0.01,0.002746,0.01,0.01,0.01,0.01,0.01,42758.982,45024.042,42201.221,43972.778,1184.8920012159506,-1206050.7801886285,-13064.0,230764.0,-19.64900000000003,207209.05700000562
2021-12-16,48870.48,49439.79,47500.0,47624.5,215872.23099999936,107344.63300000002,1516569,754946.0,1.862,150.30699999999996,55.117,0.01,0.01,0.01,0.01,0.01,0.01,0.01,0.01,43972.778,48489.455,43910.769,47565.879,-1182.9649999993271,-1207233.7451886279,-6677.0,224087.0,95.18999999999997,207304.24700000562
2021-12-17,47629.1,47988.27,45373.11,46125.33,326457.012999998,159111.06799999913,2232312,1112676.0,2.2279,206.198,123.67,0.01,0.01,-0.000331,0.009044,0.01,0.01,0.004678,0.004678,47565.879,52753.112,47134.113,50631.423,-8234.876999999746,-1215468.6221886277,-6960.0,217127.0,82.528,207386.7750000056
2021-12-18,46125.33,47336.99,45438.43,46815.99,191004.25199932553,95917.20199989175,1609142,804656.0,3.2319,75.30400000000004,86.75900000000009,0.009119,0.01,0.002663,0.007092,0.009119,0.009221,0.008402,0.008402,50631.423,53276.875,50631.423,53207.846,830.1520004579797,-1214638.4701881697,170.0,217297.0,-11.455000000000041,207375.32000000562
2021-12-19,46815.99,48461.17,46399.37,46668.63,241687.56299911768,120148.07299993047,1649377,826962.0,2.8685,98.02400000000009,104.65900000000019,0.007092,0.01,0.004455,0.01,0.00708,0.01,0.00708,0.01,53207.846,57372.349,53207.846,56055.481,-1391.416999256733,-1216029.8871874264,4547.0,221844.0,-6.635000000000105,207368.68500000561
2021-12-20,46668.65,47533.42,45530.67,46898.14,273803.24599899165,136114.57299983536,1987337,987992.0,2.8212,135.15900000000008,123.60900000000028,0.01,0.01,0.008368,0.009174,0.01,0.01,0.01,0.01,56070.646,62251.899,56002.902,61829.907,-1574.0999993209261,-1217603.9871867474,-11353.0,210491.0,11.549999999999798,207380.2350000056
2021-12-21,46896.82,49298.78,46650.0,48875.15,259999.57199898775,132290.69199987213,1876367,938575.0,2.4892,55.42099999999997,140.3020000000002,0.009174,0.01,0.008941,0.01,0.009184,0.01,0.009184,0.01,61838.236,70419.617,61792.675,70188.434,4581.812000756501,-1213022.175185991,783.0,211274.0,-84.88100000000023,207295.3540000056
2021-12-22,48875.88,49599.0,48420.02,48569.69,208462.47099944775,103011.5049999084,1450856,725619.0,1.3272,78.7200000000001,115.58000000000014,0.01,0.01,0.009327,0.009734,0.01,0.01,0.01,0.01,70188.434,73265.118,69850.664,73265.118,-2439.4609996309446,-1215461.6361856218,382.0,211656.0,-36.86000000000004,207258.49400000562
2021-12-23,48569.69,51377.74,48020.0,50817.92,255882.66599930022,128693.73899987446,1460880,734273.0,1.6617,78.12400000000014,188.447,0.00972,0.01,-0.003419,0.01,0.00972,0.01,0.004018,0.004018,73262.047,75028.545,72662.545,73671.143,1504.812000448699,-1213956.824185173,7666.0,219322.0,-110.32299999999987,207148.17100000562
2021-12-24,50817.94,51805.0,50379.25,50808.55,220182.05899934238,109790.17799992967,1228909,612600.0,1.5813,139.5270000000001,126.51600000000026,0.01,0.01,0.01,0.01,0.01,0.01,0.01,0.01,73671.143,74176.752,72123.812,72638.825,-601.7029994830373,-1214558.5271846561,-3709.0,215613.0,13.01099999999984,207161.18200000562
2021-12-25,50809.37,51190.0,50105.0,50403.64,147662.34799985515,72934.54099991922,856089,428538.0,1.6998,44.06800000000002,42.921000000000014,0.01,0.01,0.01,0.01,0.01,0.01,0.01,0.01,72638.825,74208.478,72632.308,73824.377,-1793.2660000167089,-1216351.793184673,987.0,216600.0,1.1470000000000056,207162.32900000561
2021-12-26,50403.64,51300.0,49350.0,50765.73,184797.27799956116,89518.39299989564,1041327,517260.0,2.012,108.5070000000002,77.449,0.01,0.01,0.01,0.01,0.01,0.01,0.01,0.01,73824.377,74684.835,72176.828,72297.03,-5760.491999769874,-1222112.2851844428,-6807.0,209793.0,31.058000000000206,207193.3870000056
2021-12-27,50765.73,52134.0,50450.0,50707.72,216217.5859994281,106260.99899991273,1191204,593405.0,2.1706,99.41400000000027,74.31100000000006,0.01,0.01,0.01,0.01,0.01,0.01,0.01,0.01,72297.03,76363.374,72019.644,73752.221,-3695.587999602634,-1225807.8731840453,-4394.0,205399.0,25.103000000000208,207218.4900000056
2021-12-28,50707.72,50713.56,47290.0,47522.03,336081.6269983836,160404.12299971312,1817100,893787.0,1.9438,268.01699999999937,79.67900000000013,0.01,0.01,0.01,0.01,0.01,0.01,0.01,0.01,73752.221,75026.38,72187.777,74212.413,-15273.380998957378,-1241081.2541830027,-29526.0,175873.0,188.33799999999923,207406.8280000056
2021-12-29,47522.02,48125.97,46000.0,46436.54,274794.0609991704,134720.89399980745,1486379,739502.0,3.0984,125.13800000000029,96.05700000000009,0.01,0.01,0.004141,0.01,0.01,0.01,0.01,0.01,74212.413,76537.629,72841.328,72958.015,-5352.272999555513,-1246433.5271825583,-7375.0,168498.0,29.081000000000202,207435.9090000056
2021-12-30,46436.53,47911.68,45880.0,47095.02,229930.70599934467,115635.06299990987,1209277,608827.0,3.207,98.66100000000014,104.09100000000012,0.01,0.01,-0.003077,-0.003077,0.01,0.01,0.01,0.01,72963.947,73433.704,71698.892,71883.204,1339.4200004750746,-1245094.1071820832,8377.0,176875.0,-5.429999999999978,207430.4790000056
2021-12-31,47095.02,48575.0,45650.0,46210.56,287169.91499890335,143401.56299983335,1504409,753680.0,2.879,202.184,130.6780000000001,-0.003102,0.01,-0.004295,0.01,-0.003102,0.01,-0.003102,0.01,71883.204,75050.968,71283.674,74790.169,-366.7889992366545,-1245460.8961813198,2951.0,179826.0,71.50599999999989,207501.9850000056
2022-01-01,46210.57,47943.77,46210.55,47704.35,179433.21899962027,89985.90199990237,997179,496666.0,3.7192,60.012000000000015,84.57600000000008,0.01,0.01,0.01,0.01,0.01,0.01,0.01,0.01,74802.823,75054.767,72903.791,72970.649,538.585000184481,-1244922.3111811355,-3847.0,175979.0,-24.564000000000064,207477.4210000056
2022-01-02,47704.35,48000.0,46605.68,47280.0,184794.65299955403,91981.1409999347,1002681,494098.0,2.8432,114.77800000000016,79.26300000000012,0.01,0.01,0.01,0.01,0.01,0.01,0.01,0.01,72970.649,74468.777,72369.847,73297.806,-832.3709996846446,-1245754.68218082,-14485.0,161494.0,35.51500000000004,207512.9360000056
2022-01-03,47280.01,47575.22,45665.4,46445.81,244781.47399935586,119053.25799992184,1261715,627392.0,2.8911,174.32100000000014,69.33699999999999,0.01,0.01,0.01,0.01,0.01,0.01,0.01,0.01,73297.806,80531.351,73156.218,79508.429,-6674.957999512175,-1252429.6401803321,-6931.0,154563.0,104.98400000000015,207617.9200000056
2022-01-04,46445.8,47524.36,45445.57,45833.42,292139.74299906055,143277.76299985815,1433419,708819.0,4.3677,385.2709999999974,109.39700000000012,0.01,0.01,0.01,0.01,0.01,0.01,0.01,0.01,79508.429,81405.133,78498.842,81155.755,-5584.216999344237,-1258013.8571796764,-15781.0,138782.0,275.8739999999973,207893.7940000056
2022-01-05,45833.41,47075.29,42270.0,43421.69,485460.77199757757,232575.29499929628,2395966,1163699.0,4.168,507.791999999999,182.75699999999983,0.01,0.01,0.01,0.01,0.01,0.01,0.01,0.01,81162.367,84418.024,77045.987,77849.139,-20310.181998985005,-1278324.0391786615,-68568.0,70214.0,325.0349999999992,208218.82900000561
2022-01-06,43421.7,43766.0,42385.83,43080.01,299507.7869988485,148904.94999976823,1591134,794410.0,3.7824,120.8270000000001,118.18200000000003,0.01,0.01,0.003939,0.01,0.01,0.01,0.01,0.01,77849.139,80941.241,77240.973,79293.451,-1697.8869993120315,-1280021.9261779736,-2314.0,67900.0,2.645000000000067,208221.4740000056
2022-01-07,43080.01,43135.0,40456.56,41553.86,473135.74899684597,233249.50199929118,2412850,1195088.0,3.7348,273.23399999999936,173.17799999999974,0.01,0.01,0.01,0.01,0.01,0.01,0.01,0.01,79293.451,80669.609,76475.856,76606.492,-6636.744998263603,-1286658.6711762373,-22674.0,45226.0,100.05599999999961,208321.53000000562
2022-01-08,41553.87,42335.0,40500.0,41688.05,283733.2589989163,143059.6689998295,1610867,817911.0,3.1667,177.87599999999992,112.56000000000004,0.01,0.01,0.009373,0.01,0.01,0.01,0.01,0.01,76606.492,79180.912,76158.703,76397.657,2386.0790007426986,-1284272.5921754946,24955.0,70181.0,65.31599999999987,208386.8460000056
2022-01-09,41688.05,42773.85,41170.0,41851.22,223129.49599930865,112659.47699994613,1265597,634102.0,2.9793,97.80500000000002,103.93400000000011,0.01,0.01,0.01,0.01,0.01,0.01,0.01,0.01,76393.986,78260.16,76123.376,76158.663,2189.4580005836033,-1282083.134174911,2607.0,72788.0,-6.12900000000009,208380.71700000562
2022-01-10,41851.22,42219.84,39610.0,41801.55,453629.45199721534,225238.5649994,2356271,1173222.0,2.8329,244.30399999999975,179.97099999999992,0.01,0.01,0.001686,0.01,0.01,0.01,0.004522,0.01,76158.663,80802.526,74671.488,76545.611,-3152.32199841534,-1285235.4561733264,-9827.0,62961.0,64.33299999999983,208445.05000000563
2022-01-11,41801.55,43118.0,41255.0,42700.68,323755.7929986991,163254.7899996944,1739284,870006.0,2.6417,96.24100000000016,183.20199999999983,0.01,0.01,-0.008438,-0.00484,0.01,0.01,0.007394,0.01,76545.611,78541.405,75783.581,77366.21,2753.7870006896555,-1282481.6691726367,728.0,63689.0,-86.96099999999967,208358.08900000562
2022-01-12,42700.69,44300.0,42415.0,43880.72,281336.29799858434,144554.55799991533,1432529,719908.0,1.9674,67.50299999999997,103.99200000000017,-0.004772,0.01,-0.007743,-0.007507,-0.004772,0.009625,-0.005342,-0.005342,77366.21,78918.039,77199.972,77460.518,7772.818001246313,-1274708.8511713904,7287.0,70976.0,-36.4890000000002,208321.60000000562
2022-01-13,43880.72,44396.68,42301.16,42534.32,289282.89199855115,139603.20299990376,1502600,737429.0,2.3602,165.60800000000012,78.1480000000001,-0.007506,0.01,-0.011538,0.00052,-0.007506,0.01,-0.007506,-0.006081,77460.518,78197.37,76306.07,76819.76,-10076.485998743621,-1284785.337170134,-27742.0,43234.0,87.46000000000002,208409.06000000561
2022-01-14,42538.72,43450.0,41666.0,43042.4,272513.2359985502,136432.3889999299,1443687,726249.0,2.7864,101.44300000000013,100.41300000000008,0.000592,0.007239,-0.00951,0.002239,0.000592,0.000592,-0.00917,-0.006655,76819.76,77996.282,74446.582,74477.321,351.54200130963,-1284433.7951688245,8811.0,52045.0,1.0300000000000438,208410.0900000056
2022-01-15,43042.4,43800.0,42530.64,43070.51,184648.84499932633,93161.06199990457,1115108,559503.0,2.2279,58.424000000000035,61.549,0.002282,0.01,-0.015482,0.008979,0.002282,0.01,0.002282,0.002661,74477.321,76949.233,74190.078,75402.216,1673.279000482813,-1282760.5161683417,3898.0,55943.0,-3.1249999999999645,208406.9650000056
2022-01-16,43070.51,43464.71,42531.69,43060.66,177449.37499936853,88226.3439999432,1042932,523712.0,2.1075,89.42500000000011,59.56800000000001,0.008979,0.01,-0.007422,0.001701,0.00907,0.00907,-0.00233,0.00362,75402.216,75770.613,73698.849,73704.829,-996.6869994821318,-1283757.2031678238,4492.0,60435.0,29.8570000000001,208436.8220000056
2022-01-17,43060.66,43159.32,41523.68,42176.34,232746.94599874358,113248.95399996112,1372516,682179.0,2.3864,174.69299999999987,72.77900000000005,0.001701,0.01,0.001303,0.01,0.001751,0.01,0.001751,0.01,73704.829,77249.835,73546.72,75761.222,-6249.0379988213535,-1290006.2411666452,-8158.0,52277.0,101.91399999999982,208538.7360000056
2022-01-18,42176.34,42680.0,41260.0,42337.58,267471.5039990136,134653.38999994064,1411340,704702.0,3.1789,127.9020000000005,115.54400000000008,0.01,0.01,0.002285,0.004986,0.01,0.01,0.009998,0.01,75761.222,77702.283,74536.409,74731.899,1835.276000867656,-1288170.9651657776,-1936.0,50341.0,12.358000000000416,208551.0940000056
2022-01-19,42337.58,42545.0,41115.64,41657.89,333943.44299769046,166536.57499956328,1662409,827385.0,2.6819,217.5909999999995,85.20300000000019,0.004973,0.01,0.004422,0.01,0.004973,0.01,0.004973,0.01,74731.899,77964.714,73833.178,75402.231,-870.2929985639057,-1289041.2581643416,-7639.0,42702.0,132.3879999999993,208683.4820000056
2022-01-20,41656.9,43495.0,40550.0,40661.69,399810.43199746526,198966.70399951265,1895136,942299.0,2.7313,250.6789999999997,157.1280000000001,0.01,0.01,0.01,0.01,0.01,0.01,0.01,0.01,75402.231,81754.774,75384.98,76573.972,-1877.0239984399523,-1290918.2821627816,-10538.0,32164.0,93.55099999999959,208777.0330000056
2022-01-21,40662.06,41095.76,35380.92,36425.98,789595.8390052649,376519.2199978709,3972821,1944303.0,3.1929,764.810999999989,372.9979999999991,0.01,0.01,-0.001717,-0.001094,0.01,0.01,0.004523,0.008226,76573.972,78329.342,71531.781,71838.256,-36557.3990095231,-1327475.6811723048,-84215.0,-52051.0,391.8129999999899,209168.8460000056
2022-01-22,36426.46,36817.74,33950.0,35043.73,676095.6220029343,335225.1959986425,3621008,1803109.0,2.5474,524.1889999999958,374.1599999999982,-0.001051,0.01,-0.002745,0.01,-0.001051,0.01,-0.001051,0.01,71838.256,75495.893,70527.895,73109.341,-5645.230005649384,-1333120.9111779542,-14790.0,-66841.0,150.02899999999755,209318.87500000562
2022-01-23,35043.82,36496.92,34588.8,36230.01,369371.39499856526,191345.27099966563,1892382,953453.0,1.8902,191.27700000000002,178.50400000000013,0.01,0.01,-0.006917,0.003458,0.01,0.01,-0.001573,-0.001573,73109.341,75268.199,72640.292,74129.903,13319.14700076601,-1319801.7641771883,14524.0,-52317.0,12.772999999999882,209331.6480000056
2022-01-24,36230.0,37528.0,32853.83,36648.31,822996.7950076935,421030.4269979188,4284712,2143486.0,1.8217,496.4769999999976,420.32499999999845,0.003458,0.01,-0.008078,0.01,0.00348,0.005605,0.00348,0.005009,74129.903,77139.061,72242.76,73101.045,19064.058988144156,-1300737.7051890441,2260.0,-50057.0,76.15199999999913,209407.8000000056
2022-01-25,36648.3,37561.03,35693.0,36934.26,409018.71399790014,208942.23399954522,2367079,1185772.0,1.2931,204.99199999999976,262.4509999999996,0.01,0.01,-0.01867,0.000684,0.01,0.01,-0.010008,-0.010008,73101.045,77828.384,72913.713,76062.541,8865.754001190304,-1291871.9511878537,4465.0,-45592.0,-57.45899999999986,209350.3410000056
2022-01-26,36934.26,38886.58,36232.42,36787.43,554405.9959990837,280673.7959993124,3052272,1517371.0,1.1896,290.63299999999947,275.85099999999875,0.000676,0.008287,-0.011725,-0.004805,0.000676,0.000676,-0.00413,-0.00413,76066.465,80070.114,73798.625,73869.551,6941.59599954111,-1284930.3551883125,-17530.0,-63122.0,14.782000000000721,209365.1230000056
2022-01-27,36787.42,37200.0,35471.53,37131.0,422004.5139980919,214000.41399946206,2366652,1191629.0,1.2548,285.5259999999995,216.72800000000004,-0.004869,0.00364,-0.016509,-0.000423,-0.004869,-0.004869,-0.010186,-0.007554,73869.551,74887.743,71643.821,72358.376,5996.314000832208,-1278934.0411874803,16606.0,-46516.0,68.79799999999946,209433.92100000562
2022-01-28,37131.0,38000.0,36149.02,37696.21,367505.9199985881,186916.33299972533,2016006,1016001.0,1.266,152.64300000000017,216.23200000000008,-0.000493,0.01,-0.009053,-0.001067,-0.000493,0.007165,-0.000493,0.00288,72375.277,74420.569,71478.655,74237.753,6326.746000862564,-1272607.2951866179,15996.0,-30520.0,-63.58899999999991,209370.3320000056
2022-01-29,37696.22,38750.94,37252.0,38150.01,238656.21299930682,121844.11999995423,1369378,688570.0,0.9554,82.32100000000007,85.41299999999995,-0.001093,0.009004,-0.006019,0.006037,-0.001093,0.005239,-0.003029,-0.003029,74237.753,77201.223,74123.543,76314.295,5032.027000601636,-1267575.2681860162,7762.0,-22758.0,-3.091999999999885,209367.2400000056
2022-01-30,38150.0,38420.3,37334.83,37870.01,195027.68899961686,98182.2779999597,1124899,560850.0,0.9489,81.53800000000005,64.82400000000007,0.00605,0.01,0.00585,0.008911,0.00605,0.01,0.00605,0.01,76314.295,77427.768,75923.924,77273.587,1336.8670003025327,-1266238.4011857137,-3199.0,-25957.0,16.713999999999984,209383.95400000561
2022-01-31,37870.0,38741.73,36620.0,38439.04,318439.08999889443,165300.02699979814,1624976,824152.0,0.9474,113.8080000000002,162.91699999999983,0.008927,0.008927,-0.011582,-0.003953,0.008927,0.008927,-0.007369,-0.005648,77273.587,83050.705,76675.666,82927.335,12160.964000701846,-1254077.4371850118,23328.0,-2629.0,-49.108999999999625,209334.84500000562
2022-02-01,38439.04,39260.26,37969.0,38680.51,353351.9219987427,180865.21199976656,1923322,961423.0,0.7292,132.1430000000001,145.15900000000025,-0.003953,0.008183,-0.009396,-0.002961,-0.004,0.006113,-0.006256,-0.006256,82927.335,82929.854,78206.476,78617.238,8378.502000790439,-1245698.9351842212,-476.0,-3105.0,-13.016000000000162,209321.82900000561
2022-02-02,38680.51,38834.18,36529.81,36892.03,337566.942999103,164070.3649998626,1696351,844382.0,0.8315,219.5079999999998,85.80100000000009,-0.002905,0.01,-0.015014,-0.007856,-0.002905,0.01,-0.002905,0.002553,78617.238,80249.446,76996.965,78025.352,-9426.212999377807,-1255125.148183599,-7587.0,-10692.0,133.7069999999997,209455.5360000056
2022-02-03,36892.05,37395.0,36204.3,37289.86,318639.05499877647,162213.17899983947,1606326,809556.0,1.2472,166.9260000000002,119.56100000000013,-0.007856,0.01,-0.007856,0.001537,-0.007716,0.001168,-0.007716,-0.001533,78030.283,79767.742,77656.296,77749.238,5787.303000902466,-1249337.8451826966,12786.0,2094.0,47.36500000000005,209502.9010000056
2022-02-04,37287.33,41741.76,37011.0,41550.0,520101.41799850896,275800.84199904604,2589688,1319200.0,1.2487,111.37000000000027,240.0569999999999,0.001537,0.01,-0.012769,0.007445,0.001462,0.01,-0.008571,0.01,77749.238,83747.112,77749.238,81530.336,31500.26599958312,-1217837.5791831135,48712.0,50806.0,-128.6869999999996,209374.2140000056
2022-02-05,41549.99,41922.0,40920.0,41374.69,242180.23199913066,121296.60599998645,1415712,703927.0,0.7603,141.09500000000003,117.6770000000003,0.007445,0.01,0.005889,0.01,0.007457,0.01,0.007457,0.01,81530.336,81902.073,80290.758,81260.335,412.9800008422462,-1217424.5991822714,-7858.0,42948.0,23.417999999999722,209397.6320000056
2022-02-06,41374.68,42656.8,41100.0,42361.35,215321.8739993341,113028.30899997467,1152334,587088.0,0.7316,54.83100000000003,103.22200000000012,0.01,0.01,-0.002147,0.001481,0.01,0.01,0.01,0.01,81260.335,83207.12,80183.59,80507.616,10734.744000615261,-1206689.855181656,21842.0,64790.0,-48.39100000000009,209349.2410000056
2022-02-07,42361.34,44541.16,41609.76,43829.99,418050.4269981209,216229.3239993312,2177572,1100413.0,0.8192,113.1910000000003,266.45399999999995,0.001481,0.01,-0.012642,0.01,0.001477,0.005264,-0.009617,-0.009617,80507.616,81413.868,78134.282,78142.722,14408.221000541467,-1192281.6341811146,23254.0,88044.0,-153.26299999999964,209195.9780000056
2022-02-08,43830.0,45600.0,42641.0,44021.57,468001.6099981306,238430.65499911676,2434227,1222430.0,0.8936,240.6969999999997,256.5649999999999,0.01,0.01,-0.00088,0.008235,0.01,0.01,0.01,0.01,78142.722,79287.273,72869.644,72958.572,8859.700000102923,-1183421.9341810117,10633.0,98677.0,-15.868000000000194,209180.1100000056
2022-02-09,44021.58,44826.0,43089.08,44358.08,300265.7109987613,150266.271999837,1668511,840877.0,1.107,156.392,155.03800000000007,0.008216,0.01,0.000263,0.01,0.008216,0.008216,0.00512,0.00512,72958.572,75152.807,71590.095,74616.641,266.8330009126803,-1183155.101180099,13243.0,111920.0,1.3539999999999281,209181.4640000056
2022-02-10,44358.09,45847.5,43136.96,43471.29,563906.1369987826,283180.4739987542,2894392,1454234.0,1.1053,258.20799999999934,219.17299999999994,0.01,0.01,-0.005558,0.00395,0.01,0.01,-0.001799,0.01,74616.641,80160.461,71801.773,71883.657,2454.8109987258213,-1180700.2901813732,14076.0,125996.0,39.0349999999994,209220.4990000056
2022-02-11,43471.3,43900.0,41914.23,42366.0,414625.3499984038,205978.89999940485,2469494,1231552.0,1.2915,206.47600000000006,146.51300000000018,0.003895,0.01,-0.009814,0.01,0.003895,0.003895,-0.007643,-0.007643,71883.657,74285.041,70300.208,72597.01,-2667.5499995941063,-1183367.8401809675,-6390.0,119606.0,59.96299999999988,209280.4620000056
2022-02-12,42365.99,42980.0,41540.0,42199.87,256267.7619990041,128558.49199998136,1532031,766691.0,1.5227,93.62300000000019,91.75800000000008,0.01,0.01,0.00348,0.008078,0.01,0.01,0.01,0.01,72597.01,75099.882,72257.941,72534.307,849.2220009586017,-1182518.6181800088,1351.0,120957.0,1.8650000000001086,209282.32700000558
2022-02-13,42199.88,42755.97,41850.0,42041.13,192064.9989995146,96534.53199997656,1132859,570601.0,1.6717,72.31200000000008,46.10600000000003,0.008047,0.01,0.001586,0.009731,0.008047,0.008047,0.006814,0.006814,72534.307,74312.635,71580.698,71699.479,1004.0650004385388,-1181514.5531795702,8343.0,129300.0,26.206000000000053,209308.53300000558
2022-02-14,42041.12,42888.0,41526.0,42525.14,303925.92699884274,155102.80099978318,1566258,785809.0,1.7152,114.99300000000012,94.7560000000002,0.009731,0.01,-0.001117,0.01,0.009717,0.009717,0.002867,0.006445,71699.479,76233.499,71683.698,74210.394,6279.675000723626,-1175234.8781788466,5360.0,134660.0,20.236999999999924,209328.77000000558
2022-02-15,42525.14,44777.0,42406.23,44529.6,276719.55099925364,141948.3729999126,1292642,649363.0,1.3414,37.71299999999996,172.95399999999975,0.01,0.01,-0.009233,0.01,0.01,0.01,-0.00776,0.005462,74210.394,79351.467,73243.697,76127.387,7177.195000571548,-1168057.683178275,6084.0,140744.0,-135.2409999999998,209193.52900000557
2022-02-16,44529.7,44536.8,43277.8,43860.7,255787.4109992762,123063.15499995527,1117201,555108.0,1.1891,106.00800000000014,87.60899999999997,0.01,0.01,0.01,0.01,0.01,0.01,0.01,0.01,76127.387,78042.736,74664.083,76661.453,-9661.100999365677,-1177718.7841776405,-6985.0,133759.0,18.39900000000017,209211.92800000557
2022-02-17,43860.8,44150.0,40020.1,40491.7,433953.09299873444,205849.61599955,1845171,912749.0,1.3607,189.829,91.56900000000006,0.01,0.01,-0.000714,-0.000469,0.01,0.01,0.01,0.01,76661.453,77138.832,74257.372,74877.694,-22253.86099963443,-1199972.645177275,-19673.0,114086.0,98.25999999999995,209310.18800000558
2022-02-18,40491.8,40944.1,39422.0,39966.8,377653.305998756,189962.22799970498,1619204,813117.0,1.986,181.94400000000002,110.11500000000002,-0.000438,0.01,-0.013194,0.01,-0.000438,-0.000438,-0.002923,-0.000936,74877.694,76105.581,72841.419,73309.21,2271.150000653928,-1197701.495176621,7030.0,121116.0,71.829,209382.01700000558
2022-02-19,39966.8,40438.7,39610.3,40052.6,185624.39699968364,94227.71799995957,884436,446389.0,1.8893,68.31800000000003,45.41199999999994,0.01,0.01,0.000199,0.003087,0.01,0.01,0.000961,0.00771,73309.21,77440.853,73225.615,76070.627,2831.039000235498,-1194870.4561763855,8342.0,129458.0,22.906000000000084,209404.92300000557
2022-02-20,40052.6,40100.1,37905.0,38368.1,329710.54999919597,162126.03499987634,1314358,658486.0,2.0836,137.33700000000022,61.89700000000001,0.003087,0.008685,-0.012453,0.006492,0.003023,0.006581,-0.007517,-0.007517,76070.627,77727.622,73539.717,73683.853,-5458.479999443283,-1200328.9361758288,2614.0,132072.0,75.4400000000002,209480.36300000557
2022-02-21,38367.9,39510.0,36762.0,36986.4,646370.4180014341,323489.3409993438,2474459,1231684.0,2.0202,250.5829999999994,209.32399999999987,0.0065,0.01,-0.006777,-0.005327,0.0065,0.0065,-0.004498,-0.003473,73689.964,77084.939,71336.457,72902.04,608.2639972534962,-1199720.6721785753,-11091.0,120981.0,41.25899999999953,209521.62200000556
2022-02-22,36986.4,38450.0,36310.1,38212.0,465213.5439989172,239380.14999966224,2020227,1013726.0,1.924,132.28300000000024,173.13700000000014,-0.005357,0.005477,-0.005845,-0.002599,-0.005357,0.002477,-0.005357,-0.003085,72902.04,75996.005,72508.685,74823.05,13546.756000407273,-1186173.916178168,7225.0,128206.0,-40.8539999999999,209480.76800000557
2022-02-23,38212.1,39250.0,36963.2,37227.8,408053.32799904374,203180.88199973392,1643310,825054.0,1.3425,152.297,69.98000000000006,-0.002623,0.01,-0.013955,0.006519,-0.002623,-0.002623,-0.012603,-0.003332,74823.05,75502.151,72557.964,72851.326,-1691.563999575912,-1187865.4801777438,6798.0,135004.0,82.31699999999994,209563.08500000558
2022-02-24,37227.9,40376.1,34303.7,38315.1,919506.2530081818,475959.27399859566,4085240,2047371.0,1.6448,316.59399999999863,355.2859999999981,0.006475,0.01,-0.023462,0.01,0.006475,0.006475,-0.016045,-0.00921,72851.326,76166.717,65707.449,66003.494,32412.294989009504,-1155453.1851887344,9502.0,144506.0,-38.691999999999496,209524.39300000557
2022-02-25,38316.2,39750.0,37999.2,39205.4,416311.3609986464,214578.21399956048,2062788,1029633.0,1.2306,140.5509999999999,124.81000000000033,0.01,0.01,0.000231,0.009316,0.01,0.01,0.000998,0.000998,66003.494,69431.487,65079.947,67515.261,12845.067000474548,-1142608.11818826,-3522.0,140984.0,15.740999999999573,209540.13400000558
2022-02-26,39205.4,40441.1,38561.7,39099.3,251824.62699927602,126601.49799996814,1285880,640763.0,1.0951,99.91100000000017,52.18900000000005,0.009332,0.01,0.004098,0.005602,0.009332,0.01,0.007614,0.007614,67515.261,69077.59,67157.482,67245.85,1378.3690006602556,-1141229.7491875996,-4354.0,136630.0,47.72200000000012,209587.8560000056
2022-02-27,39098.5,39868.6,36934.6,37672.0,423192.9439988196,208674.3319996504,1964800,976276.0,1.1372,174.3000000000002,118.71100000000014,0.005574,0.009566,-0.021114,-0.021114,0.005574,0.005574,-0.000628,-0.000628,67245.85,70184.786,65064.693,65861.239,-5844.279999518825,-1147074.0291871184,-12248.0,124382.0,55.58900000000007,209643.4450000056
2022-02-28,37672.1,44341.0,37414.4,43155.0,615375.7190007536,325052.96799896396,2951824,1495044.0,1.4272,146.5930000000004,218.65700000000007,-0.021114,0.01,-0.024256,0.01,-0.021167,-0.005386,-0.021167,-0.005386,65861.239,74175.397,65827.424,68824.504,34730.21699717431,-1112343.812189944,38264.0,162646.0,-72.06399999999968,209571.38100000558
2022-03-01,43150.8,44935.0,42765.4,44394.1,448480.01699823444,224950.9489993443,2234163,1112862.0,1.0421,129.42900000000023,117.9900000000004,0.01,0.01,-0.000466,-0.000466,0.01,0.01,0.004369,0.004369,68824.504,75156.091,68732.616,70661.967,1421.8810004541883,-1110921.93118949,-8439.0,154207.0,11.438999999999822,209582.8200000056
2022-03-02,44393.6,45350.0,43321.0,43885.7,407559.3029982943,201856.5869994868,2062356,1031310.0,0.9433,122.07200000000012,96.34400000000016,-0.000507,0.01,-0.002196,0.01,-0.000507,0.01,-0.000507,0.01,70661.967,74125.813,70532.395,72846.055,-3846.1289993206738,-1114768.0601888108,264.0,154471.0,25.727999999999952,209608.5480000056
2022-03-03,43885.8,44080.0,41831.0,42449.5,365549.65299870225,178262.44599973664,1788639,895508.0,0.9893,147.1000000000001,90.96600000000001,0.01,0.01,0.01,0.01,0.01,0.01,0.01,0.01,72846.055,75574.264,72623.782,74655.391,-9024.76099922898,-1123792.8211880398,2377.0,156848.0,56.1340000000001,209664.6820000056
2022-03-04,42449.6,42525.3,38521.0,39127.7,469134.32199812005,224730.31399946252,2375854,1177961.0,1.4184,272.42699999999974,112.31900000000029,0.01,0.01,0.01,0.01,0.01,0.01,0.01,0.01,74655.391,77214.122,74212.892,75145.085,-19673.693999195006,-1143466.5151872349,-19932.0,136916.0,160.10799999999944,209824.7900000056
2022-03-05,39127.7,39580.0,38547.6,39375.1,198745.67699960977,99499.23699995567,1040452,527562.0,1.8185,49.80600000000004,63.26600000000006,0.01,0.01,-0.00554,0.004079,0.01,0.01,0.001656,0.001656,75145.085,76533.54,74460.747,75991.24,252.79700030156528,-1143213.7181869333,14672.0,151588.0,-13.460000000000022,209811.3300000056
2022-03-06,39375.0,39690.0,38056.0,38401.1,311704.25099924,155049.23599984526,1502143,747656.0,2.1969,121.62800000000014,70.65900000000009,0.004079,0.01,-0.004106,0.000339,0.004115,0.004115,-0.00096,0.001957,75991.24,76550.66,72143.671,72404.832,-1605.7789995494531,-1144819.497186483,-6831.0,144757.0,50.96900000000005,209862.29900000562
2022-03-07,38401.1,39550.0,37134.0,37963.8,490252.6119984264,245476.57899966923,2254384,1127261.0,2.1104,176.478,140.384,0.000339,0.006555,-0.009197,0.003438,0.000318,0.000318,-0.008983,-0.003177,72414.248,76402.885,69113.327,69246.757,700.546000912087,-1144118.9511855708,138.0,144895.0,36.09400000000002,209898.39300000563
2022-03-08,37963.7,39340.5,37853.0,38709.9,421438.57099892147,211146.20099966438,2050888,1026590.0,2.1857,148.55700000000013,169.75800000000004,0.003438,0.01,-0.005926,0.006853,0.003378,0.01,0.003378,0.01,69246.757,72743.419,69087.268,69185.862,853.8310004072846,-1143265.1201851636,2292.0,147187.0,-21.200999999999908,209877.19200000563
2022-03-09,38709.9,42647.5,38638.7,41937.5,462040.9919983541,239793.57399941725,2144336,1073540.0,1.8321,99.0480000000002,135.93400000000025,0.006776,0.01,-0.006936,0.01,0.006776,0.01,0.006776,0.01,69185.256,74028.442,68926.616,72189.11,17546.156000480405,-1125718.9641846833,2744.0,149931.0,-36.88600000000005,209840.30600000563
2022-03-10,41939.5,42034.3,38512.0,39407.2,520612.1939979693,253336.7189993971,2493809,1244092.0,1.2422,156.10099999999986,109.32900000000011,0.01,0.01,-0.017799,-0.009927,0.01,0.01,-0.008919,-0.008919,72189.381,73298.667,68998.588,70113.518,-13938.755999175162,-1139657.7201838584,-5625.0,144306.0,46.77199999999975,209887.07800000563
2022-03-11,39407.1,40242.0,38200.1,38713.0,467057.6659984354,232492.3579995419,2218817,1110880.0,2.023,150.58000000000024,95.69300000000015,-0.009808,0.01,-0.009808,-0.000294,-0.009808,0.004301,-0.009808,0.004301,70113.518,72055.995,69106.175,70071.96,-2072.9499993515783,-1141730.67018321,2943.0,147249.0,54.887000000000086,209941.9650000056
2022-03-12,38713.1,39578.4,38630.0,38792.6,172493.44199973944,84494.93299995335,895725,448642.0,2.3201,48.23899999999999,22.934000000000008,-0.000307,0.003531,-0.007367,-0.005898,-0.000307,0.003168,-0.003565,-0.003565,70071.96,73236.368,69304.245,71706.756,-3503.575999832741,-1145234.2461830426,1559.0,148808.0,25.304999999999982,209967.2700000056
2022-03-13,38792.7,39300.0,37500.0,37743.7,236623.37799947863,113382.5049999769,1086431,538025.0,2.1939,78.3750000000001,31.010000000000016,-0.005855,0.01,-0.013272,-0.007886,-0.005855,0.000613,-0.005855,-0.005741,71706.756,76754.391,71199.645,75679.763,-9858.367999524839,-1155092.6141825675,-10381.0,138427.0,47.36500000000008,210014.6350000056
2022-03-14,37743.0,39989.0,37522.1,39653.8,360055.48999889137,186200.142999802,1530908,764894.0,2.6062,83.1730000000001,82.26500000000009,-0.008009,0.01,-0.011593,0.00574,-0.008009,0.002708,-0.008009,0.002708,75679.763,77457.498,72645.582,74133.563,12344.79600071261,-1142747.818181855,-1120.0,137307.0,0.9080000000000155,210015.5430000056
2022-03-15,39651.6,39901.8,38073.8,39271.0,344961.7379991211,173954.49999983932,1448186,714767.0,1.849,65.68799999999999,63.43700000000003,0.005726,0.01,0.001158,0.01,0.005726,0.009061,0.004476,0.009061,74133.563,75673.91,71859.783,75400.124,2947.262000557559,-1139800.5561812974,-18652.0,118655.0,2.250999999999955,210017.79400000558
2022-03-16,39270.9,41804.0,38700.0,41105.8,650585.9860004011,330043.5579987876,3008131,1502805.0,1.2889,160.827,158.93899999999994,0.01,0.01,0.003235,0.01,0.01,0.01,0.005871,0.01,75400.124,75424.47,70699.143,74079.983,9501.12999717414,-1130299.4261841234,-2521.0,116134.0,1.888000000000062,210019.6820000056
2022-03-17,41105.9,41498.4,40442.8,40898.1,243928.1499993292,119407.15199993964,1125093,562447.0,1.2099,47.165000000000035,59.01599999999997,0.01,0.01,0.01,0.01,0.01,0.01,0.01,0.01,74079.983,75375.24,73423.428,74583.99,-5113.845999449928,-1135413.2721835733,-199.0,115935.0,-11.850999999999935,210007.8310000056
2022-03-18,40898.0,42322.8,40084.2,41751.5,299096.5849991634,152837.46199987963,1243113,623574.0,1.3691,60.06499999999997,78.13500000000012,0.01,0.01,-0.002127,0.01,0.01,0.01,0.001662,0.01,74583.99,76908.946,72496.998,76256.898,6578.33900059585,-1128834.9331829776,4035.0,119970.0,-18.07000000000015,209989.7610000056
2022-03-19,41751.6,42446.6,41500.0,42188.2,186453.48899971586,92710.88099995429,793290,388791.0,1.0764,35.711000000000006,35.70700000000003,0.01,0.01,0.008047,0.01,0.01,0.01,0.01,0.01,76241.809,77424.123,75140.383,77424.123,-1031.726999807288,-1129866.6601827848,-15708.0,104262.0,0.003999999999976467,209989.76500000557
2022-03-20,42188.2,42269.3,40900.0,41261.0,235766.4929995412,115063.62099996714,887463,443157.0,1.0542,76.02400000000007,44.799,0.01,0.01,0.007321,0.01,0.01,0.01,0.01,0.01,77424.336,78156.776,74156.041,75291.159,-5639.250999606913,-1135505.9111823917,-1149.0,103113.0,31.225000000000072,210020.99000000558
2022-03-21,41261.1,41544.4,40430.0,40982.0,308389.3039992967,153568.12199986028,1127440,560575.0,1.3004,68.68200000000012,69.76300000000006,0.01,0.01,-0.006496,0.01,0.01,0.01,-0.000954,-9.3e-05,75291.159,76345.813,72949.284,72959.157,-1253.0599995761295,-1136758.9711819678,-6290.0,96823.0,-1.0809999999999462,210019.90900000557
2022-03-22,40982.0,43517.7,40852.0,42349.8,374218.67999895447,190842.60199975112,1514798,760798.0,1.6504,75.60100000000016,80.37400000000007,0.01,0.01,-0.00466,0.01,0.01,0.01,0.01,0.01,72959.157,78410.272,72959.157,74493.491,7466.524000547768,-1129292.44718142,6798.0,103621.0,-4.772999999999911,210015.1360000056
2022-03-23,42349.9,43051.0,41731.3,42867.9,282612.8849994098,140280.64699994624,1154511,579168.0,1.2899,68.01500000000007,67.27200000000008,0.01,0.01,-0.001177,0.001614,0.01,0.01,0.007014,0.007014,74498.232,75473.219,72470.669,72498.096,-2051.5909995172988,-1131344.0381809373,3825.0,107446.0,0.742999999999995,210015.87900000557
2022-03-24,42867.8,44200.0,42525.0,43973.4,331439.05299891473,169016.27299977164,1384200,687666.0,1.3708,42.517,91.86300000000023,0.001664,0.01,-0.005943,0.000667,0.001664,0.001664,-0.000907,-0.000907,72498.096,81476.318,72283.624,80411.044,6593.493000628543,-1124750.5451803086,-8868.0,98578.0,-49.346000000000224,209966.53300000558
2022-03-25,43973.2,45142.0,43575.1,44290.6,348616.3629989058,179055.68499973317,1366179,685305.0,0.7569,88.32100000000011,86.79600000000008,0.00067,0.01,-0.00193,0.009789,0.00067,0.009286,0.00067,0.005473,80416.667,83446.064,79558.012,79747.241,9495.007000560523,-1115255.5381797482,4431.0,103009.0,1.525000000000034,209968.05800000558
2022-03-26,44290.6,44785.0,44041.0,44489.2,140712.46299983328,70101.59899995443,647622,324438.0,0.747,21.475999999999996,27.465999999999994,0.009789,0.01,-0.00838,-0.008296,0.009739,0.01,-0.007111,0.01,79747.241,80755.311,79441.015,79644.568,-509.2649999244313,-1115764.8031796727,1254.0,104263.0,-5.989999999999998,209962.0680000056
2022-03-27,44489.3,47047.0,44416.0,46820.8,269278.6869994291,142291.15699991194,1101891,563522.0,0.8232,40.72800000000003,86.58000000000017,-0.008253,0.01,-0.009966,0.01,-0.008253,0.01,-0.008253,0.01,79644.593,83869.773,79115.265,80215.675,15303.627000394801,-1100461.176179278,25153.0,129416.0,-45.85200000000014,209916.21600000557
2022-03-28,46820.9,48200.0,46651.2,47121.9,317541.40199931123,158297.9379997847,1362561,674342.0,0.8529,96.12600000000005,108.27600000000028,0.01,0.01,0.005443,0.01,0.01,0.01,0.01,0.01,80215.675,80380.016,76565.017,76655.828,-945.5259997418034,-1101406.7021790198,-13877.0,115539.0,-12.150000000000233,209904.06600000558
2022-03-29,47121.8,48100.0,46911.0,47418.5,259007.73899940844,128845.88099995938,1054876,530175.0,0.8793,91.0390000000001,77.21700000000007,0.01,0.01,0.009162,0.01,0.01,0.01,0.009594,0.009594,76655.828,78530.985,76396.62,76540.184,-1315.9769994896778,-1102722.6791785094,5474.0,121013.0,13.822000000000031,209917.88800000557
2022-03-30,47418.5,47688.6,46535.0,47053.2,235000.18999945724,114746.81099994396,1001637,500480.0,1.021,82.96400000000014,71.48100000000005,0.01,0.01,0.01,0.01,0.01,0.01,0.01,0.01,76540.184,78711.904,76003.603,76512.408,-5506.567999569321,-1108229.2471780786,-677.0,120336.0,11.48300000000009,209929.37100000557
2022-03-31,47053.1,47619.4,45185.0,45506.0,299809.63299907884,144618.0029999063,1200582,603816.0,1.1968,182.81399999999994,62.33900000000008,0.01,0.01,0.01,0.01,0.01,0.01,0.01,0.01,76512.408,76571.319,74284.149,74404.869,-10573.626999266213,-1118802.8741773448,7050.0,127386.0,120.47499999999985,210049.84600000558
2022-04-01,45505.9,46700.0,44206.2,46266.2,360657.6499988589,176946.60399973407,1336696,672705.0,1.5432,128.20600000000042,149.77399999999992,0.01,0.01,-0.00169,0.01,0.01,0.01,0.007626,0.009193,74404.869,77314.007,73230.843,73327.679,-6764.4419993907795,-1125567.3161767356,8714.0,136100.0,-21.5679999999995,210028.27800000558
2022-04-02,46266.2,47236.8,45600.0,45794.6,226226.84199999922,110493.5849999999,911422,451926.0,1.805,115.31000000000002,68.40300000000002,0.01,0.01,0.01,0.01,0.01,0.01,0.01,0.01,73320.815,73637.742,71325.047,71705.537,-5239.671999999409,-1130806.988176735,-7570.0,128530.0,46.907,210075.1850000056
2022-04-03,45792.3,47448.0,45501.0,46392.4,212088.45699958247,105574.74699993856,861705,436615.0,,59.438999999999986,108.66100000000004,0.01,0.01,0.01,0.01,0.01,0.01,0.01,0.01,71705.537,72518.963,71179.348,71796.879,-938.9629997053416,-1131745.9511764403,11525.0,140055.0,-49.22200000000006,210025.96300000558
2022-04-04,46392.3,46895.5,45094.0,46580.9,272795.44499929633,134447.77799993512,1062458,531238.0,1.8612,100.37600000000025,102.14000000000011,0.01,0.01,0.01,0.01,0.01,0.01,0.01,0.01,71796.879,76525.633,71787.411,73368.887,-3899.888999426097,-1135645.8401758664,18.0,140073.0,-1.763999999999868,210024.19900000558
2022-04-05,46581.0,47188.0,45300.0,45477.4,257512.1809993083,124184.91199999553,1012544,507084.0,1.6724,100.04900000000012,38.598,0.01,0.01,0.000915,0.009922,0.01,0.01,0.01,0.01,73368.887,78362.459,73039.085,76713.63,-9142.356999317242,-1144788.1971751836,1624.0,141697.0,61.45100000000012,210085.65000000558
2022-04-06,45477.5,45494.2,43100.0,43159.7,384349.14699838,185080.8119996375,1574702,783872.0,,340.19499999999937,77.70000000000014,0.009922,0.01,0.005095,0.01,0.009898,0.01,0.009898,0.01,76713.63,82066.875,75645.597,81546.556,-14187.522999105044,-1158975.7201742886,-6958.0,134739.0,262.4949999999992,210348.14500000558
2022-04-07,43159.8,43888.0,42685.0,43417.1,229539.86499936393,114153.70499997144,1019693,511538.0,,72.4120000000001,68.2460000000001,0.01,0.01,0.001112,0.004294,0.01,0.01,0.002421,0.002421,81546.556,82147.487,80465.63,80840.311,-1232.4549994210538,-1160208.1751737096,3383.0,138122.0,4.166000000000011,210352.31100000557
2022-04-08,43417.1,43968.1,42074.0,42229.2,310061.77599863097,151856.96099982722,1330607,666058.0,2.4341,129.68700000000024,97.17700000000002,0.004306,0.01,0.004303,0.01,0.004306,0.01,0.004306,0.01,80840.576,83820.096,80431.665,82601.915,-6347.853998976527,-1166556.0291726862,1509.0,139631.0,32.51000000000022,210384.82100000558
2022-04-09,42229.1,42796.7,42100.3,42727.7,119717.94099993713,60625.33699993524,614733,310687.0,2.6219,30.977999999999998,34.86799999999999,0.01,0.01,0.002573,0.002753,0.01,0.01,0.009279,0.01,82601.274,83722.555,82099.538,83174.791,1532.7329999333597,-1165023.2961727527,6641.0,146272.0,-3.88999999999999,210380.93100000557
2022-04-10,42727.8,43399.4,41838.0,42140.4,181903.37299959557,90479.03199996878,827077,413556.0,2.6179,98.07500000000005,35.036,0.002721,0.01,-0.002646,0.000262,0.002721,0.01,0.002721,0.01,83176.233,85223.778,82868.109,84353.016,-945.3089996580093,-1165968.6051724108,35.0,146307.0,63.039000000000044,210443.97000000556
2022-04-11,42140.3,42399.9,39136.7,39505.6,439496.9189978757,210942.4769994837,1843573,910584.0,2.6819,272.3809999999994,80.24799999999995,0.000243,0.01,-0.006796,-0.006796,0.000243,0.01,0.000243,0.01,84353.016,90217.195,83790.633,84318.042,-17611.964998908283,-1183580.5701713192,-22405.0,123902.0,192.13299999999947,210636.10300000556
2022-04-12,39505.6,40700.0,39224.0,40060.7,349848.44799818704,176364.94199964014,1524366,772327.0,2.5765,119.98300000000012,103.03300000000009,-0.006795,0.01,-0.01328,-0.001636,-0.006795,-0.006795,-0.010012,-0.007001,84318.042,85700.544,82982.139,83397.884,2881.4360010932432,-1180699.1341702258,20288.0,144190.0,16.95000000000003,210653.05300000557
2022-04-13,40060.7,41580.0,39569.8,41129.8,324713.71199867607,164793.7139998151,1424448,715429.0,3.0306,79.38500000000012,157.25199999999978,-0.001692,0.00765,-0.010565,0.005001,-0.001692,0.000753,-0.001692,-0.001485,83397.884,84473.011,79859.494,79859.494,4873.716000954155,-1175825.4181692717,6410.0,150600.0,-77.86699999999966,210575.18600000557
2022-04-14,41129.8,41474.8,39522.0,39915.9,261948.5029992563,126673.89599999148,1097343,545718.0,2.269,80.84000000000012,29.246000000000002,0.005018,0.009921,-0.013291,-0.013216,0.005018,0.005018,0.003533,0.004423,79859.494,83171.48,79794.063,82776.87,-8600.710999273346,-1184426.129168545,-5907.0,144693.0,51.594000000000115,210626.7800000056
2022-04-15,39915.9,40888.0,39734.2,40529.5,194643.56199955923,100202.21599997363,842210,425028.0,2.8926,44.794000000000025,43.742999999999974,-0.013216,0.008818,-0.0167,0.002282,-0.013233,0.007697,-0.013233,0.007697,82776.87,84618.771,81407.037,81442.745,5760.870000388037,-1178665.259168157,7846.0,152539.0,1.0510000000000517,210627.8310000056
2022-04-16,40529.6,40700.0,39944.9,40361.0,127704.09799999371,62851.936999941725,570095,283923.0,2.5881,25.614000000000008,39.327,0.002282,0.01,-0.002605,0.000711,0.002197,0.006201,0.002197,0.006201,81439.841,82708.229,80679.209,81401.91,-2000.2240001102618,-1180665.4831682672,-2249.0,150290.0,-13.71299999999999,210614.1180000056
2022-04-17,40360.9,40574.1,39510.0,39649.1,170081.1359997827,82976.15199995952,703413,351649.0,2.56,117.56500000000013,21.118999999999996,0.00072,0.01,-0.003119,-0.003119,0.00072,0.01,0.00072,0.01,81401.91,83546.846,81253.375,83546.846,-4128.8319998636725,-1184794.315168131,-115.0,150175.0,96.44600000000013,210710.5640000056
2022-04-18,39649.1,41310.0,38465.7,40785.6,362356.06299841794,183476.20599968155,1432165,718969.0,2.879,130.40700000000004,133.20400000000018,-0.003231,0.01,-0.018347,0.01,-0.003231,-0.003231,-0.017197,-0.005436,83546.846,87260.166,79121.144,79368.853,4596.349000945163,-1180197.9661671857,5773.0,155948.0,-2.797000000000139,210707.7670000056
2022-04-19,40785.7,41788.0,40543.7,41472.9,214386.0159993621,109950.13499999492,956239,475150.0,2.3003,29.432000000000002,99.66300000000018,0.01,0.01,-0.005779,0.009478,0.01,0.01,-0.005028,-0.005028,79374.293,80943.68,78151.228,79691.125,5514.254000627727,-1174683.712166558,-5939.0,150009.0,-70.23100000000018,210637.5360000056
2022-04-20,41472.9,42166.8,40800.0,41327.7,257301.1069990336,128472.91700000009,1112868,553312.0,2.0525,62.43800000000006,80.88900000000008,0.00945,0.01,-0.005242,0.000277,0.00945,0.009543,0.003714,0.003714,79691.125,82628.951,79429.811,80054.156,-355.2729990334192,-1175038.9851655914,-6244.0,143765.0,-18.451000000000022,210619.0850000056
2022-04-21,41326.0,42966.0,39630.0,40449.8,393121.18299777876,195468.45799953447,1620351,810898.0,1.9525,279.9419999999997,78.55200000000012,0.000177,0.01,-0.010178,0.003177,0.000177,0.005359,-0.005245,0.005359,80054.156,83687.787,79542.491,80528.838,-2184.2669987098197,-1177223.2521643012,1445.0,145210.0,201.3899999999996,210820.47500000562
2022-04-22,40449.7,40786.1,39133.0,39674.2,314509.7319983318,153118.22899984012,1397509,703828.0,2.5088,111.00200000000021,72.41900000000008,0.003026,0.003026,-0.019022,-0.008951,0.003026,0.003026,-0.016984,-0.000415,80528.838,85638.554,79977.326,84988.26,-8273.273998651537,-1185496.5261629527,10147.0,155357.0,38.583000000000126,210859.05800000564
2022-04-23,39674.3,40000.0,39259.0,39415.1,125032.29399995827,60377.49299992169,637598,318237.0,3.3178,41.39299999999996,27.115999999999993,-0.008951,-0.00319,-0.018743,-0.018234,-0.009023,-0.007562,-0.011883,-0.011883,84990.643,86869.574,84971.686,86183.228,-4277.308000114892,-1189773.8341630676,-1124.0,154233.0,14.276999999999965,210873.33500000564
2022-04-24,39413.8,39930.6,38884.1,39433.4,180365.57199964413,89042.19299995273,804310,404566.0,3.122,70.90900000000002,30.326999999999995,-0.018234,-0.003167,-0.019356,-0.008978,-0.018273,-0.003654,-0.018273,-0.003654,86181.579,88008.268,85437.293,85793.961,-2281.1859997386637,-1192055.0201628064,4822.0,159055.0,40.58200000000002,210913.91700000563
2022-04-25,39433.3,40650.0,38111.0,40411.0,433013.7559970149,216891.4779994885,1812454,904587.0,3.1169,121.21400000000018,165.03399999999993,-0.008908,0.01,-0.011783,0.01,-0.008908,0.007223,-0.008908,0.007223,85793.961,88396.971,82016.86,82016.86,769.2000019621337,-1191285.8201608444,-3280.0,155775.0,-43.81999999999975,210870.09700000563
2022-04-26,40411.0,40800.0,37671.8,38093.7,452873.87199742865,219309.57699951623,1849875,912523.0,2.6417,211.8769999999996,100.16900000000017,0.01,0.01,-0.015897,-0.012705,0.01,0.01,0.01,0.01,82016.86,87866.292,80518.558,86773.876,-14254.717998396198,-1205540.5381592405,-24829.0,130946.0,111.70799999999944,210981.80500000564
2022-04-27,38093.7,39470.0,37844.5,39209.0,385630.1029973421,194770.45699960834,1603363,799622.0,3.386,82.22800000000012,132.90800000000016,-0.01264,0.005353,-0.013099,-0.005649,-0.01264,0.001968,-0.01264,0.001968,86767.642,89692.456,81801.106,82395.872,3910.8110018745647,-1201629.727157366,-4119.0,126827.0,-50.680000000000035,210931.12500000565
2022-04-28,39209.0,40376.6,38861.8,39732.5,413461.4569972516,212461.87599953398,1721789,857786.0,,99.63000000000018,149.2530000000002,-0.005716,0.01,-0.012353,0.01,-0.005716,0.01,-0.005716,0.01,82395.872,82993.758,78863.825,79104.794,11462.295001816354,-1190167.4321555495,-6217.0,120610.0,-49.62300000000003,210881.50200000565
2022-04-29,39732.5,39924.8,38160.0,38572.2,308064.87499848916,149967.577999897,1317139,659617.0,,248.72499999999988,55.53899999999996,0.01,0.01,-0.009526,-0.009406,0.01,0.01,0.002628,0.002628,79104.794,83290.408,77590.686,83152.909,-8129.718998695142,-1198297.1511542448,2095.0,122705.0,193.18599999999992,211074.68800000564
2022-04-30,38572.3,38782.6,37550.0,37614.5,181778.16899966527,87289.68499993255,846093,419951.0,2.7064,174.254,36.03600000000002,-0.009371,0.007696,-0.00976,0.00255,-0.009371,0.005926,-0.009371,0.005926,83152.909,85136.693,82718.933,85136.693,-7198.798999800172,-1205495.950154045,-6191.0,116514.0,138.21799999999996,211212.90600000563
2022-05-01,37614.4,38680.6,37350.0,38440.5,236502.46299925912,119464.2809999597,1098313,547123.0,3.1754,89.98200000000006,103.74400000000013,0.002403,0.01,-0.007563,0.01,0.002403,0.01,9.5e-05,0.01,85169.947,86580.819,82333.036,82572.879,2426.099000660266,-1203069.8511533847,-4067.0,112447.0,-13.762000000000072,211199.14400000565
2022-05-02,38440.2,39222.0,38032.2,38525.6,336836.2649980998,171320.22399973893,1482990,734940.0,3.0048,116.6620000000004,74.63500000000018,0.01,0.01,-0.001778,0.01,0.01,0.01,0.009,0.01,82572.879,82684.702,78369.806,80785.072,5804.183001378027,-1197265.6681520066,-13110.0,99337.0,42.02700000000023,211241.17100000565
2022-05-03,38525.5,38674.7,37500.1,37712.9,248976.00399920557,120394.74999996796,1088119,537158.0,2.453,64.21999999999994,27.308999999999987,0.01,0.01,0.01,0.01,0.01,0.01,0.01,0.01,80785.072,91134.583,80764.224,91109.717,-8186.503999269655,-1205452.1721512761,-13803.0,85534.0,36.91099999999996,211278.08200000564
2022-05-04,37713.0,40071.7,37655.2,39684.0,424458.2459974081,218888.2779994777,1697378,842924.0,3.5537,54.38500000000005,157.2440000000002,0.01,0.01,0.002275,0.01,0.01,0.01,0.002504,0.01,91109.717,91532.336,82119.022,82803.089,13318.310001547274,-1192133.862149729,-11530.0,74004.0,-102.85900000000015,211175.22300000564
2022-05-05,39684.1,39845.0,35388.0,36534.7,533236.7139973284,251085.7949991466,2206676,1079021.0,1.7533,223.9429999999998,89.97200000000011,0.01,0.01,-0.021323,-0.013527,0.01,0.01,0.01,0.01,82803.089,91702.312,82569.067,89936.806,-31065.12399903522,-1223198.9861487641,-48634.0,25370.0,133.97099999999972,211309.19400000563
2022-05-06,36533.7,36679.3,35200.0,35995.3,431930.0489975431,212454.5019993394,1852448,925450.0,3.8426,177.0390000000002,142.014,-0.01346,0.01,-0.01346,-0.00527,-0.01346,0.004197,-0.01346,0.004197,89936.806,91603.539,88071.022,89381.829,-7021.044998864294,-1230220.0311476286,-1548.0,23822.0,35.025000000000176,211344.21900000563
2022-05-07,35995.2,36138.0,34700.0,35466.7,200234.3309994911,96354.04499993508,946219,475275.0,3.3271,79.07100000000004,43.13200000000001,-0.005273,0.008788,-0.00767,-0.002754,-0.005273,0.005998,-0.005273,0.000713,89381.829,92616.235,89381.455,91197.305,-7526.240999620932,-1237746.2721472494,4331.0,28153.0,35.93900000000003,211380.15800000564
2022-05-08,35466.7,35504.0,33665.0,34032.0,426743.23899760406,209295.30099947256,1822478,897414.0,3.3956,132.8950000000002,95.05200000000012,-0.002659,0.01,-0.002659,0.01,-0.002659,0.01,-0.002659,0.01,91197.305,94843.921,88606.527,89155.085,-8152.636998658942,-1245898.9091459084,-27650.0,503.0,37.84300000000009,211418.00100000564
2022-05-09,34032.1,34243.3,30003.6,30056.6,1078550.0120077485,529499.3849982739,4254651,2104860.0,2.9246,612.5429999999944,314.9899999999986,0.01,0.01,0.005918,0.01,0.01,0.01,0.01,0.01,89155.085,94242.229,85102.621,85462.58,-19551.242011200637,-1265450.151157109,-44931.0,-44428.0,297.55299999999585,211715.55400000562
2022-05-10,30056.0,32650.0,29701.4,31002.1,825892.3700074235,422457.32199757977,3758782,1876481.0,,445.8029999999971,482.38199999999887,0.01,0.01,-0.020399,0.00762,0.01,0.01,0.01,0.01,85445.414,86772.409,81002.758,81119.294,19022.273987736087,-1246427.877169373,-5820.0,-50248.0,-36.57900000000177,211678.97500000562
2022-05-11,31004.3,32197.6,27651.0,29074.7,1101752.2480088673,549767.7719993999,5178558,2583113.0,,943.5029999999875,530.6429999999962,0.00758,0.01,-0.032746,-0.018713,0.00758,0.00758,-0.003512,-0.003512,81119.294,83043.031,75316.498,77773.248,-2216.7040100675076,-1248644.5811794405,-12332.0,-62580.0,412.8599999999914,212091.8350000056
2022-05-12,29077.9,30257.0,26631.0,29020.7,964247.7370106123,486887.87799697655,4983125,2488242.0,2.413,553.7149999999938,936.9169999999941,-0.018773,-0.005983,-0.047416,-0.0072,-0.018773,-0.014678,-0.041995,-0.014678,77773.248,79007.017,71382.737,71382.737,9528.018983340822,-1239116.5621960997,-6641.0,-69221.0,-383.20200000000034,211708.63300000562
2022-05-13,29020.8,31072.6,28730.4,29274.3,507452.5499960053,257332.204998962,2553219,1270201.0,1.5674,315.3729999999992,260.05399999999946,-0.007127,0.01,-0.010417,0.01,-0.007127,0.006045,-0.007127,0.006045,71382.737,77955.25,71147.445,76050.095,7211.860001918685,-1231904.702194181,-12817.0,-82038.0,55.31899999999973,211763.9520000056
2022-05-14,29274.2,30352.2,28602.3,30079.8,315724.8569983003,160180.55099976837,1655821,824761.0,1.4242,115.95900000000016,146.9120000000001,0.01,0.01,0.00396,0.008254,0.01,0.01,0.01,0.01,76044.848,76152.809,70049.445,70208.268,4636.2450012364425,-1227268.4571929446,-6299.0,-88337.0,-30.952999999999932,211732.9990000056
2022-05-15,30079.5,31462.0,29448.0,31324.4,336750.05599841475,173989.44799972125,1599162,799328.0,1.7427,101.71700000000024,161.15200000000004,0.00829,0.01,0.004035,0.01,0.00829,0.01,0.00829,0.009053,70208.268,76280.215,70208.268,72714.603,11228.84000102774,-1216039.6171919168,-506.0,-88843.0,-59.4349999999998,211673.5640000056
2022-05-16,31324.3,31327.4,29052.3,29866.7,507200.13299683353,248324.58699915238,2204346,1094000.0,1.4504,186.19899999999976,141.39600000000004,0.01,0.01,-0.001597,0.01,0.01,0.01,0.00494,0.00494,72714.603,77033.382,72315.013,74363.054,-10550.958998528775,-1226590.5761904456,-16346.0,-105189.0,44.80299999999971,211718.3670000056
2022-05-17,29866.4,30794.0,29420.0,30437.0,398594.7609980801,200321.10999955612,1724368,859506.0,1.4931,136.31200000000013,142.77400000000023,0.01,0.01,-0.010342,-0.007045,0.01,0.01,-0.00071,0.004705,74363.054,79783.559,72741.961,72870.147,2047.45900103217,-1224543.1171894134,-5356.0,-110545.0,-6.462000000000103,211711.9050000056
2022-05-18,30437.0,30700.0,28629.6,28700.6,426626.0579979041,209051.4199995458,1752356,876061.0,1.4919,199.33699999999968,68.85100000000001,-0.006956,0.00426,-0.006964,-0.000325,-0.006956,0.002893,-0.006956,0.002893,72870.147,78931.585,72850.514,77989.654,-8523.217998812499,-1233066.3351882258,-234.0,-110779.0,130.48599999999965,211842.3910000056
2022-05-19,28700.6,30550.0,28670.5,30319.9,448836.24099804217,233076.48499943758,1763265,878280.0,1.9308,115.96800000000013,215.63299999999992,-0.000341,0.01,-0.001088,0.01,-0.000341,0.007465,-0.000341,0.007465,77994.517,85928.241,77347.701,85786.302,17316.729000833002,-1215749.606187393,-6705.0,-117484.0,-99.6649999999998,211742.72600000558
2022-05-20,30319.9,30784.4,28702.0,29188.9,485361.2069979211,237060.10099953992,1756475,875038.0,1.1169,167.36300000000026,137.55200000000025,0.01,0.01,-0.00227,-0.000251,0.01,0.01,0.01,0.01,85786.302,87348.066,80406.438,81269.098,-11241.004998841265,-1226990.6111862343,-6399.0,-123883.0,29.811000000000007,211772.53700000557
2022-05-21,29188.9,29650.0,28927.0,29427.4,202798.12899956762,102519.47499995897,841965,417130.0,2.3568,34.94200000000002,53.22399999999998,-0.000202,0.005941,-0.002329,0.00241,-0.000202,0.002549,-0.002146,0.002549,81266.85,82740.436,79063.409,79110.381,2240.821000350319,-1224749.7901858839,-7705.0,-131588.0,-18.28199999999996,211754.25500000556
2022-05-22,29427.4,30500.0,29223.6,30284.0,297106.2259990139,151876.20499988654,1042601,516850.0,1.858,44.50900000000003,70.33700000000003,0.00241,0.01,-0.004456,0.01,0.00241,0.01,-0.003063,0.01,79110.381,86114.85,78775.731,83647.068,6646.184000759153,-1218103.6061851247,-8901.0,-140489.0,-25.828000000000003,211728.42700000555
2022-05-23,30284.0,30658.0,28840.7,29097.7,475698.4429980351,231461.22999948886,1688564,840973.0,1.1997,196.68400000000008,129.58400000000023,0.01,0.01,-0.012422,-0.012372,0.01,0.01,0.01,0.01,83648.619,88867.012,80269.48,82306.335,-12775.982999057393,-1230879.5891841822,-6618.0,-147107.0,67.09999999999985,211795.52700000556
2022-05-24,29097.8,29887.3,28637.6,29643.1,382096.9869984269,191191.0759996437,1394830,702934.0,2.1908,104.35500000000019,86.54000000000002,-0.012372,0.01,-0.013867,0.003679,-0.012372,0.002892,-0.012372,0.002892,82306.335,88533.827,82214.52,82723.225,285.1650008605211,-1230594.4241833217,11038.0,-136069.0,17.81500000000017,211813.34200000556
2022-05-25,29643.0,30246.7,29330.0,29536.7,413363.86599810835,206099.6219995837,1442987,717315.0,2.3602,119.06100000000028,88.9000000000002,0.003679,0.01,0.001035,0.007434,0.003679,0.01,0.003679,0.01,82720.579,83176.421,78717.237,79569.846,-1164.6219989409437,-1231759.0461822627,-8357.0,-144426.0,30.161000000000072,211843.50300000556
2022-05-26,29536.4,29877.0,27952.1,29194.0,602104.0130003253,297685.72999911057,2116385,1052323.0,1.7724,223.43699999999947,159.44399999999976,0.007516,0.01,-0.000816,0.01,0.007516,0.01,0.000721,0.000721,79569.846,87268.139,78949.673,81974.086,-6732.553002104163,-1238491.5991843669,-11739.0,-156165.0,63.99299999999971,211907.49600000554
2022-05-27,29194.0,29387.0,28259.6,28623.2,506454.0209973499,251172.95699932097,1879970,940030.0,1.5176,218.53099999999992,116.84000000000003,0.01,0.01,0.01,0.01,0.01,0.01,0.01,0.01,81951.428,85580.002,79991.99,82591.125,-4108.1069987079245,-1242599.7061830747,90.0,-156075.0,101.69099999999989,212009.18700000554
2022-05-28,28623.3,29265.7,28520.0,29018.8,193620.92399961528,99228.17999999346,748803,373422.0,2.1797,12.852000000000007,36.64100000000004,0.01,0.01,0.007429,0.01,0.01,0.01,0.008712,0.01,82591.125,83659.049,81277.762,81620.824,4835.436000371643,-1237764.2701827032,-1959.0,-158034.0,-23.789000000000033,211985.39800000555
2022-05-29,29018.8,29595.2,28825.0,29452.8,215131.75899955584,110731.90899999393,811835,403459.0,1.7248,29.523,50.13400000000001,0.01,0.01,0.008325,0.01,0.01,0.01,0.01,0.01,81611.045,88483.358,81281.276,86147.286,6332.059000432026,-1231432.2111822711,-4917.0,-162951.0,-20.611000000000008,211964.78700000554
2022-05-30,29452.6,32307.6,29301.1,31726.5,502678.5979977315,264464.23699928244,1757790,878555.0,1.4313,87.40699999999994,187.10099999999997,0.01,0.01,0.01,0.01,0.01,0.01,0.01,0.01,86147.286,94427.069,85955.998,87430.658,26249.876000833407,-1205182.3351814377,-680.0,-163631.0,-99.69400000000003,211865.09300000555
2022-05-31,31726.6,32427.5,31222.0,31797.8,383665.8119982934,192641.04699958867,1429827,715231.0,1.2635,82.51799999999993,95.93100000000017,0.01,0.01,0.01,0.01,0.01,0.01,0.01,0.01,87436.476,91410.259,87421.175,87997.359,1616.282000883948,-1203566.0531805537,635.0,-162996.0,-13.413000000000238,211851.68000000555
2022-06-01,31797.9,31986.1,29300.0,29796.9,556883.4519988084,266839.92399944057,1835937,912627.0,1.2217,217.11499999999967,105.76100000000011,0.01,0.01,-0.008341,-0.001494,0.01,0.01,0.01,0.01,87995.558,90781.41,83225.859,83552.766,-23203.60399992729,-1226769.6571804811,-10683.0,-173679.0,111.35399999999956,211963.03400000554
2022-06-02,29796.9,30750.0,29566.1,30437.1,370849.392998158,190078.99699959045,1388953,692754.0,1.963,104.06400000000018,106.65300000000013,-0.001452,0.01,-0.003459,-0.003392,-0.001452,0.002265,-0.001452,0.002107,83552.766,87430.331,82180.992,84362.213,9308.601001022907,-1217461.0561794583,-3445.0,-177124.0,-2.588999999999956,211960.44500000554
2022-06-03,30437.1,30693.2,29220.0,29682.8,357026.60999831156,175121.00099976847,1313384,658168.0,1.5497,141.4210000000001,66.048,-0.003378,0.007865,-0.003406,0.00027,-0.003378,0.006937,-0.003378,0.006937,84362.213,87028.176,83697.253,83719.829,-6784.60799877462,-1224245.664178233,2952.0,-174172.0,75.3730000000001,212035.81800000553
2022-06-04,29682.9,29988.0,29456.0,29848.4,187516.36499965002,95845.81199998435,740237,370095.0,2.2404,38.773999999999994,33.232000000000006,0.00027,0.006917,-0.001961,0.00434,0.00027,0.005506,0.00027,0.005506,83718.93,84913.595,82358.911,82547.832,4175.259000318678,-1220070.4051779143,-47.0,-174219.0,5.541999999999987,212041.36000000552
2022-06-05,29848.5,30250.0,29524.0,29909.9,205383.09799953183,104176.07600001468,777561,384972.0,2.0111,62.33200000000002,47.273000000000046,0.004358,0.01,0.001315,0.006028,0.004358,0.004753,0.002828,0.004753,82547.832,83657.696,81765.042,82950.901,2969.0540004975337,-1217101.3511774167,-7617.0,-181836.0,15.058999999999976,212056.41900000552
2022-06-06,29910.0,31780.0,29876.2,31361.2,436430.26699773007,228698.28099944443,1590119,787281.0,1.7663,61.95899999999999,157.55099999999996,0.006036,0.01,0.003198,0.01,0.006036,0.01,0.006036,0.01,82950.901,95852.485,82721.09,95815.514,20966.29500115878,-1196135.056176258,-15557.0,-197393.0,-95.59199999999997,211960.82700000552
2022-06-07,31361.2,31599.0,29190.0,31118.1,691693.9640023876,344838.6579988419,2380257,1190149.0,0.8369,270.46699999999953,265.1779999999995,0.01,0.01,-0.011684,0.01,0.01,0.01,-0.010234,-0.003705,95818.717,95818.717,80826.552,86334.932,-2016.6480047038058,-1198151.704180962,41.0,-197352.0,5.289000000000044,211966.1160000055
2022-06-08,31118.0,31325.0,29825.0,30192.5,455478.5549971109,227861.51599920262,1750644,873652.0,1.0072,163.718,113.41200000000019,0.01,0.01,-0.008302,0.01,0.01,0.01,0.01,0.01,86334.932,89717.391,79697.783,79846.697,244.47700129431905,-1197907.2271796677,-3340.0,-200692.0,50.3059999999998,212016.42200000552
2022-06-09,30192.6,30691.9,29914.5,30093.3,307160.36699865037,151893.0619998747,1094538,549479.0,1.6199,91.43799999999996,65.75400000000008,0.01,0.01,0.007528,0.01,0.01,0.01,0.009106,0.01,79846.697,85352.639,79827.884,84610.755,-3374.2429989009397,-1201281.4701785687,4420.0,-196272.0,25.683999999999884,212042.10600000553
2022-06-10,30093.4,30374.1,28805.0,29077.7,445887.89699776284,217577.58999944417,1627907,811453.0,2.0534,148.05500000000015,93.55600000000007,0.01,0.01,0.001515,0.001722,0.01,0.01,0.003503,0.003503,84610.755,88958.51,81828.615,87978.631,-10732.7169988745,-1212014.1871774432,-5001.0,-201273.0,54.49900000000008,212096.60500000554
2022-06-11,29077.7,29427.9,28080.0,28416.7,391344.84099798976,190248.87799956326,1445163,720565.0,2.7189,255.63299999999998,97.7160000000002,0.001762,0.01,-0.000159,0.01,0.001762,0.006606,0.000379,0.006606,87977.94,91213.135,87968.412,89758.283,-10847.084998863225,-1222861.2721763065,-4033.0,-205306.0,157.9169999999998,212254.52200000553
2022-06-12,28416.6,28530.3,26538.7,26564.7,560804.2969979878,275494.05399886175,2081593,1034768.0,2.6417,264.9950000000002,127.618,0.01,0.01,-0.000788,0.005647,0.01,0.01,0.000439,0.000439,89768.64,90783.577,85008.143,86118.644,-9816.189000264276,-1232677.4611765707,-12057.0,-217363.0,137.37700000000018,212391.89900000553
2022-06-13,26563.2,26877.0,21900.0,22471.5,1622514.9899981825,808920.0380054382,6081283,3017847.0,2.3659,930.4759999999906,511.82899999999654,0.005647,0.01,-0.006211,0.004124,0.005616,0.005616,-0.003182,-0.00058,85993.867,86552.366,81367.298,82725.929,-4674.9139873061795,-1237352.375163877,-45589.0,-262952.0,418.646999999994,212810.54600000553
2022-06-14,22471.4,23424.2,20823.0,22122.7,1247592.0400109012,636507.2019994573,5163528,2586953.0,1.713,716.0389999999937,651.3449999999963,0.004088,0.004334,-0.021251,-0.002079,0.004088,0.004088,-0.010037,-0.005186,82754.253,85624.087,81469.418,83835.096,25422.363988013472,-1211930.0111758634,10378.0,-252574.0,64.69399999999746,212875.24000000552
2022-06-15,22122.7,22800.0,20100.2,22567.5,1509237.064000431,766063.7960053401,6146703,3057034.0,1.6638,693.8539999999967,678.6919999999968,-0.002077,0.008239,-0.009264,-0.004061,-0.002077,-0.000666,-0.00724,-0.000666,83843.673,90798.317,82017.788,84168.33,22890.528010249138,-1189039.4831656143,-32635.0,-285209.0,15.16199999999992,212890.40200000553
2022-06-16,22567.5,23000.0,20222.0,20387.4,882300.7490106476,438616.840996755,3419167,1701083.0,1.6752,521.0029999999963,295.8339999999991,-0.004114,0.006434,-0.007217,-0.002222,-0.004114,0.004475,-0.005277,-0.005277,84168.33,91093.23,83506.433,90009.427,-5067.067017137655,-1194106.5501827518,-17001.0,-302210.0,225.1689999999972,213115.57100000553
2022-06-17,20387.3,21388.0,20228.0,20457.3,775953.2850045984,390636.58299796225,2659597,1320553.0,2.4025,324.8319999999996,345.9369999999995,-0.002222,0.01,-0.01728,0.0074,-0.002222,0.005092,-0.009486,0.005092,90009.427,94201.238,88106.487,94190.267,5319.880991326063,-1188786.6691914257,-18491.0,-320701.0,-21.104999999999905,213094.46600000552
2022-06-18,20457.2,20768.4,17593.2,18959.7,1268279.5030085307,627533.4740000794,4530405,2244784.0,2.7439,687.8349999999965,404.77899999999863,0.007356,0.01,-0.01492,0.004111,0.007356,0.007356,0.004575,0.005227,94190.267,98240.545,89187.439,90426.219,-13212.555008371826,-1201999.2241997975,-40837.0,-361538.0,283.0559999999979,213377.52200000553
2022-06-19,18959.6,20821.0,17935.9,20564.2,1088869.859012957,566899.9829979289,4111585,2048857.0,1.5536,439.9889999999976,525.9399999999963,0.004111,0.01,-0.013435,0.000829,0.004243,0.007239,-0.004559,0.007239,90426.219,98711.861,90418.457,91103.613,44930.10698290076,-1157069.1172168967,-13871.0,-375409.0,-85.95099999999871,213291.57100000553
2022-06-20,20564.3,21099.9,19630.0,20570.1,935768.9370107977,476978.40099697915,3469102,1731239.0,1.2297,471.6489999999982,424.2969999999976,0.000873,0.01,-0.001423,0.01,0.000873,0.00608,-0.00054,0.00608,91098.041,96185.108,90574.596,91896.771,18187.86498316063,-1138881.2522337362,-6624.0,-382033.0,47.3520000000006,213338.92300000554
2022-06-21,20570.0,21740.0,20337.8,20713.1,787095.4640046327,401040.56099777,2958699,1472780.0,1.0462,249.9409999999995,230.27299999999983,0.01,0.01,-0.002147,0.0001,0.01,0.01,0.002028,0.002028,91896.771,98863.388,91896.771,93530.567,14985.657990907319,-1123895.594242829,-13139.0,-395172.0,19.667999999999665,213358.59100000554
2022-06-22,20713.1,20888.0,19745.7,19977.4,811926.8850063182,405286.32899775665,2932654,1461829.0,1.073,330.69099999999924,199.34100000000007,0.000178,0.006568,-0.006681,-0.000917,0.000178,0.000178,-0.002982,-0.00164,93530.567,96977.685,93039.265,94112.318,-1354.227010804927,-1125249.8212536338,-8996.0,-404168.0,131.34999999999917,213489.94100000555
2022-06-23,19977.5,21250.0,19874.0,21096.6,698655.8110017185,363217.96299843217,2386832,1195346.0,1.2558,141.01399999999995,225.74,-0.000872,0.006184,-0.004045,0.006043,-0.000872,-0.000872,-0.002656,-0.002656,94112.318,98470.864,92385.548,95869.124,27780.11499514582,-1097469.706258488,3860.0,-400308.0,-84.72600000000006,213405.21500000556
2022-06-24,21096.6,21563.5,20732.5,21231.2,645252.5360007988,325833.0119985908,2224112,1109791.0,0.9845,194.16500000000013,236.3189999999997,0.006006,0.01,0.002273,0.002544,0.006006,0.01,0.006006,0.01,95869.124,100224.506,95070.143,95134.509,6413.487996382755,-1091056.2182621052,-4530.0,-404838.0,-42.15399999999957,213363.06100000555
2022-06-25,21231.2,21627.6,20894.0,21481.9,433959.111997503,221627.56599949804,1549237,776576.0,0.9581,119.63500000000022,149.27800000000005,0.002621,0.01,0.002621,0.01,0.002621,0.01,0.002621,0.01,95134.509,102117.491,94467.203,100852.906,9296.020001493103,-1081760.198260612,3915.0,-400923.0,-29.64299999999983,213333.41800000553
2022-06-26,21480.2,21888.0,20952.0,21029.1,442692.1379975665,219790.59199945827,1454960,722756.0,0.8857,97.2880000000002,90.54700000000003,0.01,0.01,-0.001725,0.00781,0.01,0.01,0.000669,0.000669,100852.906,103310.343,95892.665,96728.326,-3110.9539986499585,-1084871.152259262,-9448.0,-410371.0,6.74100000000017,213340.15900000554
2022-06-27,21029.0,21560.0,20500.0,20730.0,539273.5479975626,268137.2559992695,1696048,845132.0,1.1004,162.0930000000001,89.62000000000012,0.00782,0.01,-0.002557,-0.002557,0.00782,0.00782,0.003533,0.006102,96720.991,100994.301,95538.81,96146.878,-2999.0359990235884,-1087870.1882582856,-5784.0,-416155.0,72.47299999999998,213412.63200000554
2022-06-28,20730.0,21198.0,20188.0,20268.6,582765.4629990343,289039.7629991465,1692984,850639.0,1.2306,194.85500000000022,89.52600000000005,-0.002586,0.007124,-0.008066,0.004166,-0.002586,0.002435,-0.005613,0.002435,96146.878,104048.234,95754.005,99033.988,-4685.937000741367,-1092556.125259027,8294.0,-407861.0,105.32900000000016,213517.96100000554
2022-06-29,20268.7,20430.0,19817.2,20109.9,608659.6029987483,303554.58499948453,1671794,840582.0,1.5846,152.28000000000023,120.89600000000031,0.004188,0.01,-0.000958,0.000324,0.004188,0.008335,0.004188,0.005319,99033.988,104928.511,98168.711,98207.564,-1550.4329997792374,-1094106.5582588061,9370.0,-398491.0,31.383999999999915,213549.34500000553
2022-06-30,20109.9,20165.0,18563.0,19923.5,859687.8900046167,428647.0399988249,2185979,1094143.0,1.6624,199.75199999999987,236.00099999999978,0.000324,0.000324,-0.016653,-0.00864,0.000324,0.000324,-0.015879,-0.015879,98213.484,103125.507,93140.108,93484.127,-2393.810006966931,-1096500.3682657732,2307.0,-396184.0,-36.24899999999991,213513.09600000552
2022-07-01,19923.3,20926.4,18948.8,19272.0,909054.907008217,455006.62099784333,2555176,1280508.0,1.6911,287.5049999999998,192.64800000000017,-0.008786,0.005628,-0.013324,-0.003003,-0.008786,0.003106,-0.008786,-0.008061,93484.127,93975.788,89646.106,90767.539,958.334987469716,-1095542.0332783035,5840.0,-390344.0,94.85699999999966,213607.9530000055
2022-07-02,19272.0,19456.0,18959.0,19240.9,382696.2579984777,193148.1389996856,1146500,580590.0,1.6103,81.03300000000014,146.44400000000002,-0.002913,0.005641,-0.002913,0.003606,-0.002913,0.005218,-0.002913,0.00212,90767.539,94362.285,90767.539,93971.556,3600.020000893448,-1091942.01327741,14680.0,-375664.0,-65.41099999999987,213542.54200000552
2022-07-03,19241.0,19645.4,18780.1,19305.9,449399.48799819977,228722.93799959085,1270635,639073.0,1.6596,148.36200000000008,93.87499999999999,0.00357,0.009242,0.001897,0.007806,0.00357,0.007251,0.00357,0.007251,93971.556,96815.292,90907.834,94488.006,8046.38800098194,-1083895.6252764282,7511.0,-368153.0,54.487000000000094,213597.0290000055
2022-07-04,19306.0,20350.0,19046.3,20226.6,633178.8870008237,329539.79699903476,1770914,889871.0,1.642,137.17000000000013,156.91899999999998,0.007792,0.008516,-0.003306,0.005429,0.007792,0.007792,0.002248,0.002248,94488.46,105434.276,94239.56,102254.526,25900.706997245783,-1057994.9182791824,8828.0,-359325.0,-19.748999999999853,213577.2800000055
2022-07-05,20226.3,20749.2,19291.6,20170.0,853851.0610041784,433361.806998435,2439742,1219584.0,1.1336,271.1239999999998,261.6089999999997,0.005291,0.01,-0.010888,0.01,0.005291,0.01,0.00012,0.00012,102254.526,104075.891,95840.027,100056.395,12872.552992691635,-1045122.3652864908,-574.0,-359899.0,9.5150000000001,213586.7950000055
2022-07-06,20170.1,20667.6,19753.0,20554.1,676271.4760005847,347042.8629987148,2020507,1015719.0,0.9268,316.91099999999994,219.26700000000005,0.01,0.01,0.001402,0.005274,0.01,0.01,0.008373,0.008373,100114.965,102862.038,99653.113,102776.678,17814.249996844912,-1027308.1152896459,10931.0,-348968.0,97.64399999999989,213684.4390000055
2022-07-07,20554.2,21830.0,20244.9,21613.4,699197.3830008506,365399.0949990422,1977423,996491.0,0.9164,93.00099999999996,303.94399999999945,0.005274,0.01,-0.000172,0.000138,0.005274,0.01,0.005274,0.01,102776.678,116624.902,102379.292,116374.164,31600.806997233885,-995707.308292412,15559.0,-333409.0,-210.94299999999947,213473.4960000055
2022-07-08,21614.5,22579.9,21175.2,21587.9,848022.8270051363,430697.27799805603,2569115,1283828.0,0.648,301.53199999999924,192.8610000000001,0.000212,0.01,-8e-06,0.01,0.000212,0.01,0.000212,0.01,116374.164,118077.974,106084.046,109486.15,13371.728990975767,-982335.5793014362,-1459.0,-334868.0,108.67099999999914,213582.16700000552
2022-07-09,21587.8,22000.0,21309.6,21580.0,390224.5159984384,195706.77199971347,1295909,650787.0,0.8067,105.20800000000018,71.08700000000003,0.01,0.01,0.00597,0.009962,0.01,0.01,0.006143,0.006143,109532.92,111305.2,108531.668,109344.799,1189.0280009885319,-981146.5513004477,5665.0,-329203.0,34.12100000000015,213616.28800000553
2022-07-10,21580.0,21594.2,20600.0,20853.8,467930.20699778915,225811.2029994243,1506497,755221.0,0.9716,133.92300000000017,72.703,0.009962,0.01,0.002878,0.004571,0.009962,0.01,0.009962,0.01,109344.799,110993.987,104154.173,104424.765,-16307.80099894054,-997454.3522993883,3945.0,-325258.0,61.22000000000017,213677.50800000553
2022-07-11,20853.8,20853.9,19870.0,19954.3,561061.689998543,276986.63999924925,1752222,879712.0,1.2681,192.97399999999976,149.9790000000001,0.004543,0.01,0.00447,0.008003,0.004543,0.0085,0.004543,0.0085,104424.765,106580.853,103171.543,105030.91,-7088.410000044503,-1004542.7622994328,7202.0,-318056.0,42.99499999999966,213720.50300000553
2022-07-12,19954.2,20048.9,19228.3,19322.9,640495.3610008613,318921.31899894687,1938758,970337.0,1.4444,300.58899999999954,122.08800000000006,0.008003,0.01,-0.003888,-0.001306,0.008003,0.008003,0.002667,0.002667,105030.91,111820.725,104603.825,106566.327,-2652.723002967541,-1007195.4853024003,1916.0,-316140.0,178.50099999999946,213899.00400000552
2022-07-13,19321.6,20401.6,18901.0,20220.1,975638.67800882,502228.6389980467,2732122,1365596.0,1.613,215.77399999999966,374.7329999999991,-0.001204,0.008645,-0.002245,0.000188,-0.001204,0.000617,-0.001218,-0.001218,106566.327,110539.644,104320.163,104691.23,28818.599987273337,-978376.885315127,-930.0,-317070.0,-158.95899999999943,213740.0450000055
2022-07-14,20220.0,20900.0,19600.0,20578.6,765930.654002884,394903.47899833194,2394786,1199336.0,1.3294,205.96500000000012,329.8329999999988,5.7e-05,0.01,-0.00263,0.009288,5.7e-05,0.01,5.7e-05,0.003451,104691.23,111105.433,104158.656,109456.107,23876.303993779817,-954500.5813213472,3886.0,-313184.0,-123.86799999999866,213616.17700000553
2022-07-15,20578.1,21200.0,20364.3,20823.1,626574.473000226,321650.1359987063,1962851,980556.0,1.0048,168.712,229.50299999999982,0.009257,0.009257,0.001032,0.006038,0.009257,0.009257,0.001401,0.001601,109456.107,114987.59,107539.123,112338.149,16725.79899718659,-937774.7823241606,-1739.0,-314923.0,-60.790999999999826,213555.38600000553
2022-07-16,20823.1,21580.0,20471.0,21183.5,538996.9529982404,274164.46599932294,1626410,814397.0,0.856,208.112,166.42499999999995,0.006055,0.01,0.00035,0.008038,0.006055,0.007996,0.0008,0.0008,112338.149,116517.092,111183.122,111480.303,9331.979000405525,-928442.803323755,2384.0,-312539.0,41.68700000000004,213597.07300000553
2022-07-17,21183.6,21674.1,20742.0,20794.4,485316.2769969965,241976.01799927044,1597305,795044.0,0.8242,145.43100000000004,129.8590000000001,0.008038,0.01,0.006057,0.01,0.008038,0.01,0.008038,0.008709,111480.303,118982.314,111276.486,112548.755,-1364.2409984556143,-929807.0443222106,-7217.0,-319756.0,15.571999999999946,213612.64500000552
2022-07-18,20794.5,22800.0,20764.4,22423.9,982596.1160083355,502100.03999704705,2886163,1444117.0,0.857,364.8589999999992,550.5939999999973,0.01,0.01,0.000664,0.01,0.01,0.01,0.01,0.01,112548.755,121709.262,108530.053,109225.783,21603.9639857586,-908203.080336452,2071.0,-317685.0,-185.73499999999814,213426.91000000553
2022-07-19,22423.5,23817.9,21575.0,23385.9,1123873.7630056953,573538.1739988045,3567017,1781090.0,0.935,334.71399999999784,401.53699999999793,0.01,0.01,0.01,0.01,0.01,0.01,0.01,0.01,109225.783,126124.53,106764.065,119220.323,23202.584991913754,-885000.4953445382,-4837.0,-322522.0,-66.82300000000009,213360.08700000553
2022-07-20,23386.0,24277.0,22912.4,23221.5,946390.9880089031,478428.235997262,3059882,1529626.0,0.6455,395.26699999999937,348.34799999999933,0.01,0.01,0.005128,0.01,0.01,0.01,0.008118,0.008118,119220.323,123294.028,112064.635,112340.643,10465.4839856209,-874535.0113589173,-630.0,-323152.0,46.91900000000004,213407.00600000552
2022-07-21,23221.5,23441.1,22340.2,23144.5,723432.1620031619,361006.44299811334,2402352,1202329.0,0.8208,238.6009999999999,233.69799999999947,0.01,0.01,0.01,0.01,0.01,0.01,0.01,0.01,112353.857,117629.345,111415.65,112587.076,-1419.2760069351643,-875954.2873658525,2306.0,-320846.0,4.903000000000446,213411.90900000551
2022-07-22,23144.5,23750.0,22500.0,22675.1,633622.9700002904,314335.17299868097,2016027,1008809.0,0.9589,200.07200000000014,174.88499999999996,0.01,0.01,0.003462,0.009097,0.01,0.01,0.005172,0.005172,112587.076,118881.044,112379.765,117090.722,-4952.624002928496,-880906.911368781,1591.0,-319255.0,25.187000000000182,213437.09600000552
2022-07-23,22675.0,22990.0,21933.5,22440.2,505649.6909967981,251717.03599920336,1583511,791074.0,1.1191,155.9989999999999,85.18900000000015,0.009043,0.01,-0.000585,0.00377,0.009043,0.01,0.001021,0.01,117090.722,123012.461,116909.603,117862.458,-2215.618998391379,-883122.5303671723,-1363.0,-320618.0,70.80999999999976,213507.90600000552
2022-07-24,22440.1,22999.0,22256.4,22570.6,462834.9679970736,235221.81899930502,1470805,733909.0,1.2331,161.8510000000001,126.65300000000022,0.00377,0.01,0.003615,0.01,0.00377,0.01,0.00377,0.008293,117862.458,117939.67,114788.121,115586.561,7608.670001536433,-875513.860365636,-2987.0,-323605.0,35.197999999999894,213543.10400000552
2022-07-25,22570.6,22656.8,21232.0,21300.0,695631.9850010665,339430.66299869097,1934383,971704.0,1.0479,346.03199999999936,108.02300000000005,0.01,0.01,-0.001596,0.01,0.01,0.01,0.001238,0.002319,115592.632,116485.866,109178.302,109872.127,-16770.65900368453,-892284.5193693205,9025.0,-314580.0,238.0089999999993,213781.1130000055
2022-07-26,21299.9,21334.4,20689.6,21241.0,552434.5249979272,278314.22299907514,1645750,823046.0,1.5304,234.6269999999999,138.56500000000005,0.01,0.01,-4.7e-05,0.004603,0.01,0.01,0.003654,0.008659,109872.127,114940.915,107370.589,111245.756,4193.921000223025,-888090.5983690975,342.0,-314238.0,96.06199999999984,213877.17500000552
2022-07-27,21241.0,23100.0,21031.0,22941.1,753270.1500034055,392908.8639986124,2059534,1026118.0,1.4963,108.07200000000007,313.4399999999996,0.004591,0.009388,-0.005063,0.009229,0.004591,0.005085,0.002951,0.002951,111245.756,116999.415,109885.41,113894.779,32547.577993819257,-855543.0203752782,-7298.0,-321536.0,-205.36799999999954,213671.80700000553
2022-07-28,22941.1,24194.6,22583.1,23836.2,756384.2890045523,389802.1349981789,2241400,1121140.0,0.8713,219.47300000000007,363.1129999999992,0.009229,0.01,0.007794,0.01,0.009229,0.01,0.009229,0.01,113894.779,114720.022,110307.369,113417.473,23219.980991805554,-832323.0393834726,880.0,-320656.0,-143.63999999999913,213528.16700000555
2022-07-29,23836.2,24500.0,23426.3,23771.1,642153.312001854,321597.4989985238,1989926,992837.0,0.7419,196.09899999999982,214.82099999999966,0.01,0.01,0.01,0.01,0.01,0.01,0.01,0.01,113430.136,117812.197,112917.972,113354.729,1041.685995193664,-831281.353388279,-4252.0,-324908.0,-18.721999999999838,213509.44500000554
2022-07-30,23771.0,24700.0,23505.0,23629.9,493681.9659971573,248436.24799914897,1566171,783349.0,0.7103,116.94199999999998,141.0610000000001,0.01,0.01,0.01,0.01,0.01,0.01,0.01,0.01,113354.729,125028.161,112919.243,116941.296,3190.530001140607,-828090.8233871383,527.0,-324381.0,-24.119000000000113,213485.32600000553
2022-07-31,23630.0,24187.3,23222.0,23290.1,385865.86899790564,191011.53299953806,1306457,654964.0,0.774,172.65900000000008,88.51300000000002,0.01,0.01,0.005493,0.01,0.01,0.01,0.006281,0.006281,116941.296,117482.41,112682.306,113423.827,-3842.8029988295166,-831933.6263859678,3471.0,-320910.0,84.14600000000006,213569.47200000554
2022-08-01,23290.0,23497.0,22836.2,23257.6,497942.5389968332,247985.50199923836,1490787,745832.0,0.9099,192.32600000000016,120.62800000000014,0.01,0.01,0.005503,0.01,0.01,0.01,0.006449,0.006449,113423.827,118442.967,111931.715,112124.306,-1971.534998356481,-833905.1613843243,877.0,-320033.0,71.69800000000002,213641.17000000554
2022-08-02,23257.6,23448.7,22603.0,22975.1,625005.5740009408,314839.7159986474,1847324,925934.0,1.0004,287.46299999999957,141.37500000000014,0.01,0.01,0.000302,0.000318,0.01,0.01,0.005885,0.005885,112124.306,115892.018,110565.111,112120.627,4673.857996353996,-829231.3033879703,4544.0,-315489.0,146.08799999999943,213787.25800000553
2022-08-03,22975.1,23650.0,22665.3,22801.5,569135.4459981542,285661.6599990307,1561505,779038.0,1.1673,215.98700000000002,157.82999999999998,0.000328,0.007981,-0.005338,-0.00011,0.000328,0.004382,-0.00396,0.004382,112133.66,123329.284,110810.444,114745.662,2187.8739999071695,-827043.4293880631,-3429.0,-318918.0,58.15700000000004,213845.41500000554
2022-08-04,22801.5,23211.3,22370.0,22608.9,548183.5179978408,266374.3129991573,1495668,750394.0,1.3315,154.0600000000002,108.05600000000011,-0.000191,0.004264,-0.008184,0.001692,-0.000191,0.001778,-0.000191,0.001436,114745.662,114957.564,111255.901,112003.999,-15434.891999526182,-842478.3213875893,5120.0,-313798.0,46.00400000000009,213891.41900000552
2022-08-05,22609.0,23450.0,22580.6,23298.1,593789.3999994386,303184.04599890887,1578389,783870.0,1.7137,128.04200000000017,176.88700000000003,0.001692,0.01,-0.003318,0.006826,0.001692,0.006774,0.001692,0.002115,112003.999,113835.382,106625.737,106829.014,12578.691998379189,-829899.6293892101,-10649.0,-324447.0,-48.84499999999986,213842.57400000552
2022-08-06,23298.0,23341.8,22883.6,22943.3,227610.02499940185,111976.05099996862,715639,358075.0,1.2904,55.15299999999999,21.49600000000001,0.006826,0.01,0.004961,0.01,0.006888,0.01,0.006888,0.01,106828.226,111282.943,106765.476,110106.195,-3657.9229994646157,-833557.5523886748,511.0,-323936.0,33.65699999999998,213876.23100000553
2022-08-07,22943.2,23400.0,22830.9,23167.8,271445.71499933396,138017.75899994746,758506,384200.0,1.377,47.165,87.74100000000001,0.01,0.01,-0.001807,0.01,0.01,0.01,-0.000737,0.002401,110093.081,111976.346,109349.119,109888.475,4589.803000560962,-828967.7493881139,9894.0,-314042.0,-40.576000000000015,213835.65500000553
2022-08-08,23167.9,24243.0,23153.1,23804.4,565009.1389988,290683.9849990759,1430125,712675.0,1.3485,135.97300000000013,161.3769999999998,0.01,0.01,0.002366,0.01,0.01,0.01,0.00279,0.01,109888.475,124978.8,109689.829,117782.966,16358.830999351805,-812608.918388762,-4775.0,-318817.0,-25.403999999999684,213810.25100000552
2022-08-09,23804.3,23913.4,22850.0,23140.2,498215.59399701096,234033.89499930557,1351327,679403.0,1.0194,229.9569999999999,94.98699999999998,0.01,0.01,-0.001334,-0.001334,0.01,0.01,0.00792,0.01,117778.881,117798.653,114189.205,115887.187,-30147.803998399788,-842756.7223871618,7479.0,-311338.0,134.9699999999999,213945.22100000552
2022-08-10,23140.1,24235.2,22608.0,23940.9,760633.9460045168,386594.9219984409,1902528,954075.0,2.0779,174.73700000000014,196.7840000000002,-0.001314,0.01,-0.004263,0.007199,-0.001314,0.00944,-0.001314,0.00944,115884.928,117298.598,110453.218,112007.736,12555.897992365062,-830200.8243947967,5622.0,-305716.0,-22.047000000000054,213923.17400000553
2022-08-11,23941.0,24972.0,23840.6,23917.2,760359.2190044777,380331.45999807323,1980070,988235.0,1.1882,233.03400000000005,233.13099999999986,0.007206,0.01,0.003002,0.009154,0.007206,0.01,0.004911,0.004911,112007.736,123701.954,110944.548,116993.071,303.7009916687384,-829897.123403128,-3600.0,-309316.0,-0.09699999999980946,213923.07700000552
2022-08-12,23917.3,24438.8,23560.0,24387.5,477298.49099705054,237775.46799925875,1382402,694063.0,1.1191,113.99200000000017,126.79900000000009,0.009024,0.009024,-0.00423,-0.003546,0.009024,0.009024,-0.003384,-0.003384,116989.977,119154.059,114064.377,116161.807,-1747.5549985330435,-831644.6784016611,5724.0,-303592.0,-12.806999999999917,213910.27000000552
2022-08-13,24387.5,24879.0,24267.5,24429.0,430989.26399729645,217955.3479993896,1250949,621595.0,1.2252,116.52900000000014,135.64300000000014,-0.003559,0.01,-0.005618,0.002396,-0.003559,0.008455,-0.003559,0.002154,116173.118,122104.204,116165.443,119898.95,4921.432001482754,-826723.2464001784,-7759.0,-311351.0,-19.114000000000004,213891.15600000552
2022-08-14,24429.0,25065.0,24138.0,24294.1,437281.4309972452,216218.16899934656,1239712,626025.0,0.9305,138.91500000000002,152.89599999999996,0.002396,0.004173,-0.004105,-0.003803,0.002396,0.002396,-0.000333,0.001239,119898.95,124468.195,113352.966,114185.594,-4845.092998552078,-831568.3393987305,12338.0,-299013.0,-13.980999999999938,213877.17500000552
2022-08-15,24294.1,25200.0,23762.0,24085.2,739307.0430031283,363910.2729990469,1597683,800507.0,1.2252,274.87299999999954,261.76299999999986,-0.003766,0.008554,-0.007987,0.003334,-0.003766,0.001077,-0.003766,-0.001339,114185.594,119133.124,108308.702,108433.941,-11486.497005034471,-843054.836403765,3331.0,-295682.0,13.109999999999673,213890.2850000055
2022-08-16,24085.2,24234.0,23650.0,23843.0,460774.98199806653,225542.34299955465,1148814,577238.0,1.5793,174.03699999999986,74.70200000000004,0.003243,0.004933,-0.003776,0.000496,0.003243,0.003243,0.000156,0.00287,108433.941,111581.529,106329.43,109268.01,-9690.295998957241,-852745.1324027223,5662.0,-290020.0,99.33499999999982,213989.6200000055
2022-08-17,23843.0,24437.0,23170.0,23333.1,640381.7000011894,314045.64799860626,1680295,844400.0,1.8369,213.6699999999995,138.99799999999985,0.000466,0.01,-0.003782,0.008309,0.000466,0.009364,0.000262,0.009364,109275.857,117234.433,107262.485,117196.239,-12290.404003976844,-865035.5364066991,8505.0,-281515.0,74.67199999999966,214064.2920000055
2022-08-18,23333.2,23595.0,23101.0,23185.1,347984.2369978911,173849.67499962568,1116403,558155.0,2.2787,138.77900000000002,59.24900000000003,0.008391,0.01,-0.000895,0.01,0.008391,0.01,0.007171,0.007171,117196.239,118410.969,115753.664,116316.979,-284.88699863973306,-865320.4234053388,-93.0,-281608.0,79.53,214143.8220000055
2022-08-19,23185.0,23200.0,20760.0,20824.9,905859.8240075448,434485.4689978319,2255611,1122068.0,1.9931,448.16399999999896,180.29199999999992,0.01,0.01,-0.009999,0.001104,0.01,0.01,-0.006746,-0.006746,116316.979,119229.271,107005.573,109149.86,-36888.88601188094,-902209.3094172197,-11475.0,-293083.0,267.87199999999905,214411.6940000055
2022-08-20,20825.0,21368.9,20742.9,21127.8,490179.91299685027,248083.82399925473,1372501,692083.0,2.0111,126.8640000000002,125.35400000000014,0.00107,0.001803,-0.006934,-0.001957,0.00107,0.00107,-0.006722,-0.004567,109087.124,113129.336,108085.969,108396.942,5987.735001659195,-896221.5744155606,11665.0,-281418.0,1.510000000000062,214413.2040000055
2022-08-21,21127.7,21804.6,21055.0,21505.6,424094.0529973501,215986.94599946815,1215533,606180.0,2.1696,102.31600000000007,155.94700000000003,-0.001957,-0.000862,-0.008546,-0.008092,-0.001957,-0.001957,-0.003589,-0.003234,108396.942,111921.318,108148.985,109425.036,7879.839001586195,-888341.7354139744,-3173.0,-284591.0,-53.63099999999996,214359.5730000055
2022-08-22,21505.6,21550.0,20858.6,21387.0,588607.5899991739,296579.8939988695,1540657,771844.0,2.0386,160.05400000000003,130.84400000000005,-0.008092,0.005836,-0.008094,-0.003345,-0.008092,0.004021,-0.008092,0.004021,109425.036,111963.978,106346.492,108769.072,4552.197998565156,-883789.5374154092,3031.0,-281560.0,29.20999999999998,214388.7830000055
2022-08-23,21387.1,21667.2,20874.8,21518.2,609712.7460000446,311742.0759987275,1485557,741092.0,2.1506,98.68900000000022,164.14500000000004,-0.003345,0.005875,-0.004513,0.002546,-0.003345,0.000846,-0.004031,0.000846,108769.072,113528.575,107491.97,110080.933,13771.405997410417,-870018.1314179988,-3373.0,-284933.0,-65.45599999999982,214323.3270000055
2022-08-24,21518.2,21925.6,21132.3,21354.9,502682.9089972143,255081.73899939554,1262077,630217.0,1.5575,140.27000000000015,198.56000000000006,0.002509,0.002569,-0.005298,0.000185,0.002509,0.002509,-0.004353,-0.003538,110080.933,115512.632,109026.388,111431.217,7480.569001576805,-862537.562416422,-1643.0,-286576.0,-58.28999999999991,214265.03700000548
2022-08-25,21355.0,21810.9,21295.3,21548.3,415688.2529979507,211404.3439995801,1043370,523001.0,1.4649,87.38300000000007,77.66800000000002,0.000128,0.004976,-0.00531,-0.00164,0.000128,0.004481,0.000128,0.004481,111431.217,114833.003,108603.4,111690.601,7120.435001209495,-855417.1274152125,2632.0,-283944.0,9.715000000000046,214274.75200000548
2022-08-26,21548.3,21867.6,20100.0,20228.7,896422.8710060233,433673.45499823295,2084957,1038453.0,1.6483,361.4079999999996,128.43300000000022,-0.001707,0.01,-0.003747,-0.002808,-0.001707,0.003207,-0.001707,0.002599,111691.95,121352.783,108047.661,117185.302,-29075.96100955736,-884493.0884247698,-8051.0,-291995.0,232.9749999999994,214507.72700000549
2022-08-27,20228.7,20367.7,19744.0,20023.9,469525.2199972833,232221.89499943174,1291790,652126.0,1.9612,113.53800000000012,131.23600000000016,-0.002808,0.000177,-0.009246,-0.001396,-0.002808,-0.002808,-0.00629,-0.004396,117185.302,120227.933,116572.911,119339.567,-5081.42999841983,-889574.5184231896,12462.0,-279533.0,-17.698000000000036,214490.02900000548
2022-08-28,20024.0,20155.0,19508.0,19547.5,386377.23099820025,190997.05299959597,1065533,537862.0,2.003,152.84299999999993,73.88699999999999,-0.001396,-0.000154,-0.013632,-0.013632,-0.001396,-0.001396,-0.008758,-0.002443,119339.567,120685.463,117766.284,118024.741,-4383.124999008316,-893957.643422198,10191.0,-269342.0,78.95599999999995,214568.9850000055
2022-08-29,19547.6,20440.0,19539.4,20275.5,598049.65399992,311285.37599902024,1407753,707626.0,2.0941,73.57600000000006,180.3180000000001,-0.013632,0.003741,-0.014324,0.001123,-0.013623,-0.006193,-0.013623,-0.006193,118024.741,123611.835,117742.389,120095.08,24521.097998120473,-869436.5454240775,7499.0,-261843.0,-106.74200000000003,214462.2430000055
2022-08-30,20275.6,20574.0,19524.4,19803.1,767681.41900294,382103.90399911813,1504285,749939.0,1.8385,310.26799999999974,163.523,0.001123,0.001331,-0.008914,-0.002126,0.001123,0.001123,-0.005903,-0.005903,120095.08,127383.993,116713.843,121366.447,-3473.611004703678,-872910.1564287812,-4407.0,-266250.0,146.74499999999975,214608.98800000548
2022-08-31,19803.2,20496.0,19787.9,20041.5,711636.2600017092,364579.3149990916,1473746,738054.0,2.4188,203.96300000000002,156.5199999999999,-0.002089,0.009428,-0.004323,0.009382,-0.002089,0.005779,-0.002089,0.00495,121335.903,122020.035,112060.159,112589.971,17522.369996474008,-855387.7864323072,2362.0,-263888.0,47.443000000000126,214656.43100000548
2022-09-01,20041.4,20198.3,19555.0,20122.5,691577.7380012213,341911.2599992532,1377891,686310.0,1.8835,138.78800000000004,137.63200000000026,0.00939,0.009578,-0.002328,0.002496,0.00939,0.00939,0.002266,0.00363,112589.971,126292.815,111169.86,117934.578,-7755.218002714915,-863143.0044350221,-5271.0,-269159.0,1.1559999999997785,214657.58700000547
2022-09-02,20122.6,20434.3,19736.0,19941.0,669036.9520009982,336620.38799930713,1262554,633689.0,2.1526,263.56800000000004,113.28600000000006,0.002498,0.008835,-0.003385,-0.000176,0.002498,0.004905,0.002498,0.004443,117934.578,120595.01,113645.373,114842.913,4203.823997616069,-858939.1804374061,4824.0,-264335.0,150.28199999999998,214807.86900000548
2022-09-03,19941.0,20050.0,19628.7,19820.7,285240.58099951135,138911.93999996266,641524,326469.0,2.3875,43.959000000000024,23.330000000000005,-0.000176,0.01,-0.000237,0.000628,-0.000199,0.009442,-0.000199,0.001115,114842.913,126863.431,114458.531,126304.188,-7416.700999586028,-866355.8814369921,11414.0,-252921.0,20.62900000000002,214828.49800000546
2022-09-04,19820.7,20022.4,19570.0,19992.7,396796.75699919654,199527.0799998282,748960,375100.0,2.9262,63.10500000000003,62.887000000000036,0.000588,0.009454,-0.003471,0.008315,0.000588,0.005463,0.000588,0.002119,126304.188,135293.465,122211.834,122304.155,2257.4030004598317,-864098.4784365322,1240.0,-251681.0,0.21799999999999642,214828.71600000546
2022-09-05,19992.6,20046.7,19620.2,19784.9,446704.9459989141,219740.77199975302,814036,409223.0,2.4554,141.52900000000005,80.33000000000006,0.008315,0.009164,-0.002946,-0.000245,0.008292,0.008292,-0.000737,0.004712,122304.155,133750.358,121215.995,128408.823,-7223.40199940803,-871321.8804359402,4410.0,-247271.0,61.199,214889.91500000545
2022-09-06,19784.9,20174.7,18600.0,18781.5,945326.5950043792,450472.11499902536,1614429,797923.0,2.9093,397.0619999999993,189.1090000000002,-0.000245,0.006279,-0.011934,-0.008646,-0.000245,0.003473,-0.000245,0.003473,128403.421,137520.022,122304.195,131636.351,-44382.365006328444,-915704.2454422687,-18583.0,-265854.0,207.95299999999907,215097.86800000546
2022-09-07,18781.4,19455.0,18500.0,19287.0,595630.9969998447,303494.21999956405,1110831,552541.0,3.0161,198.40900000000008,206.56300000000005,-0.008601,0.005154,-0.008601,0.000531,-0.008601,0.002729,-0.008601,-0.00348,131636.351,136047.324,122022.214,122043.846,11357.442999283434,-904346.8024429852,-5749.0,-271603.0,-8.153999999999968,215089.71400000545
2022-09-08,19287.0,19450.0,19003.8,19309.3,537243.2219988047,272970.19699960755,1035265,516718.0,1.9104,174.06199999999998,181.3680000000001,0.00062,0.006806,-0.001273,0.001312,0.00062,0.005667,0.00062,0.005667,122023.405,124207.641,119152.25,119470.901,8697.172000410384,-895649.6304425749,-1829.0,-273432.0,-7.306000000000125,215082.40800000544
2022-09-09,19309.3,21666.0,19283.0,21352.0,992346.3120053394,528891.791998876,1838294,912648.0,1.7233,146.74100000000004,365.9939999999995,0.001312,0.01,-0.004267,0.01,0.001312,0.01,0.001312,0.01,119470.901,139309.122,118439.521,136089.85,65437.27199241263,-830212.3584501622,-12998.0,-286430.0,-219.25299999999947,214863.15500000544
2022-09-10,21352.0,21825.0,21112.2,21639.5,491512.3179985042,252477.81299965546,1078389,537152.0,0.8106,128.67800000000008,195.24400000000003,0.01,0.01,0.006895,0.007091,0.01,0.01,0.009764,0.01,136091.785,141338.452,135844.876,137983.537,13443.308000806719,-816769.0504493555,-4085.0,-290515.0,-66.56599999999995,214796.58900000545
2022-09-11,21639.5,21883.4,21336.0,21820.3,420968.168998766,212875.06199974092,923557,460391.0,0.725,101.39600000000003,92.10800000000003,0.007115,0.01,0.005278,0.01,0.007115,0.01,0.006712,0.006712,137983.537,142751.938,137074.621,142751.938,4781.955000715854,-811987.0954486397,-2775.0,-293290.0,9.287999999999997,214805.87700000545
2022-09-12,21820.3,22474.0,21540.0,22386.0,818598.1030041811,420840.43599865487,1751914,873858.0,0.67,155.74300000000022,266.5179999999994,0.01,0.01,0.007761,0.01,0.01,0.01,0.008246,0.01,142751.938,147359.594,135365.184,145389.817,23082.768993128673,-788904.326455511,-4198.0,-297488.0,-110.77499999999918,214695.10200000546
2022-09-13,22386.0,22850.0,19840.0,20162.5,1218762.4670033418,599583.0599997742,2564737,1275254.0,0.6592,572.408999999998,198.34900000000022,0.009965,0.01,-0.007323,-0.004064,0.009965,0.01,0.009965,0.01,145389.817,147698.763,121384.116,122091.023,-19596.347003793344,-808500.6734593044,-14229.0,-311717.0,374.05999999999773,215069.16200000545
2022-09-14,20162.6,20528.5,19600.0,20217.0,661722.5090008317,329419.2739992964,1394041,699615.0,1.6603,219.59200000000004,188.30299999999983,-0.003953,0.01,-0.003953,0.000324,-0.003953,0.001004,-0.003953,0.001004,122091.023,123183.52,117101.914,117434.292,-2883.9610022389097,-811384.6344615433,5189.0,-306528.0,31.289000000000215,215100.45100000544
2022-09-15,20217.0,20315.0,19453.0,19690.8,665841.1560012057,328672.8259993049,1424859,712369.0,2.1387,268.237,155.07300000000004,0.000324,0.01,-0.001305,0.008052,0.000324,0.01,0.000324,0.000813,117434.292,119868.415,116003.743,118537.692,-8495.504002595902,-819880.1384641392,-121.0,-306649.0,113.16399999999999,215213.61500000543
2022-09-16,19690.8,19878.0,19300.0,19792.5,544603.7359992375,271041.1349996371,1050917,520130.0,2.7383,108.50200000000017,129.1370000000001,0.008055,0.009644,0.002258,0.002991,0.008055,0.008055,0.002919,0.002919,118534.365,122578.555,118534.365,122387.919,-2521.465999963344,-822401.6044641025,-10657.0,-317306.0,-20.63499999999995,215192.98000000542
2022-09-17,19792.4,20182.6,19739.4,20102.0,334674.1739993841,172032.10799985344,711002,354753.0,2.3445,86.273,120.23900000000005,0.003024,0.006617,-0.000126,0.00646,0.003024,0.004336,0.001467,0.001467,122387.919,126413.787,121794.599,124935.095,9390.042000322777,-813011.5624637797,-1496.0,-318802.0,-33.96600000000005,215159.01400000544
2022-09-18,20102.0,20105.3,19325.8,19404.5,499917.2509989884,241264.79999975744,915307,458870.0,2.1928,240.58499999999995,77.41600000000007,0.006428,0.01,0.002753,0.003581,0.006428,0.00782,0.003564,0.003564,124934.74,126634.756,121114.986,124799.645,-17387.650999473524,-830399.2134632532,2433.0,-316369.0,163.16899999999987,215322.18300000543
2022-09-19,19405.1,19686.3,18215.0,19528.6,993769.0570042696,493701.7559990472,1830641,916754.0,2.8551,270.58300000000025,286.0559999999999,0.003581,0.01,-0.011545,0.007813,0.003581,0.003581,-0.009289,0.0006,124802.49,125840.434,113916.889,115717.032,-6365.545006175176,-836764.7584694284,2867.0,-313502.0,-15.472999999999672,215306.71000000543
2022-09-20,19528.6,19625.0,18690.1,18866.8,794612.4820026665,394657.00199925207,1471107,730167.0,1.9806,286.4269999999998,149.7010000000001,0.007813,0.009394,-0.000212,0.005222,0.007813,0.007813,0.001721,0.001721,115717.032,121862.006,115524.353,115846.463,-5298.478004162316,-842063.2364735907,-10773.0,-324275.0,136.7259999999997,215443.43600000543
2022-09-21,18866.7,20154.1,18084.3,18447.5,1168067.6400078407,586475.7699990958,2742959,1371945.0,2.3434,318.8689999999997,294.49799999999937,0.005185,0.007128,-0.011674,-0.011674,0.005185,0.005185,0.001478,0.002732,115846.463,123052.06,111480.63,114671.94,4883.899990350939,-837179.3364832398,931.0,-323344.0,24.371000000000322,215467.80700000544
2022-09-22,18447.6,19504.8,18345.2,19392.5,852756.3160032991,436366.36199896055,1635218,817872.0,2.8551,198.0459999999998,421.2819999999996,-0.011779,0.01,-0.014435,0.007261,-0.011779,0.007743,-0.011779,0.007743,114671.94,122368.408,114382.542,122062.653,19976.407994622015,-817202.9284886178,526.0,-322818.0,-223.2359999999998,215244.57100000544
2022-09-23,19392.5,19492.0,18518.5,19280.7,838484.7220021622,419152.9489992144,1519053,757053.0,1.7248,334.0409999999993,301.2279999999997,0.007261,0.007381,-0.005628,0.002909,0.007261,0.007261,-0.005008,-0.005008,122062.653,127845.806,116753.26,117269.845,-178.82400373346172,-817381.7524923512,-4947.0,-327765.0,32.81299999999959,215277.38400000543
2022-09-24,19280.7,19304.5,18798.0,18911.0,377156.5199993145,187486.79199989376,809357,405440.0,2.0902,191.12300000000005,81.30700000000006,0.002947,0.006661,0.001037,0.001037,0.002947,0.005345,0.001676,0.005345,117269.845,123353.91,117269.845,120217.392,-2182.9359995269915,-819564.6884918782,1523.0,-326242.0,109.81599999999999,215387.20000000542
2022-09-25,18910.9,19196.0,18621.0,18799.7,410458.02499909047,202101.99899982,829295,413261.0,2.0902,104.51400000000008,83.55400000000007,0.000999,0.007052,-0.001591,-0.000605,0.000999,0.003653,0.000999,0.002593,120217.392,121936.225,118015.955,121930.756,-6254.026999450463,-825818.7154913286,-2773.0,-329015.0,20.960000000000008,215408.16000000542
2022-09-26,18799.7,19311.5,18671.0,19216.3,777800.4460037736,396516.36799897463,1451217,726286.0,2.4554,200.18300000000002,193.1730000000001,-0.00066,0.008547,-0.014052,0.002262,-0.00066,0.004497,-0.00066,0.004497,121912.509,128959.61,120835.527,128317.719,15232.289994175662,-810586.425497153,1355.0,-327660.0,7.009999999999934,215415.17000000543
2022-09-27,19216.3,20375.0,18801.5,19070.1,1300470.727000352,654494.78200048,2321813,1148004.0,1.6476,419.8489999999988,282.36599999999953,0.002244,0.01,-0.002895,0.001134,0.002244,0.01,0.002244,0.008538,128317.719,148707.929,127308.449,128831.457,8518.837000607979,-802067.588496545,-25805.0,-353465.0,137.48299999999927,215552.65300000543
2022-09-28,19070.1,19787.6,18460.0,19407.3,1141210.9880034747,575409.3229997649,1978244,987301.0,2.5039,355.5419999999996,338.5049999999998,0.001141,0.009754,-0.001428,0.005607,0.001141,0.005332,-0.001071,0.005332,128831.457,134902.626,127533.366,130823.287,9607.657996055204,-792459.9305004898,-3642.0,-357107.0,17.03699999999975,215569.69000000544
2022-09-29,19407.4,19648.8,18827.2,19582.5,991666.8550036631,498749.47799924016,1725110,864018.0,1.2457,260.61299999999954,232.55599999999976,0.005681,0.01,0.005393,0.01,0.005681,0.007641,0.005681,0.006685,130823.287,132963.529,125484.444,132482.506,5832.100994817214,-786627.8295056726,2926.0,-354181.0,28.05699999999979,215597.74700000545
2022-09-30,19582.5,20172.7,19066.0,19411.7,1071387.9700039716,534833.8999992586,1820747,911890.0,1.3923,250.46699999999993,176.65399999999985,0.01,0.01,0.003259,0.003259,0.01,0.01,0.01,0.01,132482.506,151572.83,125450.333,125450.333,-1720.170005454449,-788347.999511127,3033.0,-351148.0,73.81300000000007,215671.56000000544
2022-10-01,19411.6,19474.0,19140.0,19304.0,294454.89599959675,144184.96999997337,626332,314867.0,1.6969,42.277000000000015,20.27199999999999,0.003198,0.01,0.00083,0.00421,0.003198,0.01,0.003198,0.007005,125450.333,127432.933,125095.057,126174.264,-6084.955999650003,-794432.955510777,3402.0,-347746.0,22.005000000000024,215693.56500000544
2022-10-02,19304.0,19389.0,18896.0,19049.4,414964.25599933596,202615.4519998525,763448,385066.0,2.0093,114.20100000000004,86.32300000000005,0.004262,0.00674,0.003519,0.003941,0.004262,0.005816,0.004262,0.005384,126174.264,130212.344,124972.542,126586.689,-9733.351999630977,-804166.3075104079,6684.0,-341062.0,27.877999999999986,215721.44300000544
2022-10-03,19049.3,19723.7,18950.8,19622.0,621810.3470002004,321429.91999953706,1149221,571402.0,2.6062,74.58600000000007,234.86899999999983,0.003996,0.01,0.003996,0.01,0.003996,0.01,0.003996,0.01,126586.689,135819.764,126140.905,135592.163,21049.4929988737,-783116.8145115342,-6417.0,-347479.0,-160.28299999999976,215561.16000000545
2022-10-04,19621.9,20500.0,19480.1,20333.0,796675.4770018044,416650.85599933326,1415013,693307.0,1.3229,196.33099999999973,190.4879999999998,0.01,0.01,0.01,0.01,0.01,0.01,0.01,0.01,135608.021,166787.489,135404.668,166116.818,36626.23499686213,-746490.579514672,-28399.0,-375878.0,5.8429999999999325,215567.00300000544
2022-10-05,20332.9,20356.1,19707.0,20150.0,719565.7900010147,358820.71899956185,1255999,620611.0,0.7235,144.63899999999992,142.65500000000011,0.01,0.01,0.01,0.01,0.01,0.01,0.01,0.01,166116.818,167781.071,158158.707,159175.44,-1924.3520018910058,-748414.931516563,-14777.0,-390655.0,1.98399999999981,215568.98700000544
2022-10-06,20149.9,20443.9,19843.3,19954.0,782026.3170019044,389001.60999943886,1376127,687286.0,0.9205,115.56600000000012,117.95400000000008,0.01,0.01,0.01,0.01,0.01,0.01,0.01,0.01,159174.703,167691.492,156443.094,156627.711,-4023.0970030266326,-752438.0285195897,-1555.0,-392210.0,-2.3879999999999626,215566.59900000543
2022-10-07,19954.0,20067.0,19304.4,19520.9,672731.3430009828,323578.058999644,1225792,608850.0,1.1983,192.66699999999994,83.95800000000003,0.01,0.01,0.003893,0.003942,0.01,0.01,0.007513,0.007513,156627.711,156897.429,146404.571,146561.111,-25575.22500169475,-778013.2535212844,-8092.0,-400302.0,108.70899999999992,215675.30800000543
2022-10-08,19520.9,19619.6,19200.0,19406.2,253256.88699978177,123754.11599998854,542077,274065.0,2.2165,56.393000000000015,36.907,0.00385,0.008905,0.002507,0.003272,0.00385,0.007345,0.00385,0.004149,146561.111,146610.981,142424.272,144423.768,-5748.654999804683,-783761.9085210891,6053.0,-394249.0,19.48600000000002,215694.79400000544
2022-10-09,19406.3,19550.0,19310.0,19430.0,267178.05499973864,135041.098999989,538523,274702.0,2.23,18.078999999999997,23.807000000000006,0.003246,0.006617,0.000869,0.006244,0.003246,0.003246,0.001776,0.001951,144423.768,147478.911,144411.895,145413.387,2904.1430002393317,-780857.7655208497,10881.0,-383368.0,-5.728000000000009,215689.06600000543
2022-10-10,19430.0,19513.0,19000.0,19124.0,560911.0049994983,271608.4139997744,959969,482024.0,2.4141,203.467,84.76500000000001,0.006241,0.01,0.003277,0.01,0.006241,0.01,0.006069,0.01,145416.675,154644.548,144456.15,151688.497,-17694.1769999495,-798551.9425207992,4079.0,-379289.0,118.702,215807.76800000542
2022-10-11,19124.1,19260.0,18850.0,19055.0,603346.7050001269,301525.5709997288,971118,487042.0,3.0,158.86499999999987,87.52400000000007,0.01,0.01,0.01,0.01,0.01,0.01,0.01,0.01,151688.497,157848.991,149344.026,156137.955,-295.5630006692372,-798847.5055214685,2966.0,-376323.0,71.3409999999998,215879.1090000054
2022-10-12,19055.0,19240.0,18924.3,19148.0,406765.3069994521,204842.3879998657,711823,348447.0,3.0733,16.860000000000003,59.60400000000006,0.01,0.01,0.007192,0.00745,0.01,0.01,0.01,0.01,156137.955,158155.599,151039.49,151050.965,2919.469000279263,-795928.0365211891,-14929.0,-391252.0,-42.74400000000006,215836.3650000054
2022-10-13,19148.1,19498.6,17917.8,19365.5,1104595.820002309,548305.0309994227,1835628,908499.0,2.4447,255.16300000000018,228.41999999999976,0.007466,0.01,0.003255,0.003255,0.007466,0.01,0.003936,0.003936,151054.491,159720.204,149254.058,153097.705,-7985.758003463736,-803913.7945246529,-18630.0,-409882.0,26.74300000000042,215863.1080000054
2022-10-14,19365.4,19947.9,19059.6,19164.6,859030.477002261,427757.095999397,1366606,680983.0,1.8273,225.66200000000003,177.17700000000005,0.003235,0.01,0.002293,0.004374,0.003235,0.01,0.003235,0.008395,153097.705,157213.227,146296.178,146417.851,-3516.2850034669973,-807430.0795281199,-4640.0,-414522.0,48.484999999999985,215911.59300000538
2022-10-15,19164.5,19218.8,18966.0,19060.4,241514.71299980723,118014.73499999083,484523,243354.0,2.012,37.047999999999995,26.534999999999997,0.004317,0.007353,0.001172,0.002746,0.004317,0.004563,0.003772,0.004563,146417.851,150732.669,146104.093,148589.076,-5485.242999825568,-812915.3225279455,2185.0,-412337.0,10.512999999999998,215922.10600000538
2022-10-16,19060.4,19415.9,19058.0,19251.9,267912.6449997518,134077.14799998375,512626,261697.0,2.2289,59.96199999999996,63.45699999999999,0.002735,0.004516,-0.000447,0.000331,0.002735,0.003394,0.000461,0.003394,148589.076,149347.929,142422.579,142991.253,241.65100021567196,-812673.6715277298,10768.0,-401569.0,-3.495000000000026,215918.6110000054
2022-10-17,19251.8,19666.0,19148.0,19540.6,502308.59799918404,259725.00799974953,857170,426220.0,2.2938,46.68999999999999,74.56200000000004,0.000331,0.01,-0.000123,0.01,0.000331,0.006458,0.000331,0.006458,142991.253,157432.022,142973.442,156452.751,17141.418000315025,-795532.2535274148,-4730.0,-406299.0,-27.87200000000005,215890.7390000054
2022-10-18,19540.7,19706.4,19081.0,19320.9,634257.3500002897,310143.59299970936,976845,488175.0,1.4231,142.30900000000008,112.38399999999997,0.01,0.01,0.004609,0.007545,0.01,0.01,0.01,0.01,156453.34,165670.853,151482.14,152650.565,-13970.16400087101,-809502.4175282858,-495.0,-406794.0,29.92500000000011,215920.66400000537
2022-10-19,19320.9,19349.8,19050.0,19116.7,404344.0479993428,196260.45199987135,702029,352843.0,1.9002,103.79600000000008,36.71300000000002,0.007598,0.01,0.007582,0.01,0.007598,0.01,0.007598,0.01,152650.565,157786.717,152376.23,154013.395,-11823.143999600084,-821325.5615278858,3657.0,-403137.0,67.08300000000006,215987.7470000054
2022-10-20,19116.6,19350.0,18882.4,19034.7,537618.0299996211,261815.31399990394,810002,406930.0,2.4892,142.99900000000017,88.39400000000006,0.01,0.01,0.000813,0.004693,0.01,0.01,0.002095,0.002095,154013.395,156812.937,150907.072,156774.502,-13987.401999813184,-835312.963527699,3858.0,-399279.0,54.6050000000001,216042.3520000054
2022-10-21,19034.8,19240.0,18600.0,19150.9,581871.8089999877,289151.4889998732,867112,428404.0,2.8926,95.50700000000002,116.64000000000011,0.004708,0.006566,-0.001687,0.003762,0.004708,0.004708,-0.00089,-0.00089,156774.502,161852.831,150109.723,150110.755,-3568.831000241218,-838881.7945279402,-10304.0,-409583.0,-21.133000000000095,216021.2190000054
2022-10-22,19151.0,19250.0,19103.5,19195.1,174052.88999993325,88688.28399998958,366876,168825.0,2.2436,27.46899999999999,22.64799999999999,0.003721,0.00947,-0.001435,0.004151,0.003721,0.00836,-0.000319,-0.000319,150110.755,151316.937,148604.832,150583.677,3323.678000045911,-835558.1165278943,-29226.0,-438809.0,4.8210000000000015,216026.0400000054
2022-10-23,19195.1,19690.0,19050.0,19560.7,358607.6169998135,188792.28699994658,582026,297210.0,1.8313,28.589,172.51499999999996,0.004152,0.01,-0.002031,0.01,0.004152,0.005174,0.001171,0.005174,150583.677,161143.972,149967.779,161041.448,18976.95700007968,-816581.1595278146,12394.0,-426415.0,-143.92599999999996,215882.1140000054
2022-10-24,19560.6,19593.3,19146.0,19318.1,476675.72299938306,232512.44099981303,711360,358501.0,1.3202,66.405,119.16300000000007,0.01,0.01,0.000583,0.004359,0.01,0.01,0.002328,0.002328,161041.448,161465.166,146075.06,146293.728,-11650.840999756998,-828232.0005275717,5642.0,-420773.0,-52.75800000000007,215829.35600000538
2022-10-25,19318.1,20415.0,19228.0,20068.3,777258.698001746,403700.5039995311,1182074,586108.0,1.8385,110.85800000000008,280.47699999999963,0.004327,0.009696,-0.000723,0.002311,0.004327,0.009019,-0.000166,-0.000166,146293.728,169976.164,145702.112,164610.42,30142.309997316217,-798089.6905302554,-9858.0,-430631.0,-169.61899999999957,215659.73700000538
2022-10-26,20068.3,21030.0,20041.1,20758.3,841853.988002216,425227.04699922446,1394316,691604.0,0.8031,164.9129999999999,149.013,0.002243,0.01,-0.002721,-4.8e-05,0.002243,0.006122,0.002243,0.006122,164610.42,170617.364,164604.062,166689.582,8600.105996232945,-789489.5845340225,-11108.0,-441739.0,15.899999999999892,215675.63700000537
2022-10-27,20758.4,20863.7,20170.0,20285.5,614908.8689994036,296533.1829997111,1112430,562798.0,0.7501,169.75100000000003,124.68000000000004,1.3e-05,0.008437,-0.00491,-0.001228,1.3e-05,0.001376,-0.002276,0.001376,166689.582,166947.294,151942.792,151942.792,-21842.5029999814,-811332.0875340039,13166.0,-428573.0,45.071,215720.70800000537
2022-10-28,20285.6,20740.0,19951.0,20582.8,595520.2659999314,297991.5359996528,1012443,512735.0,0.9497,159.23300000000003,115.38200000000019,-0.001228,0.005251,-0.004492,0.002457,-0.001228,0.003541,-0.002629,-0.002629,151942.792,152391.355,145369.246,147036.183,462.80599937424995,-810869.2815346296,13027.0,-415546.0,43.85099999999984,215764.55900000536
2022-10-29,20582.7,21088.0,20547.8,20796.7,482211.32199903176,240825.64799972586,844838,417782.0,0.9463,126.3110000000002,289.9639999999996,0.002484,0.007363,-0.002962,-0.002497,0.002484,0.004755,0.002484,0.004205,147036.183,154562.337,146960.548,152876.186,-560.0259995800443,-811429.3075342097,-9274.0,-424820.0,-163.6529999999994,215600.90600000537
2022-10-30,20796.7,20925.2,20503.0,20615.6,295387.62199958425,145511.61099995294,585043,298213.0,0.7409,97.72499999999994,85.58200000000008,-0.002515,0.008079,-0.002697,0.001601,-0.002515,0.005135,-0.002515,0.005135,152873.763,153099.412,144029.497,144065.581,-4364.399999678368,-815793.707533888,11383.0,-413437.0,12.142999999999859,215613.04900000538
2022-10-31,20615.5,20838.7,20225.4,20482.0,478793.0159990648,235333.95999977342,853142,430060.0,0.8302,118.40600000000006,111.27900000000004,0.001504,0.007437,-0.001342,0.000722,0.001504,0.003842,-0.000434,-0.000434,144065.581,145772.25,134366.019,134366.019,-8125.095999517944,-823918.803533406,6978.0,-406459.0,7.127000000000024,215620.1760000054
2022-11-01,20482.1,20687.0,20320.0,20472.1,314675.65199955285,156085.07399993925,608551,305240.0,1.1575,57.727000000000025,55.32500000000002,0.000722,0.005675,-0.003424,0.004765,0.000722,0.001302,-0.001088,0.001302,134359.408,138315.747,133318.843,135158.646,-2505.5039996743435,-826424.3075330803,1929.0,-404530.0,2.402000000000008,215622.5780000054
2022-11-02,20472.1,20796.0,20050.0,20140.1,651516.617000321,324188.67699966603,1127384,564678.0,1.1598,197.17600000000024,118.87800000000007,0.004787,0.007671,0.00065,0.002714,0.004787,0.006046,0.001203,0.006046,135158.646,136878.785,129668.339,129815.544,-3139.2630009889835,-829563.5705340693,1972.0,-402558.0,78.29800000000017,215700.8760000054
2022-11-03,20140.2,20400.0,20026.0,20199.7,372105.44299949985,185931.10499991654,623029,307258.0,1.5727,177.77000000000018,71.57700000000001,0.00268,0.007899,-0.00053,0.004429,0.00268,0.00694,0.00044,0.00694,129818.439,132702.561,127154.352,129505.705,-243.2329996667686,-829806.8035337362,-8513.0,-411071.0,106.19300000000017,215807.0690000054
2022-11-04,20199.8,21297.0,20171.6,21137.6,824502.2810018355,421789.2749994569,1198174,595127.0,1.6199,110.73600000000005,304.77399999999943,0.004429,0.007097,-0.003665,0.004409,0.004429,0.006899,0.001148,0.006899,129506.412,149325.842,129279.249,142092.782,19076.268997078296,-810730.5345366579,-7920.0,-418991.0,-194.03799999999939,215613.0310000054
2022-11-05,21137.6,21473.7,21071.1,21289.9,303982.79099951184,153860.78299991752,612006,302187.0,0.8113,53.305,100.55600000000001,0.004409,0.01,0.001787,0.006491,0.004409,0.01,0.004409,0.01,142073.564,149633.283,140977.012,147895.399,3738.775000323192,-806991.7595363347,-7632.0,-426623.0,-47.25100000000001,215565.7800000054
2022-11-06,21289.8,21355.8,20863.3,20900.0,277143.1939996574,132680.65899999737,518580,263539.0,0.7452,193.80600000000007,21.923000000000012,0.006491,0.01,0.005236,0.007812,0.006491,0.009732,0.006491,0.006866,147897.31,148443.579,139223.989,139297.347,-11781.875999662676,-818773.6355359973,8498.0,-418125.0,171.88300000000007,215737.6630000054
2022-11-07,20900.0,21062.6,20374.0,20578.6,554403.7449992887,268941.0079996577,908241,460343.0,0.9033,295.31399999999945,56.06400000000002,0.007813,0.01,-0.001847,0.006608,0.007813,0.01,0.007813,0.01,139297.347,139754.195,129248.858,130219.609,-16521.728999973275,-835295.3645359706,12445.0,-405680.0,239.24999999999943,215976.9130000054
2022-11-08,20578.5,20685.0,16830.0,18534.0,2017388.5829925307,981608.0460043235,3933465,1954745.0,1.6903,1331.8669999999963,583.7839999999975,0.006515,0.01,-0.02044,-0.014002,0.006515,0.009446,-0.000788,0.009446,130210.405,133834.862,116513.025,120225.293,-54172.49098388362,-889467.8555198542,-23975.0,-429655.0,748.0829999999988,216724.99600000543
2022-11-09,18533.9,18574.9,15462.6,15905.0,2065590.9849986646,994043.5080035083,4779775,2382018.0,3.2052,1363.0369999999946,720.2019999999972,-0.013884,0.00929,-0.120652,-0.119172,-0.013884,0.007305,-0.032976,-0.032976,120225.293,134820.087,118160.264,132269.178,-77503.96899164782,-966971.824511502,-15739.0,-445394.0,642.8349999999974,217367.83100000542
2022-11-10,15905.1,18230.0,15730.0,17588.0,1496791.5530010506,762175.4830013189,3581480,1813964.0,2.5051,583.1329999999986,1059.0429999999963,-0.119172,-0.019452,-0.142765,-0.019452,-0.119172,-0.023833,-0.119172,-0.023833,132269.178,134838.091,122060.902,122331.944,27559.41300158715,-939412.4115099149,46448.0,-398946.0,-475.9099999999977,216891.92100000542
2022-11-11,17588.0,17678.0,16343.0,17058.3,955273.4710040941,478442.79399930267,2445350,1207293.0,2.013,358.11899999999935,407.0099999999993,-0.019452,0.005493,-0.019809,0.00528,-0.019452,-0.005802,-0.019452,-0.005802,122331.944,126159.622,117617.511,117629.031,1612.1169945112197,-937800.2945154037,-30764.0,-429710.0,-48.89099999999996,216843.0300000054
2022-11-12,17058.4,17110.8,16623.8,16806.9,304453.64699958236,154267.22899993305,834207,409908.0,2.2175,145.07300000000004,62.474000000000004,0.0053,0.01,-0.005366,0.000344,0.0053,0.006521,-0.002406,0.006521,117629.031,119396.247,117367.423,117567.329,4080.8110002837493,-933719.4835151199,-14391.0,-444101.0,82.59900000000003,216925.6290000054
2022-11-13,16806.9,16950.0,16210.3,16321.2,349742.24199956574,170553.19799991164,814305,400475.0,1.9551,160.51200000000009,83.59000000000007,0.000344,0.005148,-0.011417,-0.003668,0.000333,0.002816,-0.007357,0.002816,117567.018,119215.264,115376.988,119215.264,-8635.84599974245,-942355.3295148623,-13355.0,-457456.0,76.92200000000001,217002.5510000054
2022-11-14,16321.3,17188.0,15805.5,16605.2,934226.7760030903,470204.28899944597,2003092,996361.0,2.44,364.5849999999988,288.7479999999993,-0.003809,0.005119,-0.013897,-0.010832,-0.003809,-0.001132,-0.007645,-0.001132,119215.264,123057.693,115051.813,115436.228,6181.801995801623,-936173.5275190606,-10370.0,-467826.0,75.83699999999948,217078.3880000054
2022-11-15,16605.3,17127.2,16516.7,16888.3,649262.0660004964,328252.2009996941,1305847,648582.0,2.4002,218.92800000000008,176.82100000000028,-0.010925,0.003379,-0.089619,-0.013216,-0.010925,0.002275,-0.017664,0.002275,115442.546,121527.145,115213.663,117742.633,7242.335998891853,-928931.1915201688,-8683.0,-476509.0,42.1069999999998,217120.49500000538
2022-11-16,16888.3,17007.4,16358.0,16650.6,537231.8209995497,266221.8319997792,1086473,545798.0,1.5323,154.13800000000006,118.09700000000005,-0.013216,0.004361,-0.017648,-0.004534,-0.013216,0.001121,-0.013216,-0.006617,117742.633,126189.6,117715.546,123196.291,-4788.156999991275,-933719.3485201601,5123.0,-471386.0,36.04100000000001,217156.53600000538
2022-11-17,16650.7,16741.7,16403.3,16682.1,408976.8939994772,205680.78199988382,819031,406205.0,2.2852,144.19999999999993,86.87400000000004,-0.004542,-0.00182,-0.009688,-0.002838,-0.004542,-0.002701,-0.005138,-0.002701,123196.291,126468.555,123046.714,124490.267,2384.67000029044,-931334.6785198697,-6621.0,-478007.0,57.325999999999894,217213.86200000538
2022-11-18,16682.1,16984.4,16541.1,16689.7,388607.25299956306,197143.62899988194,725654,362861.0,1.6969,83.812,68.25600000000003,-0.002836,0.009362,-0.004533,0.005595,-0.002836,0.002398,-0.002836,0.000955,124490.267,125897.508,120810.357,120846.621,5680.005000200821,-925654.6735196689,68.0,-477939.0,15.555999999999969,217229.4180000054
2022-11-19,16689.7,16814.5,16543.8,16692.9,171820.05899991284,86113.4719999663,390920,195769.0,2.0084,46.53699999999999,34.61799999999999,0.005556,0.00997,-0.003534,-0.000769,0.005556,0.007897,-0.001169,-0.001169,120846.621,121515.971,119279.145,119625.24,406.8850000197708,-925247.7885196491,618.0,-477321.0,11.919000000000004,217241.33700000538
2022-11-20,16693.0,16743.9,16167.1,16272.6,327592.5399996557,159648.2729999414,611498,306875.0,1.9146,135.55200000000005,52.10599999999997,-0.000779,0.00787,-0.005409,0.00787,-0.000779,0.003552,-0.000979,-0.000979,119674.738,121317.7,118522.402,121296.048,-8295.99399977288,-933543.782519422,2252.0,-475069.0,83.44600000000008,217324.78300000538
2022-11-21,16272.7,16304.3,15443.2,15773.0,790212.2370011082,387853.52399950946,1333343,668327.0,2.2669,205.60100000000008,240.86399999999983,0.007898,0.009216,-0.007517,-0.007497,0.007898,0.007898,-0.001218,0.002302,121296.048,129729.049,121116.533,129027.914,-14505.189002089319,-948048.9715215113,3311.0,-471758.0,-35.26299999999975,217289.52000000537
2022-11-22,15772.9,16309.0,15610.3,16220.6,579310.7230000083,298898.1259996718,1042917,522175.0,2.6417,139.50200000000024,173.845,-0.007497,0.01,-0.007498,0.00939,-0.007485,0.007881,-0.007485,0.007881,129041.057,129975.428,127284.45,127870.414,18485.528999335365,-929563.442522176,1433.0,-470325.0,-34.34299999999976,217255.17700000538
2022-11-23,16220.5,16703.4,16155.5,16595.8,546693.9169994337,280142.81999981357,1000699,495355.0,1.9922,149.99500000000006,193.654,0.009406,0.01,-0.000749,0.005398,0.009406,0.01,-0.00039,-0.00039,127870.414,130212.237,123238.075,123272.072,13591.72300019348,-915971.7195219825,-9989.0,-480314.0,-43.658999999999935,217211.51800000537
2022-11-24,16595.8,16800.0,16450.0,16592.4,351019.7689996367,176388.5219999127,676757,337135.0,1.5413,81.394,66.31000000000004,0.00542,0.007163,-0.000792,0.002056,0.00542,0.006272,0.002012,0.006272,123272.072,126351.086,122031.491,123864.291,1757.2750001886743,-914214.4445217939,-2487.0,-482801.0,15.08399999999996,217226.60200000537
2022-11-25,16592.5,16639.9,16331.7,16516.1,306550.7129997584,152809.19199995266,556940,279183.0,1.3929,72.30199999999998,44.844,0.002058,0.006012,-0.003402,0.00381,0.002058,0.002058,0.000461,0.001329,123864.291,127372.139,123580.014,125437.431,-932.3289998531109,-915146.773521647,1426.0,-481375.0,27.457999999999977,217254.06000000538
2022-11-26,16516.2,16699.1,16369.1,16449.2,253398.09899981233,126629.59399997925,474581,238237.0,1.4408,48.220000000000034,43.908999999999985,0.00381,0.005672,-0.00348,0.001088,0.003859,0.003859,-0.002455,0.003523,125437.431,126330.428,124946.38,126145.552,-138.91099985383335,-915285.6845215008,1893.0,-479482.0,4.31100000000005,217258.37100000537
2022-11-27,16449.2,16594.2,16396.0,16422.6,189369.9669998901,95297.33999997641,378095,192924.0,1.4882,29.811,39.829,0.001063,0.00525,-0.003913,0.002267,0.001063,0.003784,-0.003066,0.003784,126151.399,127760.452,124680.576,126737.761,1224.7130000627076,-914060.9715214381,7753.0,-471729.0,-10.018,217248.35300000536
2022-11-28,16422.5,16475.0,15984.1,16204.5,497096.6099994665,247394.45699986187,816191,407894.0,1.5634,232.36400000000026,155.34399999999982,0.002303,0.007735,-0.003895,0.00476,0.002303,0.002303,2.1e-05,2.1e-05,126749.454,127873.998,122765.502,124978.316,-2307.6959997427766,-916368.6675211808,-403.0,-472132.0,77.02000000000044,217325.37300000535
2022-11-29,16204.6,16543.0,16088.0,16433.2,391314.3159995873,200239.84099988968,643564,320648.0,1.9138,39.504000000000026,112.42500000000008,0.00476,0.009271,-0.002932,0.003404,0.00476,0.00476,-0.000385,0.004171,124978.316,129415.194,123820.819,127494.715,9165.366000192065,-907203.3015209888,-2268.0,-474400.0,-72.92100000000005,217252.45200000535
2022-11-30,16433.3,17248.3,16421.5,17153.3,620308.0860000439,324521.5169997712,963193,482122.0,1.5419,91.9900000000001,187.55999999999983,0.003404,0.009523,0.000571,0.001102,0.003404,0.009511,0.003404,0.009511,127494.715,128321.628,123501.066,127111.746,28734.947999498458,-878468.3535214904,1051.0,-473349.0,-95.56999999999974,217156.88200000534
2022-12-01,17153.4,17348.5,16851.2,16970.5,411040.68199963577,203199.9759999229,662719,331620.0,1.2497,82.70500000000003,36.72599999999999,0.001029,0.01,-0.00835,0.0082,0.001029,0.01,-0.005001,0.01,127111.746,131352.206,127111.746,129827.771,-4640.729999789968,-883109.0835212803,521.0,-472828.0,45.979000000000035,217202.86100000533
2022-12-02,16970.5,17096.3,16760.0,17083.0,335035.6499997607,169747.68499995902,564018,277917.0,1.2104,69.07600000000005,101.79500000000002,0.008203,0.008203,-0.005148,0.0033,0.008203,0.008203,-0.003753,-0.003753,129827.771,130551.405,128178.975,128788.774,4459.720000157366,-878649.363521123,-8184.0,-481012.0,-32.718999999999966,217170.14200000532
2022-12-03,17083.0,17160.0,16850.1,16879.5,185255.05299992,91149.96899997709,357966,181501.0,1.2391,77.494,9.910000000000002,0.003302,0.01,0.002338,0.006159,0.003302,0.01,0.003302,0.01,128788.774,130490.898,128058.986,129658.339,-2955.114999965823,-881604.4785210888,5036.0,-475976.0,67.584,217237.72600000532
2022-12-04,16879.5,17206.2,16874.1,17099.5,291108.5629998015,152873.2649999553,478827,240179.0,1.31,29.039999999999996,66.24900000000004,0.006174,0.007601,-0.000507,5e-05,0.006174,0.006437,0.004581,0.004581,129658.339,139719.108,129212.096,135962.081,14637.967000109144,-866966.5115209797,1531.0,-474445.0,-37.209000000000046,217200.51700000532
2022-12-05,17099.4,17430.0,16860.6,16958.3,519944.24899937445,255791.77299978936,947393,477563.0,1.1964,95.81600000000002,96.43700000000004,5e-05,0.005544,-0.004894,0.002206,5.4e-05,0.004603,-0.004218,0.004603,135962.081,138225.323,122731.989,122826.298,-8360.702999795758,-875327.2145207755,7733.0,-466712.0,-0.6210000000000235,217199.8960000053
2022-12-06,16958.2,17100.0,16899.9,17078.6,321314.02999974793,163610.85899995643,739347,372134.0,1.4956,64.29700000000003,46.51600000000001,0.002206,0.00795,-0.002661,0.007913,0.002206,0.004118,0.002206,0.002305,122826.298,122826.298,110515.329,110521.614,5907.688000164926,-869419.5265206106,4921.0,-461791.0,17.781000000000013,217217.6770000053
2022-12-07,17078.7,17130.0,16655.0,16828.0,337777.7529996263,162494.47899988794,620689,316043.0,1.4231,70.15500000000003,29.254000000000012,0.007887,0.008107,-0.002348,0.001206,0.007887,0.007887,-0.001492,-0.001492,110512.961,110907.715,104182.849,107670.221,-12788.79499985039,-882208.321520461,11397.0,-450394.0,40.90100000000002,217258.5780000053
2022-12-08,16828.0,17294.9,16710.4,17216.0,402156.71899945696,212725.08799985918,651003,321757.0,1.6062,60.429,91.37400000000002,0.001183,0.002466,-0.003193,0.001211,0.001183,0.002152,0.000167,0.000167,107670.221,111072.772,106832.288,110651.295,23293.457000261405,-858914.8645201996,-7489.0,-457883.0,-30.94500000000002,217227.6330000053
2022-12-09,17216.0,17365.4,17052.0,17122.0,290230.29599955067,145232.91299994258,545991,274968.0,1.0137,25.768999999999995,30.634000000000007,0.001178,0.009265,-0.002998,-0.001696,0.001178,0.004007,0.001178,0.003198,110636.039,113112.837,108933.322,108933.686,235.53000033448916,-858679.3345198651,3945.0,-453938.0,-4.865000000000013,217222.7680000053
2022-12-10,17122.0,17228.6,17081.0,17120.0,141894.98099996944,72264.15099995505,332407,169474.0,1.021,10.663000000000006,3.855,-0.001669,0.002797,-0.002521,0.000929,-0.001669,0.001711,-0.001669,0.001711,108928.467,111529.81,108849.762,109883.761,2633.3209999406536,-856046.0135199245,6541.0,-447397.0,6.808000000000005,217229.5760000053
2022-12-11,17120.1,17265.0,17060.0,17077.3,171004.09099984533,84191.70899998002,364061,183046.0,1.0606,68.55399999999997,15.2,0.000929,0.003776,-0.001724,0.002407,0.000929,0.000929,0.000692,0.000692,109883.761,111361.31,108267.815,109049.569,-2620.6729998852825,-858666.6865198098,2031.0,-445366.0,53.35399999999997,217282.9300000053
2022-12-12,17077.3,17237.9,16865.0,17200.0,335847.2539994992,169725.02999994048,566172,283939.0,1.1744,81.42499999999995,103.41599999999998,0.002406,0.004275,-0.002036,0.00306,0.002406,0.002638,-0.00167,-0.00167,109049.569,109282.266,102972.474,104583.512,3602.8060003817664,-855063.880519428,1706.0,-443660.0,-21.991000000000028,217260.93900000528
2022-12-13,17200.0,18100.0,17076.0,17777.1,596816.4800003474,312687.88099972246,1007698,502863.0,1.1395,109.16400000000006,508.49499999999983,0.00306,0.01,0.000618,0.01,0.003003,0.01,0.001971,0.01,104619.432,111368.993,104156.336,107202.908,28559.281999097555,-826504.5985203305,-1972.0,-445632.0,-399.3309999999998,216861.60800000528
2022-12-14,17777.1,18400.0,17659.4,17803.9,627504.2590005232,320955.3669996303,1125393,559128.0,0.8529,99.725,152.10400000000004,0.01,0.01,0.01,0.01,0.01,0.01,0.01,0.01,107202.908,113089.932,106262.285,111768.605,14406.474998737336,-812098.1235215932,-7137.0,-452769.0,-52.37900000000005,216809.2290000053
2022-12-15,17804.0,17849.5,17258.0,17351.8,437100.2999993344,207372.8999998409,764748,390388.0,0.8132,116.77800000000002,29.951,0.01,0.01,0.00197,0.004814,0.01,0.01,0.00518,0.00518,111876.66,112288.732,107665.062,108231.292,-22354.49999965256,-834452.6235212458,16028.0,-436741.0,86.82700000000003,216896.05600000528
2022-12-16,17351.9,17528.0,16521.1,16624.1,622146.8219996579,300805.55499979865,1011978,513458.0,1.3674,281.8159999999994,70.37300000000005,0.004842,0.01,-0.002699,0.00201,0.004842,0.005706,-0.001987,-0.001987,108231.292,108300.589,97504.356,98151.87,-20535.712000060594,-854988.3355213064,14938.0,-421803.0,211.44299999999936,217107.49900000528
2022-12-17,16624.0,16790.0,16571.8,16768.0,248464.61699991446,127451.0329999572,475748,252644.0,1.8011,35.778999999999996,89.09700000000008,0.002013,0.01,0.002013,0.006274,0.002013,0.009707,0.002013,0.009707,98151.87,100564.879,97497.13,99340.574,6437.448999999935,-848550.8865213065,29540.0,-392263.0,-53.31800000000008,217054.18100000528
2022-12-18,16768.1,16872.0,16656.0,16730.3,185898.2119999466,95900.1289999664,366186,190840.0,2.003,40.299000000000014,61.85099999999997,0.006274,0.01,-0.009781,0.006468,0.006274,0.006828,-0.000647,-0.000647,99340.574,100963.605,98314.316,98436.522,5902.045999986207,-842648.8405213202,15494.0,-376769.0,-21.551999999999957,217032.62900000528
2022-12-19,16730.4,16809.6,16210.0,16429.2,344727.43599954306,165589.68999993958,586455,295247.0,1.9656,153.9320000000001,30.951999999999995,0.006468,0.01,-0.009717,0.005632,0.006468,0.006468,0.003493,0.004496,98436.522,102037.745,96940.468,97353.277,-13548.055999663891,-856196.8965209841,4039.0,-372730.0,122.9800000000001,217155.6090000053
2022-12-20,16429.3,17049.6,16390.3,16887.2,476143.9339993341,244914.6299999339,757595,376467.0,1.9985,48.105000000000004,117.7700000000001,0.005611,0.006252,-0.002261,0.00376,0.005611,0.005611,-1.2e-05,0.003401,97342.742,98498.94,94039.168,95126.916,13685.326000533707,-842511.5705204504,-4661.0,-377391.0,-69.66500000000009,217085.9440000053
2022-12-21,16887.3,16924.2,16694.2,16819.6,227751.1869998844,112774.32599999112,415506,210239.0,1.6164,58.534,11.277000000000005,0.003778,0.008676,0.000527,0.002918,0.003778,0.007742,0.003778,0.007582,95126.916,97262.908,94583.419,95780.255,-2202.5349999021564,-844714.1055203525,4972.0,-372419.0,47.25699999999999,217133.2010000053
2022-12-22,16819.7,16861.9,16556.1,16815.5,306607.31499975984,152996.02799996876,493613,248488.0,1.642,45.584999999999994,41.21799999999998,0.002918,0.01,0.001957,0.01,0.002918,0.008167,0.002918,0.007198,95780.255,102267.809,95780.255,99460.98,-615.258999822312,-845329.3645201748,3363.0,-369056.0,4.3670000000000115,217137.5680000053
2022-12-23,16815.5,16960.0,16690.0,16776.4,264553.2389998486,134466.87599999414,425723,206192.0,1.9481,38.583999999999996,43.09499999999999,0.01,0.01,0.006608,0.01,0.01,0.01,0.008903,0.008903,99463.284,100509.062,96340.872,98291.965,4380.513000139676,-840948.8515200352,-13339.0,-382395.0,-4.510999999999996,217133.0570000053
2022-12-24,16776.3,16859.9,16774.4,16828.9,82362.41699996225,41528.856999994234,195044,101434.0,1.7785,0.017,3.6129999999999995,0.01,0.01,0.000536,0.000536,0.01,0.01,0.004748,0.006222,98291.965,99346.194,97951.907,98004.048,695.2970000262139,-840253.554520009,7824.0,-374571.0,-3.5959999999999996,217129.4610000053
2022-12-25,16829.0,16850.0,16700.0,16824.4,144071.42999997523,71655.86699996857,267926,139253.0,1.681,13.485999999999999,21.15700000000001,0.000521,0.005229,-4e-05,0.003316,0.000521,0.00306,0.000521,0.00306,98004.048,98490.642,96664.72,97401.076,-759.6960000380932,-841013.250520047,10580.0,-363991.0,-7.671000000000012,217121.7900000053
2022-12-26,16824.5,16936.8,16781.1,16912.9,148128.1869999598,76793.46599997533,285404,139261.0,1.7137,11.940000000000003,45.361000000000004,0.003319,0.008678,-0.005321,0.008672,0.003319,0.003319,-0.005064,0.002871,97401.076,98172.496,96353.095,96540.24,5458.744999990857,-835554.5055200562,-6882.0,-370873.0,-33.421,217088.3690000053
2022-12-27,16912.8,16968.0,16580.0,16698.2,262827.90699983545,127575.22799998899,422373,207607.0,1.7203,43.67399999999999,29.982000000000006,0.008672,0.009041,-7.2e-05,0.004256,0.008655,0.008655,0.001102,0.001951,96540.24,103244.656,95986.766,103196.123,-7677.450999857465,-843231.9565199137,-7159.0,-378032.0,13.691999999999986,217102.0610000053
2022-12-28,16698.2,16778.3,16455.6,16539.0,344649.8259996989,169600.67099990515,501669,259615.0,2.2092,97.11099999999999,36.995000000000005,0.004256,0.01,0.001598,0.01,0.004252,0.009764,0.002111,0.002111,103196.123,106565.887,101683.736,106392.652,-5448.483999888587,-848680.4405198023,17561.0,-360471.0,60.115999999999985,217162.17700000532
2022-12-29,16538.9,16659.0,16485.1,16630.3,208588.74199987008,106309.08099997463,345199,177940.0,2.3212,105.67600000000003,27.455,0.009985,0.01,0.006848,0.01,0.009985,0.01,0.008532,0.01,106392.652,107859.685,105747.202,106936.415,4029.420000079175,-844651.0205197231,10681.0,-349790.0,78.22100000000003,217240.3980000053
2022-12-30,16630.3,16666.6,16320.0,16601.2,295626.5699998329,145077.05299995997,415152,212097.0,2.1908,37.361000000000004,36.49700000000002,0.01,0.01,0.006174,0.01,0.01,0.01,0.007132,0.01,106936.415,110096.72,106785.504,107693.273,-5472.463999912958,-850123.484519636,9042.0,-340748.0,0.863999999999983,217241.2620000053
2022-12-31,16601.2,16640.0,16461.8,16537.6,134462.15599995822,65822.95999998179,255296,123974.0,2.2605,24.951999999999998,22.383000000000003,0.01,0.01,0.01,0.01,0.01,0.01,0.01,0.01,107691.786,108424.553,105117.049,105691.416,-2816.2359999946493,-852939.7205196307,-7348.0,-348096.0,2.5689999999999955,217243.8310000053
2023-01-01,16537.5,16618.8,16488.0,16610.3,105502.56499995365,52617.108999990065,223276,117647.0,2.2216,2.596,16.549,0.01,0.01,-0.001567,-0.001488,0.01,0.01,0.000691,0.000691,105692.778,108935.622,105557.315,108854.594,-268.34699997352436,-853208.0675196042,12018.0,-336078.0,-13.953,217229.8780000053
2023-01-02,16610.4,16799.0,16541.2,16666.0,214902.5619999191,108324.31599999589,346685,167790.0,2.125,21.959000000000007,87.57799999999999,-0.001488,0.01,-0.004679,0.01,-0.001488,0.00267,-0.004356,0.00267,108868.8,108882.003,105155.135,105155.135,1746.0700000726792,-851461.9975195315,-11105.0,-347183.0,-65.61899999999999,217164.2590000053
2023-01-03,16665.9,16774.0,16600.3,16667.2,203070.17899981677,100250.317999992,332909,165897.0,1.9586,39.43600000000001,22.320000000000004,0.01,0.01,0.002922,0.006478,0.01,0.01,0.003322,0.003322,105155.135,108288.262,105042.875,105095.114,-2569.5429998327745,-854031.5405193643,-1115.0,-348298.0,17.116000000000003,217181.3750000053
2023-01-04,16667.3,16984.6,16645.7,16842.1,349745.7639995224,177751.05099992617,534748,262438.0,2.0202,35.447,152.802,0.006478,0.01,0.003231,0.005448,0.006489,0.006489,0.003388,0.004931,105095.114,105342.496,101440.753,101527.768,5756.338000329968,-848275.2025190343,-9872.0,-358170.0,-117.35499999999999,217064.0200000053
2023-01-05,16842.2,16872.8,16740.4,16823.8,176369.1679997935,87831.2600000063,328532,165736.0,1.5497,6.6190000000000015,24.619000000000007,0.005417,0.00852,0.001756,0.005548,0.005417,0.007264,0.004436,0.007264,101527.768,104808.297,100960.139,103940.723,-706.647999780922,-848981.8505188152,2940.0,-355230.0,-18.000000000000007,217046.0200000053
2023-01-06,16823.8,17030.0,16664.8,16943.8,316963.5709998448,160299.52899996954,447145,225509.0,1.5094,50.675000000000004,134.6150000000001,0.005587,0.01,0.002449,0.00248,0.005587,0.008658,0.005587,0.008658,103940.723,105482.397,102567.278,103599.551,3635.487000094261,-845346.363518721,3873.0,-351357.0,-83.94000000000008,216962.08000000528
2023-01-07,16943.9,16973.6,16900.1,16936.5,77973.10499996661,39351.114999992584,189252,95722.0,1.4284,1.3599999999999999,6.356999999999998,0.002508,0.01,-0.001756,0.005654,0.002508,0.01,0.000671,0.01,103606.135,105848.078,103558.159,105490.965,729.1250000185537,-844617.2385187024,2192.0,-349165.0,-4.996999999999998,216957.08300000528
2023-01-08,16936.5,17181.1,16905.0,17124.7,157716.28399996457,83396.76899998676,268471,135405.0,1.3159,40.77100000000001,137.97200000000004,0.005657,0.01,0.00181,0.005679,0.005657,0.01,0.005657,0.007452,105490.965,106390.292,102672.999,102822.732,9077.25400000895,-835539.9845186935,2339.0,-346826.0,-97.20100000000002,216859.88200000528
2023-01-09,17124.6,17387.8,17098.2,17169.7,400261.8379996278,200347.17699991158,561281,273274.0,1.4195,89.25900000000004,278.65699999999975,0.005796,0.006159,-0.002595,0.002441,0.005796,0.005796,-0.000666,0.000905,102816.669,108429.642,102751.04,103305.955,432.51600019534817,-835107.4685184981,-14733.0,-361559.0,-189.3979999999997,216670.4840000053
2023-01-10,17169.6,17485.4,17140.4,17428.8,297320.3669997936,152579.70399996714,442569,216781.0,1.0442,19.02000000000001,133.05900000000003,0.002417,0.01,0.002051,0.002761,0.002417,0.009685,0.002417,0.003129,103295.401,113091.766,103027.76,113090.616,7839.041000140656,-827268.4275183575,-9007.0,-370566.0,-114.03900000000002,216556.4450000053
2023-01-11,17428.8,18013.2,17306.4,17935.7,386275.1769996554,201935.87199993397,556031,276428.0,0.9026,39.66199999999999,228.3809999999999,0.002761,0.007517,-0.003025,0.007517,0.002761,0.002761,-0.000211,-0.000211,113090.616,114422.748,106141.791,106927.001,17596.567000212555,-809671.8605181449,-3175.0,-373741.0,-188.71899999999988,216367.7260000053
2023-01-12,17935.6,19120.0,17902.4,18838.0,1040328.0000024193,534942.8539995644,1524169,762906.0,0.9015,239.39899999999986,345.4029999999996,0.007549,0.01,0.007549,0.01,0.007549,0.01,0.007549,0.01,106927.001,113387.066,103998.222,108920.989,29557.707996709505,-780114.1525214354,1643.0,-372098.0,-106.00399999999976,216261.7220000053
2023-01-13,18838.1,19997.8,18711.0,19924.2,806807.564001119,415740.3729995276,1284553,647895.0,0.7924,130.96700000000004,410.8389999999994,0.01,0.01,0.003026,0.0087,0.01,0.01,0.00716,0.00716,108920.989,116882.169,108917.32,111319.659,24673.18199793622,-755440.9705234992,11237.0,-360861.0,-279.87199999999933,215981.8500000053
2023-01-14,19924.3,21544.0,19882.6,20962.8,938047.2440033867,476915.8489989691,1872687,941336.0,0.7976,268.38099999999963,684.3539999999982,0.008746,0.053614,0.008728,0.013795,0.008746,0.045847,0.008746,0.01,111319.659,111390.406,90925.079,93682.131,15784.45399455144,-739656.5165289477,9985.0,-350876.0,-415.9729999999986,215565.8770000053
2023-01-15,20962.8,21073.8,20556.0,20882.7,428485.62499912764,212909.51899983786,913339,456464.0,0.9091,116.91700000000006,115.4100000000002,0.013712,0.022718,0.01,0.01,0.013712,0.019892,0.012434,0.019892,93682.131,97004.648,92040.873,94267.263,-2666.586999451916,-742323.1035283997,-411.0,-351287.0,1.506999999999863,215567.38400000532
2023-01-16,20882.7,21498.0,20606.6,21188.3,666144.5050005219,333914.56799947144,1414860,701890.0,0.9008,149.65699999999993,179.5230000000001,0.01,0.01,0.01,0.01,0.01,0.01,0.01,0.01,94267.263,99739.539,91928.678,97983.503,1684.6309984209947,-740638.4725299787,-11080.0,-362367.0,-29.866000000000184,215537.5180000053
2023-01-17,21188.2,21640.0,20827.8,21130.9,547354.8189991433,275459.49299978843,1120232,559059.0,0.7565,182.93600000000004,140.55999999999997,0.01,0.01,0.01,0.01,0.01,0.01,0.01,0.01,97959.573,102787.26,95944.51,101982.725,3564.1670004335465,-737074.3055295452,-2114.0,-364481.0,42.37600000000006,215579.8940000053
2023-01-18,21130.8,21672.0,20386.0,20680.0,813782.4070019083,405610.11399908696,1829771,913931.0,0.7569,248.43499999999992,215.77399999999986,0.01,0.01,0.01,0.01,0.01,0.01,0.01,0.01,101982.725,106261.55,99516.348,101713.36,-2562.1790037343744,-739636.4845332796,-1909.0,-366390.0,32.66100000000006,215612.5550000053
2023-01-19,20680.1,21183.9,20659.9,21068.3,374709.2249995449,189717.87999989168,729523,361552.0,0.8038,60.80799999999995,151.11299999999994,0.01,0.01,0.01,0.01,0.01,0.01,0.01,0.01,101736.019,105539.047,100681.279,105068.19,4726.535000238451,-734909.9495330411,-6419.0,-372809.0,-90.30499999999999,215522.2500000053
2023-01-20,21068.3,22750.0,20856.4,22661.1,723621.282000903,378570.0699995306,1288133,646310.0,0.7677,78.40000000000002,323.4649999999991,0.01,0.01,0.01,0.01,0.01,0.01,0.01,0.01,105068.19,111328.635,95560.137,98669.816,33518.8579981582,-701391.0915348829,4487.0,-368322.0,-245.0649999999991,215277.1850000053
2023-01-21,22661.0,23390.0,22422.0,22781.9,764668.345001215,381734.8009995398,1561362,776002.0,0.8332,150.03799999999995,221.81499999999988,0.01,0.01,0.01,0.01,0.01,0.01,0.01,0.01,98669.816,100754.509,92382.801,95498.698,-1198.743002135423,-702589.8345370183,-9358.0,-377680.0,-71.77699999999993,215205.4080000053
2023-01-22,22781.8,23080.2,22287.0,22704.6,478856.8459991929,235781.19899981044,1001246,503593.0,0.8355,105.04300000000016,182.04599999999988,0.01,0.01,0.01,0.01,0.01,0.01,0.01,0.01,95498.698,97125.856,93570.036,94282.088,-7294.447999572032,-709884.2825365904,5940.0,-371740.0,-77.00299999999972,215128.4050000053
2023-01-23,22704.7,23193.1,22500.0,22913.1,525770.6379988826,262284.6009997427,1082331,540983.0,1.0036,74.22600000000006,209.95499999999996,0.01,0.01,0.01,0.01,0.01,0.01,0.01,0.01,94282.088,96539.2,92005.14,92121.03,-1201.4359993971884,-711085.7185359875,-365.0,-372105.0,-135.7289999999999,214992.6760000053
2023-01-24,22913.3,23158.7,22450.0,22627.4,505612.2229990659,244863.31299982258,1001700,497024.0,0.9837,210.25699999999998,99.79400000000003,0.01,0.01,0.01,0.01,0.01,0.01,0.01,0.01,92121.03,94634.9,91310.23,92273.666,-15885.596999420726,-726971.3155354082,-7652.0,-379757.0,110.46299999999995,215103.1390000053
2023-01-25,22627.5,23837.4,22310.5,23060.6,692650.496000425,348492.4059994676,1431837,722622.0,1.0379,139.68400000000014,351.73399999999964,0.01,0.01,0.01,0.01,0.01,0.01,0.01,0.01,92273.666,95205.058,85481.11,85901.005,4334.315998510225,-722636.999536898,13407.0,-366350.0,-212.0499999999995,214891.0890000053
2023-01-26,23060.6,23278.7,22843.8,23001.9,427755.7179992361,210787.94699984332,936942,469266.0,1.1584,83.65499999999999,104.41600000000012,0.01,0.01,0.01,0.01,0.01,0.01,0.01,0.01,85901.005,90214.193,85596.694,88639.93,-6179.823999549437,-728816.8235364475,1590.0,-364760.0,-20.761000000000138,214870.3280000053
2023-01-27,23001.9,23500.0,22516.6,23068.0,509895.7989990768,253645.58699973795,1011501,504479.0,1.2477,118.06400000000012,144.43199999999993,0.01,0.01,0.006491,0.01,0.01,0.01,0.009541,0.01,88639.93,92400.839,86425.657,90134.357,-2604.6249996009283,-731421.4485360484,-2543.0,-367303.0,-26.36799999999981,214843.96000000532
2023-01-28,23068.1,23185.0,22870.8,23015.9,186388.63599977957,93340.98399997457,499160,254271.0,1.0825,46.09900000000003,18.895999999999997,0.01,0.01,0.01,0.01,0.01,0.01,0.01,0.01,90142.167,90941.384,89319.505,90402.879,293.3320001695829,-731128.1165358789,9382.0,-357921.0,27.203000000000035,214871.16300000533
2023-01-29,23016.0,23962.7,22961.5,23740.3,562015.0909991448,289220.4149993925,1283636,636635.0,1.2124,50.568,264.5450000000001,0.01,0.01,0.01,0.01,0.01,0.01,0.01,0.01,90402.879,105177.256,89375.112,103276.927,16425.73899964022,-714702.3775362386,-10366.0,-368287.0,-213.9770000000001,214657.1860000053
2023-01-30,23740.2,23804.6,22484.2,22819.9,572526.7469993301,272328.80199949467,1270931,636214.0,0.8501,218.66099999999986,105.57800000000006,0.01,0.01,0.01,0.01,0.01,0.01,0.01,0.01,103276.927,104910.566,93185.379,93416.196,-27869.143000340788,-742571.5205365794,1497.0,-366790.0,113.0829999999998,214770.26900000533
2023-01-31,22819.9,23330.0,22715.3,23119.4,403674.7549990584,203856.54499981817,899965,448279.0,1.2467,79.79700000000003,101.99800000000003,0.01,0.01,0.01,0.01,0.01,0.01,0.01,0.01,93416.196,101123.496,93324.387,97518.537,4038.335000577965,-738533.1855360015,-3407.0,-370197.0,-22.201000000000008,214748.06800000533
2023-02-01,23119.5,23852.4,22747.0,23730.0,571356.7699990248,287158.8759995195,1276071,632286.0,1.0925,91.80200000000008,166.06099999999984,0.01,0.01,0.01,0.01,0.01,0.01,0.01,0.01,97518.537,100558.023,95510.448,100274.534,2960.9820000141626,-735572.2035359873,-11499.0,-381696.0,-74.25899999999976,214673.80900000533
2023-02-02,23730.1,24281.4,23365.0,23493.1,615728.156999955,304397.9919993046,1379588,688197.0,0.8332,191.41700000000012,150.6430000000002,0.01,0.01,0.01,0.01,0.01,0.01,0.01,0.01,100274.534,100666.382,96931.106,97798.206,-6932.173001345713,-742504.376537333,-3194.0,-384890.0,40.773999999999916,214714.58300000534
2023-02-03,23493.0,23719.9,23201.0,23424.7,470775.22799848276,232009.22499964235,1076790,542109.0,1.0076,87.61400000000017,92.93400000000014,0.01,0.01,0.01,0.01,0.01,0.01,0.01,0.01,97798.206,100907.13,96640.838,96641.073,-6756.777999198064,-749261.1545365311,7428.0,-377462.0,-5.319999999999965,214709.26300000533
2023-02-04,23424.7,23591.4,23250.0,23322.6,197115.44299974357,97922.83999999176,501684,255655.0,1.3105,49.69800000000005,40.30200000000001,0.01,0.01,0.01,0.01,0.01,0.01,0.01,0.01,96641.073,99699.142,95649.931,98604.731,-1269.7629997600452,-750530.9175362911,9626.0,-367836.0,9.396000000000043,214718.65900000534
2023-02-05,23322.6,23436.0,22741.0,22929.2,356661.4849991754,168475.1829998865,785981,390188.0,1.4015,105.59900000000012,49.24200000000003,0.01,0.01,0.01,0.01,0.01,0.01,0.01,0.01,98604.731,103618.215,98604.731,102608.5,-19711.118999402388,-770242.0365356934,-5605.0,-373441.0,56.357000000000085,214775.01600000533
2023-02-06,22929.3,23159.4,22600.0,22757.7,417096.1819990103,205620.10999978113,853315,426389.0,1.5893,118.28800000000015,84.33800000000008,0.01,0.01,0.01,0.01,0.01,0.01,0.01,0.01,102608.5,106077.301,101993.485,103065.563,-5855.9619994480745,-776097.9985351416,-537.0,-373978.0,33.950000000000074,214808.96600000534
2023-02-07,22757.8,23368.6,22742.4,23234.1,447236.6099989163,227805.19499972372,925881,461168.0,1.5361,64.42800000000001,126.2350000000001,0.01,0.01,0.01,0.01,0.01,0.01,0.01,0.01,103065.563,105508.947,100406.605,101400.645,8373.780000531173,-767724.2185346105,-3545.0,-377523.0,-61.80700000000009,214747.15900000534
2023-02-08,23234.1,23450.0,22662.9,22955.9,383456.4829991374,188186.300999867,770354,383662.0,1.3202,144.19300000000013,71.09799999999997,0.01,0.01,0.01,0.01,0.01,0.01,0.01,0.01,101400.645,107919.728,100456.574,104880.467,-7083.880999403424,-774808.0995340139,-3030.0,-380553.0,73.09500000000016,214820.25400000534
2023-02-09,22955.9,23007.8,21684.7,21793.4,732278.0440019352,352371.09599926183,1355235,669077.0,1.6137,389.8129999999999,114.95199999999997,0.01,0.01,0.01,0.01,0.01,0.01,0.01,0.01,104903.586,107969.79,98953.83,99785.86,-27535.852003411506,-802343.9515374254,-17081.0,-397634.0,274.8609999999999,215095.11500000535
2023-02-10,21793.3,21933.8,21405.0,21618.6,439935.52099896193,218362.89699976903,864349,434588.0,1.5157,77.70200000000006,130.16700000000012,0.01,0.01,0.007742,0.007742,0.01,0.01,0.01,0.01,99817.776,104399.603,99788.703,101858.939,-3209.726999423874,-805553.6785368493,4827.0,-392807.0,-52.46500000000006,215042.65000000535
2023-02-11,21618.5,21891.9,21594.4,21851.3,189244.21799983544,97136.25799996691,412435,210500.0,1.642,6.885999999999998,31.32500000000002,0.007684,0.01,0.004176,0.005343,0.007684,0.007684,0.005241,0.005241,101858.939,105340.241,101274.972,101867.6,5028.298000098381,-800525.3805367509,8565.0,-384242.0,-24.43900000000002,215018.21100000534
2023-02-12,21851.2,22080.9,21618.0,21771.1,276784.3639995091,137800.52999998233,589440,307377.0,1.7579,70.21800000000002,42.14800000000002,0.005343,0.01,2.6e-05,0.002098,0.005343,0.01,0.00227,0.00227,101867.6,102299.468,97795.827,98993.021,-1183.3039995444124,-801708.6845362952,25314.0,-358928.0,28.07,215046.28100000534
2023-02-13,21771.0,21888.0,21338.0,21766.2,511588.0469986335,254933.38599967107,960225,475797.0,1.751,375.6499999999987,163.17500000000015,0.002074,0.01,0.000633,0.01,0.002074,0.01,0.002074,0.01,98993.021,104515.517,98590.087,100152.329,-1721.274999291345,-803429.9595355866,-8631.0,-367559.0,212.47499999999857,215258.75600000535
2023-02-14,21766.1,22320.0,21485.2,22187.4,598670.2640000881,301608.9239995308,1150239,570340.0,1.6896,123.88700000000003,182.49599999999978,0.01,0.01,0.002187,0.002409,0.01,0.01,0.008887,0.008887,100152.329,104654.801,99090.121,103429.883,4547.583998973481,-798882.3755366132,-9559.0,-377118.0,-58.60899999999975,215200.14700000535
2023-02-15,22187.4,24420.0,22038.5,24332.6,824668.7690024438,438091.1069992024,1546763,774986.0,1.3315,81.96600000000002,304.7089999999993,0.002377,0.01,0.000955,0.01,0.002377,0.009071,0.002377,0.009071,103429.883,111736.505,101936.31,108655.889,51513.444995961036,-747368.9305406521,3209.0,-373909.0,-222.7429999999993,214977.40400000536
2023-02-16,24332.7,25290.0,23518.0,23526.6,959101.2920052437,475858.7509987581,2046515,1007808.0,0.9286,351.8540000000001,249.4530000000001,0.01,0.025877,0.01,0.01,0.01,0.023171,0.01,0.023171,108680.468,114884.447,106455.204,108403.072,-7383.7900077274535,-754752.7205483796,-30899.0,-404808.0,102.40100000000001,215079.80500000538
2023-02-17,23526.7,25043.2,23350.0,24581.5,922637.9330035894,466610.876998918,1974218,992866.0,0.7851,260.86899999999997,386.8679999999991,0.01,0.01,0.01,0.01,0.01,0.01,0.01,0.01,108299.898,110067.187,101936.885,107847.821,10583.820994246635,-744168.899554133,11514.0,-393294.0,-125.99899999999911,214953.80600000537
2023-02-18,24581.3,24887.5,24430.6,24636.9,261549.4139994472,130552.32599998513,727449,363989.0,0.8965,52.09599999999998,69.30100000000006,0.01,0.01,0.01,0.01,0.01,0.01,0.01,0.01,107854.721,110851.25,107639.778,110174.056,-444.76199947693385,-744613.6615536099,529.0,-392765.0,-17.205000000000076,214936.60100000538
2023-02-19,24636.8,25200.0,24179.4,24265.9,543492.9679987979,263714.86899952276,1179342,591586.0,0.9029,106.14900000000007,208.85300000000012,0.01,0.01,0.01,0.01,0.01,0.01,0.01,0.01,110174.711,116699.323,106924.786,106962.858,-16063.229999752366,-760676.8915533622,3830.0,-388935.0,-102.70400000000005,214833.89700000538
2023-02-20,24267.1,25140.0,23827.0,24849.9,645531.1470009243,325224.8859991958,1478516,743686.0,0.994,179.3320000000001,162.41800000000003,0.01,0.01,0.01,0.01,0.01,0.01,0.01,0.01,106977.072,114628.353,104369.239,111204.948,4918.624997467268,-755758.266555895,8856.0,-380079.0,16.914000000000073,214850.81100000537
2023-02-21,24849.9,25347.6,24150.0,24443.4,727985.627001958,357256.03099903534,1576574,788129.0,0.9357,266.7389999999998,242.896,0.01,0.01,0.01,0.01,0.01,0.01,0.01,0.01,111208.548,119454.528,108101.316,109683.314,-13473.565003887285,-769231.8315597823,-316.0,-380395.0,23.84299999999982,214874.65400000536
2023-02-22,24443.3,24468.5,23572.0,24171.3,729583.0800016087,351863.3139990396,1643764,820362.0,1.4231,322.2259999999997,188.69100000000006,0.01,0.01,0.01,0.01,0.01,0.01,0.01,0.01,109683.314,112481.839,105143.104,105258.41,-25856.452003529528,-795088.2835633118,-3040.0,-383435.0,133.53499999999966,215008.18900000537
2023-02-23,24171.3,24588.0,23590.0,23928.8,751334.4450023737,369785.550999106,1567174,785916.0,1.6882,236.7219999999997,198.53600000000006,0.01,0.01,0.003297,0.004978,0.01,0.01,0.003506,0.003631,105258.41,107926.566,103798.398,104264.607,-11763.343004161608,-806851.6265674734,4658.0,-378777.0,38.18599999999964,215046.37500000536
2023-02-24,23928.7,24138.6,22800.0,23175.6,731540.3700017529,350588.4559992073,1546661,774305.0,1.7685,283.21999999999906,141.54500000000013,0.004978,0.01,-0.004223,0.001219,0.004978,0.00544,0.004949,0.00544,104264.607,110398.856,103332.807,105788.577,-30363.45800333831,-837215.0845708117,1949.0,-376828.0,141.67499999999893,215188.05000000534
2023-02-25,23175.5,23210.5,22700.0,23146.2,309563.77599939844,151295.01799992865,748531,377211.0,2.1857,162.15499999999997,54.982000000000035,0.001219,0.0075,-0.00108,0.007378,0.001183,0.001183,-4.8e-05,-4.8e-05,105788.577,112455.841,105654.352,109621.677,-6973.73999954114,-844188.8245703529,5891.0,-370937.0,107.17299999999994,215295.22300000535
2023-02-26,23146.2,23675.0,23050.0,23545.3,371389.3089991103,189099.04999978968,848086,423670.0,2.059,72.72700000000005,117.78499999999995,0.007372,0.01,0.001324,0.008133,0.007372,0.007372,0.00276,0.006581,109621.677,110417.857,105787.212,106768.944,6808.791000469064,-837380.0335698838,-746.0,-371683.0,-45.05799999999991,215250.16500000536
2023-02-27,23545.2,23888.0,23088.0,23480.0,576731.6129992118,286675.9599994696,1230214,614464.0,1.8474,167.3579999999999,102.96700000000016,0.008144,0.009147,0.000554,0.003414,0.008144,0.008144,0.001196,0.006826,106768.944,108573.493,100295.046,100739.6,-3379.693000272615,-840759.7265701564,-1286.0,-372969.0,64.39099999999974,215314.55600000537
2023-02-28,23480.0,23592.8,23010.0,23129.6,456889.7009987416,221058.99199968964,987500,491298.0,1.8169,185.03100000000015,72.13500000000005,0.003414,0.006431,-0.00078,0.000224,0.003414,0.00595,0.001985,0.00595,100739.6,104602.151,100214.897,103324.964,-14771.71699936234,-855531.4435695187,-4904.0,-377873.0,112.8960000000001,215427.45200000537
2023-03-01,23129.7,24022.7,23008.4,23619.8,617237.735999696,314951.5089994175,1237215,615264.0,1.8514,264.066,173.1700000000001,0.000185,0.01,-0.000474,0.008612,0.000185,0.01,0.000185,0.01,103324.964,108532.152,102950.387,103708.807,12665.281999138999,-842866.1615703797,-6687.0,-384560.0,90.89599999999987,215518.34800000538
2023-03-02,23619.8,23790.5,23183.0,23457.1,419253.42299911194,206747.97899977127,864804,435255.0,1.6504,116.55200000000009,76.69100000000005,0.008612,0.01,0.007133,0.01,0.008612,0.008703,0.008395,0.008395,103708.807,110596.916,103375.156,108424.907,-5757.464999569405,-848623.6265699491,5706.0,-378854.0,39.86100000000005,215558.2090000054
2023-03-03,23457.1,23468.5,21883.2,22342.8,608492.9339999185,283458.2579995702,1243068,617060.0,1.9326,236.55299999999954,111.77800000000006,0.01,0.01,-0.005449,0.000537,0.01,0.01,-0.004203,-0.000226,108424.907,108707.507,99609.666,101615.513,-41576.41800077807,-890200.0445707272,-8948.0,-387802.0,124.77499999999948,215682.98400000538
2023-03-04,22342.8,22400.0,22147.5,22335.7,175301.94399986108,88098.57499996707,429817,214830.0,2.1786,83.52900000000004,23.524000000000008,0.00053,0.004427,-0.000553,0.001883,0.00053,0.003812,0.00053,0.002104,101615.513,101835.645,98307.817,99546.996,895.2060000730562,-889304.8385706542,-157.0,-387959.0,60.00500000000003,215742.9890000054
2023-03-05,22335.8,22650.0,22174.9,22419.4,282260.29499947483,143872.41699993945,590162,288694.0,2.0969,41.579,61.55,0.001874,0.005242,-0.000567,0.004066,0.001874,0.003706,0.000544,0.003706,99546.996,101304.474,96366.092,99444.75,5484.539000404067,-883820.2995702501,-12774.0,-400733.0,-19.970999999999997,215723.0180000054
2023-03-06,22419.3,22594.5,22240.1,22397.1,298955.7989995856,147055.10199994245,575008,281949.0,2.046,117.793,20.926000000000002,0.004054,0.007962,0.001226,0.001226,0.004054,0.00546,0.004054,0.005414,99444.75,107426.483,99003.971,103611.47,-4845.5949997007265,-888665.8945699509,-11110.0,-411843.0,96.867,215819.8850000054
2023-03-07,22397.1,22550.0,21908.0,22187.1,548472.0149991229,270666.5639997002,985190,491375.0,1.97,118.74500000000012,74.90400000000001,0.001173,0.005612,0.001,0.002956,0.001173,0.004375,0.001173,0.002631,103615.407,105138.113,101914.315,104658.7,-7138.88699972257,-895804.7815696734,-2440.0,-414283.0,43.84100000000011,215863.72600000538
2023-03-08,22187.1,22276.4,21540.5,21695.4,547859.8939992322,263509.29899967986,958379,474470.0,2.1656,176.0530000000002,66.08700000000002,0.002917,0.01,0.000116,0.01,0.002917,0.01,0.002917,0.01,104658.7,109681.289,103297.891,107107.949,-20841.2959998725,-916646.077569546,-9439.0,-423722.0,109.96600000000018,215973.69200000537
2023-03-09,21695.3,21823.0,20003.5,20348.3,951891.9020037102,451512.22799901466,1637215,817627.0,2.1496,360.53499999999957,121.72300000000003,0.01,0.01,-0.008822,-0.008822,0.01,0.01,0.01,0.01,107116.82,115515.378,98731.332,99050.216,-48867.44600568083,-965513.5235752268,-1961.0,-425683.0,238.81199999999956,216212.50400000537
2023-03-10,20348.4,20351.8,19521.6,20140.3,1238043.155003432,613411.4329997099,2148108,1075142.0,2.2196,448.7819999999982,325.3349999999992,-0.008895,0.003533,-0.013091,0.002392,-0.008895,0.000526,-0.008895,-0.001647,99050.216,101472.021,93896.173,96751.869,-11220.289004012244,-976733.812579239,2176.0,-423507.0,123.44699999999904,216335.95100000536
2023-03-11,20140.3,20674.5,19752.5,20447.3,753448.8520020022,385575.67599908286,1509983,765284.0,1.9525,270.6229999999999,357.96499999999907,0.002392,0.002392,-0.004317,0.000357,0.002364,0.002364,-0.002341,-0.002341,96751.869,97795.615,90194.188,92235.725,17702.499996163533,-959031.3125830755,20585.0,-402922.0,-87.34199999999919,216248.60900000535
2023-03-12,20447.3,22184.0,20262.2,21986.2,881500.215004664,462798.8309988228,1835772,929696.0,1.7181,148.13700000000003,293.5739999999997,0.000357,0.01,-0.004693,0.01,0.000376,0.009088,-0.004068,-0.004068,92169.747,97307.205,85834.667,87568.702,44097.4469929816,-914933.8655900939,23620.0,-379302.0,-145.4369999999997,216103.17200000535
2023-03-13,21986.2,24517.2,21804.0,24119.5,1534944.5409935454,792677.1360042625,3767349,1882566.0,1.4056,396.9369999999983,407.2859999999983,0.01,0.031377,0.001454,0.015295,0.01,0.01,0.006011,0.01,87568.314,100590.583,87568.314,99048.072,50409.73101497954,-864524.1345751144,-2217.0,-381519.0,-10.34899999999999,216092.82300000536
2023-03-14,24119.4,26489.9,23951.0,24682.5,1572527.8430010374,787275.927002075,4310091,2155227.0,0.8529,509.5899999999992,408.01899999999864,0.015042,0.043771,0.01,0.01,0.015042,0.029811,0.01,0.029811,99071.348,115078.557,95566.477,96712.294,2024.0110031126533,-862500.1235720017,363.0,-381156.0,101.57100000000054,216194.39400000536
2023-03-15,24682.5,25200.0,23888.0,24288.0,1101484.0390025934,549694.1759993716,2944878,1469848.0,1.0149,376.0049999999992,363.4749999999976,0.01,0.03403,0.01,0.01,0.01,0.024127,0.01,0.022126,96712.294,104788.13,92802.716,93299.95,-2095.6870038502384,-864595.8105758519,-5182.0,-386338.0,12.530000000001621,216206.92400000535
2023-03-16,24287.9,25167.9,24120.5,24990.4,735350.0690028833,368241.2899987544,1995281,994210.0,1.0585,127.00700000000016,185.18100000000018,0.01,0.01,0.003244,0.003285,0.01,0.01,0.01,0.01,93299.95,106780.657,93277.459,103835.365,1132.5109946255106,-863463.2995812264,-6861.0,-393199.0,-58.17400000000002,216148.75000000536
2023-03-17,24990.5,27763.4,24875.3,27384.0,1341024.6560030072,692648.2150008805,3631236,1815957.0,0.9501,235.20699999999994,384.4729999999992,0.003311,0.01,0.002003,0.01,0.003311,0.01,0.003311,0.01,103835.365,119035.454,102342.193,106755.163,44271.773998753866,-819191.5255824726,678.0,-392521.0,-149.26599999999928,215999.48400000535
2023-03-18,27383.9,27726.4,26555.5,26907.0,740225.474002155,362117.1769988464,2255126,1123439.0,0.787,278.3869999999995,186.24099999999973,0.01,0.01,0.01,0.01,0.01,0.01,0.01,0.01,106755.163,110165.856,102969.364,106578.016,-15991.120004462195,-835182.6455869348,-8248.0,-400769.0,92.14599999999976,216091.63000000536
2023-03-19,26907.0,28397.0,26815.9,27955.7,759357.4760029438,385920.00699880434,2209361,1115748.0,0.7074,114.88900000000002,179.60599999999994,0.01,0.01,0.01,0.01,0.01,0.01,0.01,0.01,106578.016,112980.644,106307.026,112007.179,12482.53799466486,-822700.1075922699,22135.0,-378634.0,-64.71699999999991,216026.91300000536
2023-03-20,27955.8,28483.2,27120.6,27704.1,937066.0810049532,463808.6749981784,2656846,1327511.0,0.7677,260.23799999999954,194.26599999999968,0.01,0.01,0.005795,0.008078,0.01,0.01,0.009081,0.01,112007.179,118943.393,107159.075,111135.418,-9448.731008596485,-832148.8386008664,-1824.0,-380458.0,65.97199999999987,216092.88500000536
2023-03-21,27704.1,28460.0,27288.0,28091.1,685469.2770023594,341201.06599869614,2135926,1063991.0,0.7712,140.6210000000001,192.57699999999988,0.008118,0.008498,-5e-05,0.000311,0.008118,0.008118,0.000292,0.000292,111135.418,116308.387,109498.861,110475.431,-3067.145004967111,-835215.9836058335,-7944.0,-388402.0,-51.95599999999979,216040.92900000536
2023-03-22,28091.1,28881.0,26590.0,27233.8,1078398.6330054405,535488.6869987708,3118910,1551509.0,0.7289,224.42699999999982,198.073,0.000268,0.01,-0.000614,0.000253,0.000268,0.005334,6e-06,0.005334,110475.431,115105.681,102247.201,102321.639,-7421.259007898858,-842637.2426137323,-15892.0,-404294.0,26.353999999999814,216067.28300000535
2023-03-23,27233.8,28777.0,27101.0,28284.1,807754.8720033229,411318.34399861575,2072914,1046342.0,0.8549,196.51999999999967,217.32700000000017,0.000248,0.01,-0.002679,0.01,0.000248,0.01,-0.00109,0.01,102321.639,108760.075,101359.373,104108.364,14881.81599390856,-827755.4266198238,19770.0,-384524.0,-20.8070000000005,216046.47600000535
2023-03-24,28284.0,28369.1,26960.0,27438.9,696029.2930005963,338180.12799915916,1923051,954911.0,0.7047,211.81799999999956,103.80200000000026,0.01,0.01,-0.008192,-0.000263,0.01,0.01,0.01,0.01,104108.364,107116.789,98025.189,98124.707,-19669.037002278026,-847424.4636221018,-13229.0,-397753.0,108.0159999999993,216154.49200000535
2023-03-25,27439.0,27788.0,27131.8,27447.3,335669.59899890976,166698.78299981845,996352,496744.0,0.9429,94.49700000000004,49.17700000000005,-0.00031,0.002543,-0.004432,8.8e-05,-0.00031,0.000425,-0.00031,0.000292,98124.707,100933.825,97090.065,97229.218,-2272.0329992728657,-849696.4966213747,-2864.0,-400617.0,45.31999999999999,216199.81200000536
2023-03-26,27447.2,28186.9,27400.0,27954.3,399736.4459988183,202576.23299970455,1037803,516002.0,0.9361,35.850000000000016,74.30900000000007,6.1e-05,0.005231,-0.003747,0.00288,6.1e-05,0.003634,-0.003326,0.003634,97229.218,103877.031,96961.355,102443.606,5416.020000590768,-844280.476620784,-5799.0,-406416.0,-38.45900000000005,216161.35300000536
2023-03-27,27954.2,28019.4,26480.0,27112.0,642420.3770004283,309884.0119992493,1680878,835496.0,0.8258,200.8379999999995,78.63500000000012,0.002905,0.006848,-0.003936,-0.00137,0.002905,0.002905,-0.000396,-0.000396,102443.606,105607.917,98585.628,98844.469,-22652.353001929703,-866932.8296227137,-9886.0,-416302.0,122.20299999999939,216283.55600000537
2023-03-28,27112.0,27500.0,26610.0,27249.7,585059.9249994738,292746.1489993442,1532331,766736.0,1.103,119.06500000000025,155.1260000000001,-0.001428,0.01,-0.002941,0.006117,-0.001428,0.007531,-0.001428,0.007531,98844.469,102794.139,98785.901,102253.782,432.37299921456724,-866500.4566234992,1141.0,-415161.0,-36.06099999999984,216247.49500000538
2023-03-29,27249.7,28649.9,27223.6,28338.5,655786.9630011341,336700.30099909386,1715456,852508.0,0.9701,62.99199999999998,170.43100000000004,0.006075,0.01,0.000149,0.007045,0.006075,0.01,0.006075,0.01,102253.782,110825.711,100364.387,109417.081,17613.63899705361,-848886.8176264456,-10440.0,-425601.0,-107.43900000000005,216140.05600000537
2023-03-30,28338.6,29184.8,27654.1,28015.0,770573.0140029266,380996.7079987858,2076213,1036556.0,0.6955,143.46200000000016,148.9770000000001,0.006987,0.01,-0.002907,-0.002694,0.006987,0.006987,0.001123,0.001123,109417.081,110068.868,101168.885,101867.159,-8579.598005355103,-857466.4156318007,-3101.0,-428702.0,-5.5149999999999295,216134.54100000535
2023-03-31,28015.0,28675.3,27500.0,28454.9,611539.2389998595,307750.8189992087,1633891,814070.0,0.9231,82.11900000000013,120.54100000000015,-0.002712,0.01,-0.004373,0.01,-0.002712,0.01,-0.002712,0.01,101867.159,108680.019,100342.328,107685.225,3962.398998557823,-853504.0166332428,-5751.0,-434453.0,-38.422000000000025,216096.11900000536
2023-04-01,28454.8,28845.3,28180.0,28443.8,256482.56299953174,127867.58899998093,766069,384256.0,0.7188,39.784999999999954,36.99900000000001,0.01,0.01,0.00398,0.004516,0.01,0.01,0.00884,0.00884,107674.377,108131.34,105550.812,105946.328,-747.3849995698838,-854251.4016328127,2443.0,-432010.0,2.7859999999999445,216098.90500000535
2023-04-02,28443.7,28516.5,27820.0,28161.2,316652.19499933545,153616.06599993704,899383,451248.0,0.7413,78.55600000000001,62.952000000000005,0.004527,0.008904,-0.000438,0.001746,0.004527,0.006893,0.004514,0.004514,105948.723,108376.795,103600.937,104922.317,-9420.06299946137,-863671.4646322741,3113.0,-428897.0,15.604000000000006,216114.50900000535
2023-04-03,28161.3,28540.0,27166.0,27786.1,741644.6970018323,362451.49899932655,1730151,862571.0,0.9209,175.99300000000008,187.0719999999999,0.001759,0.009066,-0.007302,-0.00608,0.001759,0.005688,-0.00124,0.005688,104921.756,105241.216,93673.471,94325.452,-16741.69900317921,-880413.1636354533,-5009.0,-433906.0,-11.078999999999809,216103.43000000535
2023-04-04,27786.1,28450.0,27650.2,28155.2,432348.4069988783,217881.0279996258,1233907,613355.0,1.0973,83.72700000000009,70.04299999999999,-0.006009,0.002794,-0.006063,0.002754,-0.006009,-0.001276,-0.006009,-0.001276,94326.54,100164.074,94195.776,97209.343,3413.6490003733197,-876999.51463508,-7197.0,-441103.0,13.684000000000097,216117.11400000536
2023-04-05,28155.1,28800.0,27775.0,28154.0,543649.3029989221,271910.39999944717,1458560,728502.0,0.8804,100.308,109.36700000000015,0.00276,0.01,-0.003823,0.001442,0.00276,0.008517,0.00276,0.005265,97209.343,102060.265,95183.089,96117.268,171.49699997226708,-876828.0176351077,-1556.0,-442659.0,-9.05900000000014,216108.05500000535
2023-04-06,28154.0,28175.0,27684.2,28022.8,355779.905999052,173227.2139998527,986275,492958.0,1.0602,88.02700000000007,44.358999999999995,0.001442,0.004112,-0.003758,0.000937,0.001442,0.003598,-0.002975,-0.002975,96117.268,101774.246,95961.086,98536.328,-9325.477999346564,-886153.4956344543,-359.0,-443018.0,43.66800000000008,216151.72300000535
2023-04-07,28022.9,28096.0,27755.0,27890.7,219248.26899962637,107601.99199998597,643180,323343.0,1.1436,27.792,16.345,0.001004,0.002289,-0.002367,0.000336,0.001004,0.001055,-0.001473,0.001055,98536.328,102616.784,98441.569,101973.738,-4044.2849996544246,-890197.7806341087,3506.0,-439512.0,11.447000000000003,216163.17000000534
2023-04-08,27890.7,28153.6,27850.1,27924.9,159129.09599990217,79060.82499996845,460081,223012.0,1.2341,25.71500000000001,15.003999999999996,0.000268,0.005398,-0.002439,0.000927,0.000268,0.003192,0.000268,0.003192,101970.648,102240.582,100963.393,101806.737,-1007.4459999652754,-891205.226634074,-14057.0,-453569.0,10.711000000000015,216173.88100000535
2023-04-09,27924.9,28539.1,27762.8,28309.4,305855.2849995095,156917.0569999228,726580,360444.0,1.2056,27.50200000000002,62.123999999999995,0.00095,0.01,-0.003721,0.01,0.00095,0.00095,-0.000904,-0.000853,101807.555,103984.467,99106.763,103684.385,7978.82900033606,-883226.3976337379,-5692.0,-459261.0,-34.62199999999997,216139.25900000535
2023-04-10,28309.4,29840.0,28153.6,29623.1,580045.4789998535,307100.8209996272,1334854,669762.0,0.9033,62.06600000000003,237.6199999999995,0.01,0.01,0.006167,0.01,0.01,0.01,0.006167,0.006167,103684.385,121989.015,103310.424,118583.37,34156.16299940087,-849070.234634337,4670.0,-454591.0,-175.55399999999946,215963.70500000534
2023-04-11,29623.1,30564.0,29573.9,30185.1,628930.1790001256,320917.5909994602,1507861,750739.0,0.6044,132.71400000000008,205.05399999999977,0.01,0.01,0.008744,0.00959,0.01,0.01,0.01,0.01,118583.37,119483.997,111908.288,114087.513,12905.002998794778,-836165.2316355422,-6383.0,-460974.0,-72.33999999999969,215891.36500000535
2023-04-12,30185.1,30480.0,29620.0,29875.0,563651.439999431,274092.11699963297,1406402,705809.0,0.641,111.00500000000021,107.94900000000011,0.009582,0.01,0.000278,0.00666,0.009582,0.009582,0.001747,0.001747,114087.513,115356.069,110981.481,113825.963,-15467.206000165083,-851632.4376357073,5216.0,-455758.0,3.056000000000097,215894.42100000536
2023-04-13,29874.9,30648.9,29836.7,30362.7,436155.71999834286,221096.53399958575,1154763,571938.0,0.8031,44.138999999999996,87.32700000000006,0.006665,0.01,-0.000119,-0.000106,0.006665,0.01,0.004427,0.01,113825.963,116690.34,110724.105,112053.991,6037.348000828642,-845595.0896348787,-10887.0,-466645.0,-43.18800000000006,215851.23300000536
2023-04-14,30362.7,31059.0,29925.0,30453.1,584654.5429994953,290522.453999197,1549883,774195.0,0.6841,180.5209999999999,179.90199999999996,-0.000113,0.01,-0.005752,-0.005071,-0.000113,0.01,-0.000113,0.00342,112053.991,112204.527,99680.288,99957.155,-3609.6350011012983,-849204.72463598,-1493.0,-468138.0,0.6189999999999429,215851.85200000537
2023-04-15,30453.0,30599.9,30186.0,30280.4,180233.21499957022,88235.77299994485,617941,321814.0,0.8685,20.031999999999975,15.335,-0.004975,0.01,-0.005037,0.007144,-0.004975,0.01,-0.004975,0.01,99957.155,102065.304,99693.25,101319.124,-3761.6689996805217,-852966.3936356605,25687.0,-442451.0,4.696999999999974,215856.54900000535
2023-04-16,30280.4,30560.0,30102.0,30286.6,210224.28099957018,104890.36599996996,660401,327854.0,0.8706,35.298999999999985,144.304,0.007144,0.01,0.00704,0.01,0.007144,0.01,0.007144,0.01,101319.124,102257.453,99746.715,100077.651,-443.548999630264,-853409.9426352908,-4693.0,-447144.0,-109.00500000000002,215747.54400000535
2023-04-17,30286.6,30307.4,29219.9,29420.0,455421.6509985025,216355.37699958397,1128410,571555.0,0.9631,148.61200000000017,35.501,0.01,0.01,0.00267,0.004649,0.01,0.01,0.007376,0.01,100077.651,102048.089,97334.918,100617.888,-22710.896999334567,-876120.8396346254,14700.0,-432444.0,113.11100000000016,215860.65500000535
2023-04-18,29420.1,30480.0,29078.1,30365.8,533142.5789983346,268605.13599934726,1347160,675097.0,1.2784,168.63899999999995,265.72099999999966,0.004683,0.01,-0.002241,0.01,0.004683,0.006772,-0.00051,0.006772,100617.888,101321.732,97872.517,99077.679,4067.6930003599264,-872053.1466342654,3034.0,-429410.0,-97.08199999999971,215763.57300000536
2023-04-19,30365.9,30410.0,28557.3,28795.1,643778.9810002266,304855.1299991063,1764110,875586.0,0.9739,209.15700000000027,68.37800000000003,0.01,0.01,-0.004659,0.008579,0.01,0.01,-8.1e-05,-8.1e-05,99077.679,102813.272,94466.389,96417.718,-34068.721002014005,-906121.8676362794,-12938.0,-442348.0,140.77900000000022,215904.35200000537
2023-04-20,28795.0,29078.0,27983.0,28229.9,639003.0700006792,312260.8449987932,1803062,908034.0,1.5497,182.59999999999994,113.53900000000002,0.008579,0.01,0.003234,0.006372,0.008579,0.008579,0.003668,0.005898,96417.718,100708.825,96156.668,99071.822,-14481.38000309281,-920603.2476393722,13006.0,-429342.0,69.06099999999992,215973.41300000536
2023-04-21,28229.9,28368.9,27100.0,27252.5,687694.765999926,335309.23999997997,1736560,870281.0,1.8531,208.92600000000007,109.46200000000012,0.006297,0.01,0.006013,0.01,0.006297,0.01,0.006297,0.01,99071.822,106254.526,99071.822,102377.215,-17076.285999966087,-937679.5336393383,4002.0,-425340.0,99.46399999999996,216072.87700000536
2023-04-22,27252.6,27888.0,27126.0,27807.2,345545.9269999972,176881.14599998473,908827,467078.0,1.7609,36.64300000000001,64.56000000000006,0.01,0.01,-0.000346,0.003703,0.01,0.01,0.00209,0.00209,102377.215,107243.284,102377.215,104767.34,8216.364999972284,-929463.168639366,25329.0,-400011.0,-27.91700000000005,216044.96000000538
2023-04-23,27807.2,27807.3,27279.7,27576.0,332071.1279999902,162382.29399998765,929918,467835.0,2.0139,67.75000000000006,50.05399999999998,0.003768,0.006384,-0.000543,0.004691,0.003768,0.003768,0.001376,0.002369,104767.34,106634.48,103068.809,103424.45,-7306.54000001488,-936769.708639381,5752.0,-394259.0,17.696000000000076,216062.65600000537
2023-04-24,27575.9,28000.0,26919.3,27497.5,581261.7500000185,286924.18299998296,1479089,735818.0,1.7925,142.4620000000002,231.78399999999996,0.004679,0.006619,0.001602,0.005098,0.004679,0.004679,0.00263,0.00263,103424.45,106428.981,101302.738,102573.044,-7413.3840000525815,-944183.0926394336,-7453.0,-401712.0,-89.32199999999978,215973.3340000054
2023-04-25,27497.4,28379.9,27176.6,28286.7,508213.26099999517,262423.56499999645,1303953,658487.0,1.8137,49.433000000000085,140.22700000000012,0.005066,0.01,0.004041,0.00439,0.005066,0.008541,0.005066,0.008541,102573.044,104456.614,100312.883,101865.374,16633.868999997736,-927549.2236394358,13021.0,-388691.0,-90.79400000000004,215882.5400000054
2023-04-26,28286.7,30048.2,27200.0,28395.9,1284772.0379999983,646334.8479999929,2963080,1472141.0,1.4722,357.0509999999996,348.13899999999876,0.004346,0.01,-0.003317,0.002518,0.004346,0.01,0.001686,0.01,101865.374,109129.243,89902.384,92530.626,7897.657999987481,-919651.5656394484,-18798.0,-407489.0,8.91200000000083,215891.4520000054
2023-04-27,28396.0,29898.0,28365.3,29459.0,952456.5849999984,482250.3499999902,2622910,1313051.0,1.3975,155.38100000000009,264.3179999999991,0.002518,0.01,0.001834,0.01,0.002518,0.005769,0.002518,0.003265,92530.626,99839.881,89652.336,99128.749,12044.114999981946,-907607.4506394664,3192.0,-404297.0,-108.93699999999899,215782.5150000054
2023-04-28,29459.0,29591.1,28870.0,29300.0,508294.3809999972,251867.3049999911,1453498,728758.0,0.935,54.92500000000001,77.50900000000014,0.01,0.01,-5e-06,8.6e-05,0.01,0.01,0.004476,0.004476,99128.749,103612.097,98931.006,100399.453,-4559.7710000150255,-912167.2216394814,4018.0,-400279.0,-22.58400000000013,215759.9310000054
2023-04-29,29300.0,29443.9,29000.4,29212.7,218005.76699999327,106968.3419999966,673528,345915.0,1.0509,16.669999999999995,26.80800000000001,3.7e-05,0.01,-0.000371,0.003152,3.7e-05,0.007826,3.7e-05,0.007826,100399.453,103423.173,100036.386,100323.919,-4069.0830000000715,-916236.3046394815,18302.0,-381977.0,-10.138000000000016,215749.7930000054
2023-04-30,29212.7,29950.0,29067.4,29223.0,417756.403999998,209512.538999994,1158149,582692.0,1.0964,75.08700000000005,173.3139999999997,0.003132,0.007717,0.002429,0.002429,0.003132,0.006078,0.003132,0.006078,100323.919,105287.136,98481.435,98481.435,1268.6739999899874,-914967.6306394915,7235.0,-374742.0,-98.22699999999966,215651.56600000538
2023-05-01,29223.0,29325.5,27650.0,28054.4,624971.8509999957,299959.9319999929,1723347,862291.0,1.0964,346.4549999999992,84.42199999999995,0.002435,0.009697,-0.006505,0.000968,0.002435,0.002435,-0.00637,0.000566,98481.435,104338.554,95110.677,101951.274,-25051.98700000986,-940019.6176395013,1235.0,-373507.0,262.0329999999992,215913.59900000537
2023-05-02,28054.5,28888.0,27854.0,28656.5,513525.95399999886,261228.21099999617,1451979,729743.0,1.6774,64.91000000000003,108.86599999999997,0.000968,0.008568,-0.000342,0.008568,0.000968,0.006135,0.000968,0.001204,101951.274,107138.949,101146.1,101412.375,8930.467999993474,-931089.1496395079,7507.0,-366000.0,-43.955999999999946,215869.64300000537
2023-05-03,28656.4,29258.4,28080.0,29018.4,676370.8410000012,342434.86599999364,1898744,945640.0,1.3116,108.42600000000006,134.98000000000013,0.008568,0.01,0.003853,0.01,0.008568,0.008568,0.005435,0.005701,101412.375,101899.015,94879.212,96975.364,8498.890999986092,-922590.2586395218,-7464.0,-373464.0,-26.554000000000073,215843.08900000536
2023-05-04,29018.4,29380.0,28660.0,28826.0,426425.5829999935,210626.6359999902,1282065,635005.0,1.1566,53.94200000000003,44.95600000000003,0.01,0.01,0.001701,0.003708,0.01,0.01,0.004314,0.004314,96975.364,103421.802,96919.842,101258.783,-5172.311000013142,-927762.5696395349,-12055.0,-385519.0,8.985999999999997,215852.07500000537
2023-05-05,28826.0,29667.0,28618.3,29491.5,564687.9010000109,288593.4099999915,1627032,810300.0,1.2065,59.792000000000044,228.81999999999965,0.003731,0.01,0.001789,0.01,0.003731,0.009909,0.003731,0.008548,101258.783,106851.312,99039.187,105092.193,12498.918999972055,-915263.6506395629,-6432.0,-391951.0,-169.02799999999962,215683.04700000538
2023-05-06,29491.5,29840.0,28333.0,28837.8,475628.7679999984,230364.3279999908,1372024,693857.0,0.8498,144.83300000000006,73.84599999999999,0.01,0.01,0.003979,0.004321,0.01,0.01,0.01,0.01,105092.193,105662.349,98016.89,98695.386,-14900.112000016787,-930163.7626395796,15690.0,-376261.0,70.98700000000007,215754.03400000537
2023-05-07,28837.9,29137.0,28370.0,28419.4,308410.3749999945,150881.5409999933,1003052,507025.0,1.3998,63.784000000000006,47.434000000000005,0.004321,0.007486,0.000727,0.000727,0.004321,0.006046,0.004047,0.006046,98695.386,100704.236,97704.963,100024.99,-6647.293000007921,-936811.0556395876,10998.0,-365263.0,16.35,215770.38400000538
2023-05-08,28419.5,28624.6,27250.0,27659.8,658141.9779999994,317451.04999999393,1873272,947857.0,1.3491,291.88499999999965,106.46300000000012,0.00072,0.00777,-0.004596,0.005099,0.00072,0.003902,0.000407,0.003902,100039.174,106700.057,99490.662,105639.116,-23239.87800001155,-960050.9336395991,22442.0,-342821.0,185.4219999999995,215955.80600000537
2023-05-09,27659.8,27815.6,27316.8,27610.2,367633.90699998965,184373.2499999876,1115788,561751.0,2.1918,74.11500000000001,65.749,0.00511,0.009563,0.000329,0.003851,0.00511,0.006841,0.000378,0.000378,105639.116,111341.843,105122.954,108501.249,1112.592999985558,-958938.3406396136,7714.0,-335107.0,8.366000000000014,215964.17200000538
2023-05-10,27610.2,28297.0,26666.6,27582.9,720992.0699999955,357185.2799999907,2092558,1045289.0,2.1114,221.9069999999997,360.1299999999992,0.003752,0.01,-0.007608,0.00158,0.003752,0.004785,0.003752,0.003792,108499.18,109442.275,100861.549,101866.581,-6621.510000014096,-965559.8506396277,-1980.0,-337087.0,-138.2229999999995,215825.94900000538
2023-05-11,27583.0,27630.0,26688.8,26956.4,538822.3079999953,263065.06199999264,1562989,781011.0,1.9656,168.45900000000023,67.31500000000003,0.001596,0.009586,0.001596,0.003675,0.001596,0.006926,0.001596,0.005207,101866.581,110064.824,101367.384,108759.582,-12692.18400001002,-978252.0346396377,-967.0,-338054.0,101.1440000000002,215927.09300000538
2023-05-12,26956.4,27090.0,25751.0,26785.1,615233.137999997,300294.5049999926,1720599,863613.0,2.0544,168.9499999999997,146.1180000000001,0.003633,0.008641,-9.2e-05,-1e-05,0.003633,0.003964,0.002762,0.002762,108759.582,113410.896,106832.225,106886.179,-14644.128000011784,-992896.1626396495,6627.0,-331427.0,22.831999999999596,215949.92500000537
2023-05-13,26785.2,27051.5,26674.9,26762.7,242694.92899999066,122878.74199999134,766902,375314.0,2.0741,40.743,26.628999999999998,-1e-05,0.007883,-0.000164,0.001715,-1e-05,0.005385,-1e-05,0.004494,106886.179,109062.428,105548.348,107539.647,3062.5549999920186,-989833.6076396574,-16274.0,-347701.0,14.114000000000004,215964.03900000537
2023-05-14,26762.8,27200.0,26557.0,26901.9,247578.91299998818,126373.63699998676,752929,380228.0,1.8289,31.205000000000023,44.599999999999994,0.001715,0.00541,0.001091,0.004452,0.001715,0.003537,0.001715,0.003537,107539.647,109288.019,105995.195,107812.678,5168.360999985336,-984665.2466396721,7527.0,-340174.0,-13.394999999999971,215950.64400000538
2023-05-15,26901.9,27650.0,26694.4,27152.5,450263.07199997857,225840.5519999829,1242353,613319.0,1.8019,58.83500000000002,85.04600000000015,0.004407,0.008649,-0.003095,0.008642,0.004407,0.004407,-0.001576,-0.00019,107815.121,108892.039,106434.005,107244.877,1418.031999987259,-983247.2146396849,-15715.0,-355889.0,-26.211000000000126,215924.43300000537
2023-05-16,27152.5,27284.7,26832.0,27024.8,373096.2039999904,183963.75499997538,1066755,537987.0,1.58,54.33100000000004,52.70300000000001,0.008642,0.009938,0.002399,0.008371,0.00866,0.00866,0.003165,0.0058,107244.877,109797.745,104693.015,108802.156,-5168.694000039657,-988415.9086397246,9219.0,-346670.0,1.6280000000000285,215926.06100000537
2023-05-17,27024.7,27500.0,26527.5,27395.8,490064.3860000005,247030.69999999242,1265796,632655.0,1.7218,74.77700000000006,167.17699999999982,0.008392,0.01,0.003731,0.01,0.008392,0.008392,0.004461,0.004461,108802.156,112909.108,107201.6,107824.646,3997.0139999843086,-984418.8946397402,-486.0,-347156.0,-92.39999999999976,215833.66100000538
2023-05-18,27395.7,27482.7,26335.3,26809.3,544942.2719999977,265332.91099998885,1380631,689814.0,1.5361,142.95700000000016,87.64500000000007,0.01,0.01,0.000342,0.002716,0.01,0.01,0.008342,0.008342,107824.646,110295.773,104394.896,104901.35,-14276.450000019977,-998695.3446397602,-1003.0,-348159.0,55.3120000000001,215888.97300000538
2023-05-19,26809.4,27180.0,26611.2,26870.1,324026.4399999817,160915.27399998397,908888,460435.0,2.0855,83.43400000000005,48.06999999999999,0.002716,0.006931,0.00117,0.00533,0.002716,0.004474,0.002716,0.003815,104875.21,106671.529,104119.282,104121.328,-2195.8920000137878,-1000891.2366397739,11982.0,-336177.0,35.36400000000006,215924.33700000538
2023-05-20,26870.1,27144.4,26813.5,27089.5,137515.32299999523,71584.5969999995,461962,231459.0,1.956,7.732999999999998,18.831999999999994,0.005313,0.00705,-0.001009,0.004792,0.005313,0.005313,-0.000849,-0.000849,104121.245,106198.692,103775.832,104806.25,5653.871000003768,-995237.3656397702,956.0,-335221.0,-11.098999999999997,215913.2380000054
2023-05-21,27089.6,27288.0,26642.0,26732.8,238776.1179999833,114149.33899999934,635300,320405.0,1.8345,45.41300000000003,8.494000000000003,0.004776,0.009051,0.002991,0.002991,0.004776,0.007262,0.004776,0.005071,104862.705,107202.617,103945.786,106076.589,-10477.439999984636,-1005714.8056397547,5510.0,-329711.0,36.919000000000025,215950.1570000054
2023-05-22,26732.8,27097.8,26500.0,26840.2,327716.96799998765,166128.17399997555,838398,421501.0,1.9904,69.1950000000001,59.30700000000001,0.003019,0.01,-0.001956,0.01,0.003019,0.00477,0.00021,0.00477,106089.706,109557.14,105048.149,105283.767,4539.37999996345,-1001175.4256397913,4604.0,-325107.0,9.888000000000098,215960.0450000054
2023-05-23,26840.2,27527.5,26782.6,27209.9,369160.4149999844,188434.24799998535,941055,461650.0,1.9291,40.949999999999974,78.25700000000005,0.01,0.01,0.01,0.01,0.01,0.01,0.01,0.01,105272.975,106088.059,103167.691,105003.969,7708.080999986327,-993467.3446398049,-17755.0,-342862.0,-37.30700000000007,215922.7380000054
2023-05-24,27209.9,27212.9,26060.0,26313.8,535167.7380000126,254296.82499998866,1291522,653644.0,1.4752,175.64000000000004,87.01500000000003,0.01,0.01,-0.000727,0.005858,0.01,0.01,0.002067,0.004362,105001.524,115908.951,103326.439,114971.524,-26574.088000035263,-1020041.4326398402,15766.0,-327096.0,88.62500000000001,216011.3630000054
2023-05-25,26313.9,26644.0,25850.0,26461.8,394312.29899999,198827.34399998357,942790,463840.0,2.6114,156.94399999999982,67.33099999999997,0.00582,0.01,0.005787,0.01,0.00582,0.01,0.00582,0.01,114976.809,117927.749,110963.795,111996.094,3342.388999977149,-1016699.043639863,-15110.0,-342206.0,89.61299999999984,216100.9760000054
2023-05-26,26461.7,26925.0,26313.9,26689.9,324475.0449999979,164118.27799998428,856258,419058.0,2.1726,40.752000000000024,64.38,0.01,0.01,0.002661,0.007146,0.01,0.01,0.004953,0.004953,111996.834,112059.816,106056.274,106126.339,3761.510999970662,-1012937.5326398923,-18142.0,-360348.0,-23.62799999999997,216077.3480000054
2023-05-27,26689.8,26890.0,26528.6,26841.6,163525.63099998859,83335.25799999529,494155,251821.0,1.5947,18.498000000000008,26.802999999999997,0.007146,0.01,0.006991,0.00988,0.007146,0.008564,0.007146,0.007362,106130.022,109128.855,106103.913,108501.613,3144.8850000019884,-1009792.6476398903,9487.0,-350861.0,-8.304999999999989,216069.04300000542
2023-05-28,26841.6,28252.8,26746.0,28055.7,440109.92999999813,234221.3279999907,1079841,522912.0,1.6767,24.822000000000003,163.38099999999994,0.00988,0.01,0.005806,0.01,0.00988,0.01,0.00988,0.01,108582.138,114607.994,106481.93,111095.997,28332.72599998326,-981459.921639907,-34017.0,-384878.0,-138.55899999999994,215930.4840000054
2023-05-29,28055.8,28442.0,27513.5,27722.0,411290.0589999891,203499.66599998626,1015692,507723.0,1.2041,122.35100000000013,116.77400000000011,0.01,0.01,0.006255,0.006255,0.01,0.01,0.01,0.01,111097.311,113213.789,108841.23,111675.043,-4290.727000016603,-985750.6486399237,-246.0,-385124.0,5.577000000000012,215936.0610000054
2023-05-30,27722.1,28038.6,27530.0,27680.1,334379.1329999859,163458.3049999862,922333,457258.0,1.368,78.12500000000001,63.63200000000005,0.006187,0.00913,0.001392,0.00232,0.006187,0.009036,0.003861,0.003861,111693.182,112301.763,110246.281,111178.567,-7462.523000013491,-993213.1716399372,-7817.0,-392941.0,14.492999999999967,215950.5540000054
2023-05-31,27680.0,27825.0,26826.0,27201.1,471381.8889999918,226645.1939999878,1120721,566208.0,1.4402,115.35600000000012,71.08200000000001,0.002344,0.01,0.002087,0.002087,0.002344,0.009865,0.002344,0.009865,111172.066,114108.457,108195.597,111661.002,-18091.50100001623,-1011304.6726399534,11695.0,-381246.0,44.274000000000115,215994.8280000054
2023-06-01,27201.1,27347.9,26600.0,26805.3,404779.67699999746,198128.6939999899,990122,503684.0,2.2808,94.18900000000005,45.21500000000003,0.002096,0.01,0.001499,0.004735,0.002096,0.01,0.002096,0.01,111656.021,115315.326,108682.463,113533.675,-8522.289000017685,-1019826.9616399711,17246.0,-364000.0,48.97400000000002,216043.80200000538
2023-06-02,26805.4,27290.0,26477.6,27227.8,390884.91199999116,194504.64199998364,993558,489533.0,2.3979,42.294999999999995,91.83300000000001,0.00477,0.01,0.00477,0.007411,0.00477,0.009946,0.00477,0.009946,113492.253,114671.043,112389.108,112596.793,-1875.6280000238912,-1021702.589639995,-14492.0,-378492.0,-49.53800000000002,215994.26400000538
2023-06-03,27227.8,27340.2,26900.0,27054.9,182464.1159999921,89636.34899999607,511626,260931.0,2.0497,31.909000000000002,11.129000000000003,0.00742,0.01,0.004083,0.00485,0.00742,0.01,0.005566,0.005566,112599.371,114543.671,111986.184,114458.288,-3191.417999999947,-1024894.007639995,10236.0,-368256.0,20.78,216015.04400000538
2023-06-04,27054.9,27460.0,26935.3,27102.4,218270.56599999496,111311.48199999052,564286,276061.0,2.0257,22.024000000000004,30.333000000000006,0.00485,0.01,0.004514,0.01,0.00485,0.01,0.00485,0.01,114458.57,115193.482,108709.779,108783.298,4352.397999986075,-1020541.6096400089,-12164.0,-380420.0,-8.309000000000001,216006.73500000537
2023-06-05,27102.4,27125.0,25360.1,25714.7,700502.4970000124,327803.60799998714,1670206,831129.0,1.9036,478.5419999999994,88.85700000000006,0.01,0.01,-0.00735,-0.007178,0.01,0.01,0.007856,0.007856,108804.04,121128.61,108804.04,119538.069,-44895.28100003814,-1065436.890640047,-7948.0,-388368.0,389.6849999999994,216396.42000000537
2023-06-06,25714.6,27358.1,25321.6,27221.5,730808.3010000016,379066.7019999932,1736508,875903.0,3.2212,81.51100000000017,229.96099999999996,-0.007157,0.01,-0.007194,0.01,-0.007157,0.004288,-0.007157,0.004288,119515.818,122513.812,108846.525,109365.864,27325.102999984752,-1038111.7876400622,15298.0,-373070.0,-148.4499999999998,216247.97000000536
2023-06-07,27221.5,27394.4,26111.0,26325.9,660019.8640000205,323606.3569999908,1675971,837620.0,1.5967,290.2259999999993,143.53700000000003,0.01,0.01,0.003853,0.005504,0.01,0.01,0.004005,0.004005,109409.972,110474.669,102960.034,103184.786,-12807.150000038906,-1050918.9376401012,-731.0,-373801.0,146.68899999999928,216394.65900000537
2023-06-08,26326.0,26800.0,26195.4,26485.9,327978.79799999204,163164.93999998723,924511,463168.0,2.0066,69.07600000000002,46.450000000000024,0.005504,0.006969,7.7e-05,0.006616,0.005504,0.005504,0.00309,0.004011,103192.773,106454.748,103152.874,103394.468,-1648.9180000175838,-1052567.8556401187,1825.0,-371976.0,22.625999999999998,216417.28500000536
2023-06-09,26486.0,26775.0,26236.0,26468.1,283654.5489999862,141886.1479999866,800306,397893.0,2.0912,40.693000000000005,65.64,0.006588,0.01,0.004295,0.00874,0.006588,0.007916,0.004404,0.004404,103400.438,104574.101,101459.967,102597.688,117.74699998699361,-1052450.1086401318,-4520.0,-376496.0,-24.946999999999996,216392.33800000537
2023-06-10,26468.2,26525.0,25300.0,25826.6,608917.4520000017,294119.9939999838,1664200,830823.0,1.9869,276.57699999999943,369.72599999999983,0.008702,0.01,0.001148,0.004483,0.008702,0.008702,0.002417,0.003854,102606.551,108339.317,97025.372,101898.638,-20677.46400003403,-1073127.5726401657,-2554.0,-379050.0,-93.1490000000004,216299.18900000537
2023-06-11,25826.6,26199.0,25621.3,25909.9,279365.36499999854,139779.82999999353,833690,418703.0,2.775,53.428,56.13500000000001,0.00445,0.01,0.002768,0.008758,0.00445,0.005925,0.003197,0.005925,101961.401,103209.768,99090.262,99327.181,194.2949999885168,-1072933.2776401772,3716.0,-375334.0,-2.707000000000015,216296.48200000537
2023-06-12,25910.0,26097.7,25600.0,25894.8,298900.15299999167,149288.30799998774,951804,478258.0,2.3267,49.54299999999999,55.13899999999997,0.00866,0.01,0.001767,0.01,0.00866,0.00866,0.003065,0.003624,99324.96,102773.583,98773.493,102410.652,-323.5370000161929,-1073256.8146401932,4712.0,-370622.0,-5.595999999999975,216290.88600000538
2023-06-13,25894.8,26430.5,25708.0,25918.0,434535.89899999136,218491.21699998787,1235535,612471.0,2.3146,95.40200000000009,65.86200000000007,0.01,0.01,0.002296,0.002489,0.01,0.01,0.00618,0.006503,102403.175,103828.676,100252.943,103326.892,2446.5349999843747,-1070810.279640209,-10593.0,-381215.0,29.54000000000002,216320.4260000054
2023-06-14,25918.0,26099.3,24796.8,25115.9,464681.5890000015,221420.45199999594,1256031,633193.0,2.3389,79.63000000000004,61.237,0.002438,0.00811,-0.003579,-0.003267,0.002438,0.003661,0.002438,0.003661,103360.715,104800.452,99494.043,103673.762,-21840.685000009602,-1092650.9646402185,10355.0,-370860.0,18.393000000000036,216338.8190000054
2023-06-15,25115.9,25750.0,24777.0,25586.1,473878.00799999776,237686.20899999197,1237978,624632.0,3.0371,95.84800000000003,91.98400000000014,-0.003265,0.01,-0.003341,0.003916,-0.003265,0.006687,-0.003265,0.006687,103734.672,111999.051,103734.672,104074.776,1494.4099999861792,-1091156.5546402324,11286.0,-359574.0,3.8639999999998906,216342.6830000054
2023-06-16,25586.0,26526.9,25142.1,26336.0,532891.5450000099,274478.41599999205,1339094,661418.0,2.33,53.83900000000002,136.00200000000007,0.003971,0.009889,-0.001805,0.009868,0.003971,0.003971,0.000236,0.000236,104086.797,107118.407,102492.028,104680.356,16065.286999974167,-1075091.2676402582,-16258.0,-375832.0,-82.16300000000004,216260.5200000054
2023-06-17,26335.9,26900.0,26170.8,26508.9,305737.9739999902,156474.93699999008,871627,432025.0,1.3057,25.797000000000004,34.73100000000001,0.009868,0.01,0.003034,0.003706,0.009868,0.01,0.007543,0.007543,104680.598,105696.112,101316.698,103280.026,7211.899999989953,-1067879.3676402683,-7577.0,-383409.0,-8.934000000000005,216251.5860000054
2023-06-18,26508.8,26709.4,26230.9,26329.7,241596.43999999453,119569.82799999183,728357,366662.0,1.4096,32.32699999999999,18.06699999999999,0.003706,0.01,0.003706,0.007038,0.003706,0.008233,0.003706,0.006705,103268.119,107193.296,102983.058,104260.003,-2456.78400001087,-1070336.1516402792,4967.0,-378442.0,14.260000000000002,216265.8460000054
2023-06-19,26329.6,27077.0,26241.2,26828.5,400529.6959999946,203791.9989999956,1078197,538523.0,1.3063,141.40300000000002,64.29300000000003,0.00704,0.01,0.003284,0.004365,0.00704,0.00704,0.00369,0.00369,104238.559,110500.866,103803.953,109052.033,7054.301999996591,-1063281.8496402826,-1151.0,-379593.0,77.10999999999999,216342.9560000054
2023-06-20,26828.6,28397.8,26633.9,28290.6,758175.8929999978,395771.9469999914,1962402,977072.0,1.2707,227.34999999999977,167.312,0.00435,0.006568,-0.006439,0.006357,0.00435,0.00435,-0.002597,-0.002597,109061.211,122075.098,108675.119,121455.675,33368.00099998503,-1029913.8486402975,-8258.0,-387851.0,60.037999999999755,216402.9940000054
2023-06-21,28290.7,30822.0,28236.4,29988.5,1123474.3649999886,581214.6340000087,3056832,1532708.0,0.809,141.6839999999999,398.6659999999983,0.006295,0.01,0.0017,0.01,0.006295,0.01,0.002551,0.002551,121479.206,126284.373,115264.97,116976.698,38954.903000028804,-990958.9456402687,8584.0,-379267.0,-256.9819999999984,216146.0120000054
2023-06-22,29988.5,30488.0,29500.1,29875.0,561017.7869999992,277231.9859999849,1755029,875744.0,0.7816,99.08600000000004,96.5530000000001,0.01,0.01,0.00804,0.01,0.01,0.01,0.009236,0.009236,117011.701,118842.222,114116.156,117898.139,-6553.815000029397,-997512.7606402981,-3541.0,-382808.0,2.5329999999999444,216148.5450000054
2023-06-23,29875.0,31500.0,29792.0,30673.4,699069.059000009,356072.56299999263,2150102,1089488.0,0.7167,91.56099999999996,196.61599999999964,0.01,0.01,0.008138,0.01,0.01,0.01,0.01,0.01,117893.725,123197.73,114960.223,114960.223,13076.06699997629,-984436.6936403218,28874.0,-353934.0,-105.05499999999968,216043.4900000054
2023-06-24,30673.5,30796.5,30222.0,30524.2,279537.97699999635,137316.18199999022,1051817,527096.0,0.7696,54.18799999999995,212.47799999999995,0.01,0.01,0.01,0.01,0.01,0.01,0.01,0.01,114891.779,115355.913,112810.804,113490.005,-4905.613000015903,-989342.3066403377,2375.0,-351559.0,-158.29,215885.2000000054
2023-06-25,30524.2,31053.2,30252.6,30458.0,301533.0660000019,149888.47399999213,1072330,535129.0,0.8423,82.82200000000016,107.24700000000011,0.01,0.01,0.01,0.01,0.01,0.01,0.01,0.01,113473.889,116303.051,113215.633,113873.822,-1756.1180000176537,-991098.4246403554,-2072.0,-353631.0,-24.424999999999955,215860.7750000054
2023-06-26,30458.0,30667.3,29890.1,30260.1,415099.3279999922,203410.60099999013,1375106,692479.0,0.9354,113.19800000000019,95.22300000000013,0.01,0.01,0.01,0.01,0.01,0.01,0.01,0.01,113881.878,116942.374,112136.216,114993.091,-8278.126000011922,-999376.5506403673,9852.0,-343779.0,17.975000000000065,215878.7500000054
2023-06-27,30260.1,30998.5,30213.0,30683.2,406062.1609999928,203319.96999998737,1319815,658944.0,1.0247,46.666999999999966,91.8680000000001,0.01,0.01,0.008081,0.01,0.01,0.01,0.01,0.01,114992.085,117878.176,114529.969,116051.546,577.7789999819361,-998798.7716403854,-1927.0,-345706.0,-45.20100000000013,215833.5490000054
2023-06-28,30683.2,30701.8,29804.6,30066.3,416655.62499999366,201232.85399998887,1193866,590196.0,0.9194,137.9670000000001,55.82300000000006,0.01,0.01,0.003891,0.006574,0.01,0.01,0.004598,0.004598,116044.188,116398.934,110057.852,112194.524,-14189.917000015907,-1012988.6886404012,-13474.0,-359180.0,82.14400000000003,215915.6930000054
2023-06-29,30066.3,30837.0,30036.1,30439.9,382028.9759999823,193789.76299998426,1053882,524405.0,1.1151,34.10400000000001,109.33100000000009,0.006574,0.01,0.006574,0.01,0.006574,0.01,0.006574,0.01,112217.424,120267.688,112039.864,118219.701,5550.549999986193,-1007438.138640415,-5072.0,-364252.0,-75.22700000000007,215840.4660000054
2023-06-30,30439.9,31300.0,29500.0,30460.2,809266.570000017,399164.97399998654,1954717,976130.0,0.8997,141.12800000000018,216.66499999999974,0.01,0.01,0.01,0.01,0.01,0.01,0.01,0.01,118222.989,125425.035,105367.732,105968.31,-10936.622000043862,-1018374.7606404589,-2457.0,-366709.0,-75.53699999999955,215764.9290000054
2023-07-01,30460.2,30668.2,30311.3,30573.6,135520.2299999896,67492.2499999887,490710,249049.0,1.0929,12.227999999999993,17.186999999999994,0.01,0.01,0.01,0.01,0.01,0.01,0.01,0.01,105963.919,109501.116,105246.524,109284.828,-535.730000012205,-1018910.4906404711,7388.0,-359321.0,-4.959000000000001,215759.97000000539
2023-07-02,30573.6,30800.0,30149.9,30612.7,231865.38199998546,114886.63600000019,620490,316131.0,0.9968,37.11200000000002,52.14599999999999,0.01,0.01,0.01,0.01,0.01,0.01,0.01,0.01,109343.376,110383.832,107088.412,108566.695,-2092.109999985085,-1021002.6006404562,11772.0,-347549.0,-15.033999999999963,215744.93600000537
2023-07-03,30612.7,31395.2,30559.4,31149.0,370292.5379999941,190651.25599998678,958950,471098.0,0.9861,33.83599999999999,80.71600000000004,0.01,0.01,0.01,0.01,0.01,0.01,0.01,0.01,108570.713,120513.513,108561.488,117966.718,11009.97399997944,-1009992.6266404768,-16754.0,-364303.0,-46.880000000000045,215698.05600000537
2023-07-04,31149.0,31319.4,30600.0,30756.1,300832.0879999938,146764.55899998843,796711,397801.0,0.759,64.40699999999998,20.144000000000016,0.01,0.01,0.01,0.01,0.01,0.01,0.01,0.01,118000.872,120090.057,113754.063,114033.641,-7302.970000016969,-1017295.5966404937,-1109.0,-365412.0,44.26299999999996,215742.31900000537
2023-07-05,30756.1,30875.2,30175.8,30488.4,294836.51899999246,142132.91599999386,791658,395456.0,0.9234,74.96700000000003,40.248000000000026,0.01,0.01,0.008172,0.01,0.01,0.01,0.01,0.01,114039.058,114661.202,111271.914,112591.077,-10570.68700000475,-1027866.2836404985,-746.0,-366158.0,34.719,215777.03800000538
2023-07-06,30488.4,31568.0,29818.0,29874.4,721265.3080000133,352480.4019999843,1610306,811625.0,1.0986,195.1979999999999,115.37000000000012,0.01,0.01,-0.001279,0.000834,0.01,0.01,0.001492,0.001492,112607.735,125065.074,102815.432,103098.425,-16304.504000044777,-1044170.7876405433,12944.0,-353214.0,79.82799999999978,215856.8660000054
2023-07-07,29874.3,30443.6,29680.0,30327.9,337768.86399999063,167588.0049999826,924745,468110.0,1.3111,41.74900000000001,44.20200000000004,0.000698,0.005528,-0.003485,0.003777,0.000698,0.004221,-0.000658,-0.000658,103167.841,103580.85,101284.356,103526.162,-2592.854000025429,-1046763.6416405687,11475.0,-341739.0,-2.4530000000000314,215854.41300000538
2023-07-08,30328.0,30380.0,30026.8,30269.3,138734.49099999573,69726.47699998792,466069,239906.0,1.2769,36.369,10.764999999999993,0.003757,0.006173,0.000609,0.005737,0.003757,0.003757,0.001686,0.001686,103545.103,104200.217,101944.221,103599.986,718.4629999801109,-1046045.1786405887,13743.0,-327996.0,25.604000000000006,215880.01700000538
2023-07-09,30269.2,30443.4,30042.0,30147.8,162296.0479999897,78952.84699999596,531376,252567.0,1.3223,26.786999999999995,18.738000000000003,0.005737,0.008017,-0.002182,-0.002182,0.005707,0.006821,0.005707,0.006153,103585.91,104921.257,101861.78,102142.001,-4390.35399999778,-1050435.5326405864,-26242.0,-354238.0,8.048999999999992,215888.06600000538
2023-07-10,30147.8,31040.0,29928.8,30396.9,429112.2819999911,215576.2139999949,1117376,562290.0,1.337,65.58399999999997,113.91400000000002,-0.002182,0.01,-0.003138,0.00801,-0.002182,0.00485,-0.002182,0.002995,102238.135,114373.644,101475.591,106065.484,2040.1459999987273,-1048395.3866405876,7204.0,-347034.0,-48.33000000000004,215839.7360000054
2023-07-11,30396.9,30804.9,30261.4,30608.4,298904.21499999316,149847.07799998522,883283,430908.0,1.0794,32.415000000000006,68.86000000000006,0.00801,0.008943,0.001189,0.007041,0.00801,0.008265,0.003954,0.003954,106046.916,108303.84,105526.105,108002.932,789.9409999772906,-1047605.4456406103,-21467.0,-368501.0,-36.44500000000005,215803.29100000538
2023-07-12,30608.3,30980.5,30186.0,30368.9,425056.2589999954,210414.19399999027,1159164,572268.0,0.9798,68.243,32.96600000000003,0.007041,0.009965,-0.001573,-0.001147,0.007041,0.007041,0.00465,0.00465,107993.734,114766.17,107571.007,111144.946,-4227.871000014886,-1051833.3166406252,-14628.0,-383129.0,35.276999999999965,215838.56800000538
2023-07-13,30368.9,31850.0,30233.0,31441.7,696020.879999993,357741.79299999645,1735990,875014.0,1.2401,111.86000000000011,280.2100000000002,-0.001147,0.01,-0.007563,0.01,-0.001135,0.00612,-0.001135,0.000529,111114.871,118183.304,108525.94,111380.872,19462.70599999989,-1032370.6106406254,14038.0,-369091.0,-168.35000000000008,215670.21800000538
2023-07-14,31441.6,31640.0,29876.6,30293.3,538282.6829999979,254773.319999994,1497019,748017.0,0.7781,175.80100000000004,63.26300000000005,0.01,0.01,-0.007313,-0.007313,0.01,0.01,0.01,0.01,111380.284,112291.771,96063.366,101193.253,-28736.043000009842,-1061106.6536406353,-985.0,-370076.0,112.538,215782.75600000538
2023-07-15,30293.4,30380.0,30220.2,30276.4,111622.07099999354,53712.19199998739,440267,235342.0,1.6518,12.600999999999997,7.882000000000002,-0.007313,0.004733,-0.008062,0.001965,-0.007313,0.003007,-0.007313,0.002984,101272.51,101573.738,99976.492,100111.951,-4197.687000018748,-1065304.340640654,30417.0,-339659.0,4.718999999999995,215787.4750000054
2023-07-16,30276.5,30441.6,30050.0,30216.8,173805.83699999136,84384.25699998913,550800,277728.0,1.5873,38.69500000000001,27.104000000000006,0.001965,0.008195,0.001927,0.002794,0.001993,0.007772,0.001993,0.004583,100116.929,102119.103,99458.12,100935.132,-5037.323000013101,-1070341.6636406672,4656.0,-335003.0,11.591000000000001,215799.06600000538
2023-07-17,30216.9,30329.7,29630.0,30126.1,344113.06799999834,166025.10599999825,954414,469194.0,1.5974,209.6420000000001,64.84400000000004,0.002794,0.006929,-0.002226,0.003986,0.002785,0.006278,0.002785,0.006261,100943.571,107457.149,100943.571,104803.616,-12062.856000001833,-1082404.519640669,-16026.0,-351029.0,144.79800000000006,215943.8640000054
2023-07-18,30126.0,30227.5,29400.0,29845.6,337396.20999998925,163290.31999998755,962375,485957.0,1.7709,75.03800000000007,44.86799999999999,0.003983,0.01,0.003983,0.01,0.003983,0.007477,0.003983,0.007477,104837.969,109931.954,104748.167,106822.541,-10815.570000014151,-1093220.089640683,9539.0,-341490.0,30.17000000000008,215974.0340000054
2023-07-19,29845.7,30178.5,29745.0,29895.5,298357.9469999993,147819.0009999875,833931,417663.0,1.896,55.97299999999999,50.028000000000006,0.01,0.01,0.002661,0.002661,0.01,0.01,0.005224,0.00769,106819.373,107518.079,104408.666,104806.924,-2719.9450000242796,-1095940.0346407073,1395.0,-340095.0,5.944999999999986,215979.9790000054
2023-07-20,29895.5,30420.0,29468.8,29791.0,410256.55399998795,200645.498999989,1039998,525222.0,1.8629,68.06999999999996,59.02700000000002,0.002652,0.01,0.000413,0.002926,0.002652,0.009641,0.002652,0.005563,104805.401,110374.138,102779.162,109713.21,-8965.556000009936,-1104905.5906407172,10446.0,-329649.0,9.042999999999942,215989.0220000054
2023-07-21,29791.0,30056.2,29705.9,29891.4,221144.01799998956,108699.52799999322,629352,317990.0,2.1027,23.56099999999998,29.999,0.002926,0.006114,0.000566,0.002211,0.002877,0.003717,0.000777,0.003717,109729.053,110505.651,106406.678,106634.713,-3744.9620000031136,-1108650.5526407203,6628.0,-323021.0,-6.43800000000002,215982.58400000542
2023-07-22,29891.5,29986.0,29602.2,29783.5,143376.17599999535,70822.30299998776,427363,225981.0,1.8114,25.45500000000001,8.863999999999995,0.002195,0.008564,-0.002355,0.002908,0.002195,0.002195,0.000177,0.000177,106648.19,107793.263,104774.244,105660.114,-1731.5700000198267,-1110382.1226407401,24599.0,-298422.0,16.591000000000015,215999.1750000054
2023-07-23,29783.5,30368.2,29718.9,30070.8,224713.60499999285,117355.8839999849,590893,283268.0,1.8466,60.741,55.80400000000002,0.002908,0.01,0.002908,0.01,0.002908,0.01,0.002908,0.009372,105655.794,105655.794,100340.267,100351.704,9998.16299997695,-1100383.9596407632,-24357.0,-322779.0,4.936999999999976,216004.1120000054
2023-07-24,30070.9,30091.7,28830.0,29163.8,434026.28199999087,207948.07699998392,1046184,535491.0,1.51,97.13900000000014,46.82799999999999,0.01,0.01,0.001629,0.007738,0.01,0.01,0.004338,0.01,100347.428,112426.508,100117.308,111780.574,-18130.128000023018,-1118514.0876407863,24798.0,-297981.0,50.31100000000015,216054.4230000054
2023-07-25,29163.7,29379.5,29033.0,29216.3,196436.96499998792,100296.86199999652,551840,276573.0,2.1556,19.647999999999993,26.847999999999995,0.007702,0.01,0.005529,0.009468,0.007702,0.009465,0.006913,0.009465,111757.589,112567.332,107892.362,108310.56,4156.759000005113,-1114357.328640781,1306.0,-296675.0,-7.200000000000003,216047.22300000538
2023-07-26,29216.2,29670.5,29083.0,29336.0,318527.4699999943,160070.51099998824,795719,409033.0,1.9481,59.564,56.56600000000001,0.009451,0.01,0.003132,0.003136,0.009451,0.01,0.005768,0.005768,108303.481,109825.602,104190.276,109254.774,1613.5519999821554,-1112743.776640799,22347.0,-274328.0,2.9979999999999905,216050.22100000537
2023-07-27,29336.0,29558.4,29065.5,29209.7,223358.75599999764,111527.56099999537,599589,296729.0,1.5484,49.354000000000006,11.059999999999995,0.003136,0.008501,0.000826,0.00435,0.003136,0.00383,0.002876,0.002876,109268.394,112631.882,108362.295,109907.267,-303.6340000068885,-1113047.4106408057,-6131.0,-280459.0,38.29400000000001,216088.51500000537
2023-07-28,29209.8,29535.7,29112.8,29299.9,221293.81099999222,112236.73599999964,576036,284091.0,1.6795,26.66200000000001,34.20500000000001,0.004373,0.01,0.00261,0.01,0.004373,0.01,0.004373,0.01,109912.266,111011.65,107648.18,107957.293,3179.661000007065,-1109867.7496407987,-7854.0,-288313.0,-7.543000000000003,216080.97200000536
2023-07-29,29300.0,29397.9,29237.5,29339.1,87045.45499999261,44062.993999990205,313438,166065.0,1.505,4.681,7.878000000000002,0.01,0.01,0.004006,0.008175,0.01,0.01,0.004567,0.00753,107973.426,110231.864,107584.426,108184.735,1080.5329999878013,-1108787.216640811,18692.0,-269621.0,-3.197000000000002,216077.77500000538
2023-07-30,29339.1,29442.5,29006.0,29271.1,169901.2289999979,83278.73299999622,460556,225723.0,1.5562,41.939,20.986000000000008,0.008151,0.009174,0.001002,0.002369,0.008151,0.008151,0.004357,0.004357,108197.026,109495.011,105742.248,106297.752,-3343.7630000054487,-1112130.9796408163,-9110.0,-278731.0,20.952999999999992,216098.7280000054
2023-07-31,29271.2,29525.8,29100.0,29220.8,230371.68399999008,115571.67999998813,605167,310160.0,1.6392,35.20900000000002,24.56700000000002,0.002369,0.01,0.002369,0.006286,0.002369,0.008239,0.002369,0.008239,106301.217,110529.008,104695.99,108881.563,771.6759999861824,-1111359.30364083,15153.0,-263578.0,10.641999999999996,216109.37000000538
2023-08-01,29220.8,29735.0,28550.0,29701.2,442328.3409999925,221882.27399998912,987917,505928.0,1.8466,56.54299999999997,195.32500000000005,0.0063,0.01,0.002776,0.01,0.0063,0.01,0.0063,0.01,108888.434,112356.136,105849.926,108737.34,1436.206999985734,-1109923.0966408444,23939.0,-239639.0,-138.78200000000007,215970.58800000537
2023-08-02,29701.2,30059.9,28906.3,29170.1,491725.4559999887,238648.68599998998,1125359,560812.0,1.694,115.59100000000001,87.50900000000009,0.01,0.01,0.01,0.01,0.01,0.01,0.01,0.01,109064.962,114616.048,109064.962,112350.923,-14428.084000008763,-1124351.180640853,-3735.0,-243374.0,28.081999999999923,215998.67000000537
2023-08-03,29170.2,29440.0,28955.4,29180.2,251916.72099999248,123425.04199999553,655547,330998.0,1.9994,40.97700000000002,51.11499999999998,0.01,0.01,0.005989,0.008118,0.01,0.01,0.01,0.01,112339.404,114523.334,111572.311,111572.311,-5066.637000001414,-1129417.8176408545,6449.0,-236925.0,-10.137999999999963,215988.53200000536
2023-08-04,29180.1,29323.8,28780.0,29101.1,229393.57399999202,111252.6219999971,589412,299406.0,1.8935,55.77300000000001,16.477999999999998,0.008116,0.01,0.003346,0.004181,0.008116,0.01,0.008116,0.01,111503.511,114878.088,110647.178,114692.265,-6888.329999997804,-1136306.1476408523,9400.0,-227525.0,39.295000000000016,216027.82700000537
2023-08-05,29101.1,29145.0,28960.0,29057.7,82508.31199999421,40766.76199999376,339310,167892.0,2.1776,20.45300000000001,8.883,0.004181,0.01,0.003842,0.01,0.004181,0.01,0.004181,0.01,114697.838,114911.503,112600.771,112647.226,-974.7880000066943,-1137280.935640859,-3526.0,-231051.0,11.570000000000011,216039.39700000538
2023-08-06,29057.7,29199.0,28978.5,29075.9,103077.43999999325,51455.484999994376,366147,178781.0,2.1676,14.488,15.313000000000002,0.01,0.01,0.008381,0.01,0.01,0.01,0.01,0.01,112646.48,112649.978,110301.745,111134.656,-166.4700000044977,-1137447.4056408633,-8585.0,-239636.0,-0.8250000000000028,216038.57200000537
2023-08-07,29075.9,29274.5,28682.3,29202.7,297053.0299999989,148474.98799999218,742489,365228.0,2.1338,90.62900000000002,57.35399999999999,0.01,0.01,0.007273,0.01,0.01,0.01,0.007669,0.01,111148.668,114773.775,110372.486,111607.402,-103.05400001455564,-1137550.4596408778,-12033.0,-251669.0,33.27500000000003,216071.84700000536
2023-08-08,29202.6,30250.0,29132.4,29759.0,459080.0419999986,240153.78299999566,1039189,513791.0,2.0111,36.495,239.41099999999992,0.01,0.01,0.00076,0.008084,0.01,0.01,0.005944,0.005944,111604.476,125788.023,110348.79,124074.784,21227.5239999927,-1116322.935640885,-11607.0,-263276.0,-202.9159999999999,215868.93100000537
2023-08-09,29758.9,30149.7,29362.0,29572.8,361934.8759999921,178515.55999998856,830582,407930.0,1.0338,73.09499999999998,36.88400000000003,0.00811,0.01,0.005237,0.01,0.00811,0.009527,0.00811,0.008877,124104.198,128427.998,117524.498,117868.514,-4903.756000014953,-1121226.6916409,-14722.0,-277998.0,36.210999999999956,215905.14200000538
2023-08-10,29572.9,29729.8,29303.7,29443.7,234497.46499998585,115218.99799999864,601373,298466.0,1.4004,29.55699999999999,17.528000000000002,0.01,0.01,0.005394,0.01,0.01,0.01,0.008277,0.008277,117868.06,119601.278,117581.233,118605.371,-4059.468999988574,-1125286.1606408886,-4441.0,-282439.0,12.02899999999999,215917.1710000054
2023-08-11,29443.7,29565.1,29220.0,29415.5,178991.87299997848,88378.66400000134,424379,214104.0,1.6434,19.893,9.892,0.01,0.01,0.006434,0.01,0.01,0.01,0.007123,0.007123,118605.106,119998.901,117733.228,118242.329,-2234.5449999757984,-1127520.7056408643,3829.0,-278610.0,10.001000000000001,215927.17200000538
2023-08-12,29415.5,29470.0,29360.0,29420.7,51595.417999987214,25997.129000006385,212616,113320.0,1.8241,1.7149999999999994,11.025,0.01,0.01,0.007121,0.01,0.01,0.01,0.009305,0.009305,118240.822,118251.363,117154.219,117195.555,398.84000002555695,-1127121.8656408389,14024.0,-264586.0,-9.31,215917.86200000538
2023-08-13,29420.8,29463.0,29256.6,29293.3,84190.5049999941,40100.62000000286,285682,140450.0,1.8604,39.98900000000001,11.833999999999998,0.01,0.01,0.004077,0.01,0.01,0.01,0.004637,0.01,117198.064,117310.988,114281.515,114746.915,-3989.2649999883724,-1131111.1306408271,-4782.0,-269368.0,28.155000000000015,215946.01700000538
2023-08-14,29293.3,29686.7,29070.0,29419.5,295035.300999984,147796.67399997087,641206,324139.0,1.9797,119.91100000000003,51.66100000000001,0.01,0.01,0.009451,0.01,0.01,0.01,0.01,0.01,114794.014,115395.391,106656.775,107363.632,558.0469999577035,-1130553.0836408695,7072.0,-262296.0,68.25000000000003,216014.26700000538
2023-08-15,29419.5,29492.1,29050.0,29188.8,191289.95499998683,92794.86999999669,481440,244954.0,1.9308,65.55400000000002,13.677999999999997,0.01,0.01,0.00613,0.01,0.01,0.01,0.01,0.01,107374.999,114213.827,107163.792,114166.518,-5700.214999993448,-1136253.298640863,8468.0,-253828.0,51.87600000000002,216066.14300000537
2023-08-16,29188.9,29257.4,28705.1,28714.4,280543.51899999444,133681.9829999948,662146,334360.0,2.1888,112.72900000000007,14.464999999999991,0.01,0.01,0.01,0.01,0.01,0.01,0.01,0.01,114174.08,118245.392,113400.68,117032.769,-13179.553000004846,-1149432.851640868,6574.0,-247254.0,98.26400000000008,216164.40700000536
2023-08-17,28714.4,28775.9,24581.0,26609.7,868476.9019999912,404827.8949999889,2162776,1071874.0,2.3921,773.5659999999993,258.59199999999987,0.01,0.01,0.006677,0.01,0.01,0.01,0.01,0.01,117039.717,121893.829,106483.248,106483.248,-58821.11200001335,-1208253.9636408812,-19028.0,-266282.0,514.9739999999995,216679.38100000535
2023-08-18,26609.7,26818.0,25600.0,26042.1,522371.2799999916,254129.41799999215,1479224,737503.0,2.2352,191.352,134.8450000000002,0.01,0.01,-0.000619,-0.000274,0.01,0.01,-4.6e-05,0.005166,106481.159,106496.242,95773.142,95774.298,-14112.444000007294,-1222366.4076408886,-4218.0,-270500.0,56.506999999999806,216735.88800000536
2023-08-19,26042.0,26269.4,25783.4,26088.3,202219.06699998226,97242.82899999579,621526,306746.0,2.1596,61.06200000000004,47.85800000000001,-0.000274,0.000882,-0.009016,-0.003134,-0.000274,-0.000274,-0.005286,-0.005286,95783.677,95867.86,87531.559,87643.112,-7733.408999990672,-1230099.8166408793,-8034.0,-278534.0,13.204000000000029,216749.09200000536
2023-08-20,26088.4,26285.0,25948.5,26175.9,141089.84999999122,69192.18399999442,446558,217454.0,2.5149,24.262000000000008,22.544999999999998,-0.003069,0.000425,-0.00526,-0.002797,-0.003069,-0.000193,-0.004364,-0.000193,87641.991,90416.739,87271.355,89721.393,-2705.4820000023756,-1232805.2986408817,-11650.0,-290184.0,1.7170000000000094,216750.80900000536
2023-08-21,26175.9,26280.0,25800.0,26115.4,232479.37799998777,113404.57099999509,671912,340548.0,2.51,102.61700000000005,38.92099999999999,-0.002797,0.006467,-0.003476,-0.000308,-0.002797,0.000816,-0.002797,-0.001619,89722.243,91753.107,89378.788,91006.081,-5670.235999997589,-1238475.5346408794,9184.0,-281000.0,63.696000000000055,216814.50500000536
2023-08-22,26115.4,26128.2,25280.0,26044.4,313112.7459999949,154599.1350000005,834626,412434.0,2.2331,81.541,53.40200000000005,-0.000308,0.00682,-0.003571,0.000772,-0.000308,0.003048,-0.001928,0.003048,90991.367,92706.744,86514.267,87077.675,-3914.4759999939124,-1242390.0106408733,-9758.0,-290758.0,28.138999999999946,216842.64400000536
2023-08-23,26044.5,26806.0,25800.0,26419.2,412968.6439999893,209030.82699998564,1067864,541389.0,2.4807,107.6620000000001,269.9569999999998,0.000739,0.005199,-0.00503,-0.002896,0.000739,0.003247,-0.00102,0.003247,87060.581,90388.726,83412.169,83906.151,5093.009999981965,-1237297.0006408915,14914.0,-275844.0,-162.29499999999973,216680.34900000534
2023-08-24,26419.2,26568.3,25835.0,26164.6,286734.50799998804,142041.58599999122,769676,381878.0,1.9691,87.49399999999997,26.938,-0.002822,0.005944,-0.002822,-0.000647,-0.002822,0.0049,-0.002822,0.0049,83908.201,87901.136,83304.088,85603.694,-2651.336000005598,-1239948.3366408972,-5920.0,-281764.0,60.55599999999997,216740.90500000535
2023-08-25,26164.6,26300.0,25754.4,26051.7,274800.1819999812,136218.5249999849,760642,384131.0,2.4819,102.0890000000001,46.29400000000002,-0.000659,0.006706,-0.000855,0.003794,-0.000659,0.005218,-0.000659,0.005218,85608.084,87534.552,84072.404,84132.139,-2363.13200001145,-1242311.4686409086,7620.0,-274144.0,55.79500000000008,216796.70000000537
2023-08-26,26051.7,26129.4,25969.0,26004.3,63925.86199997982,31589.486000006236,250462,130509.0,2.3795,1.211,4.382999999999998,0.003794,0.006298,-0.000138,0.00015,0.00382,0.005334,0.002096,0.002096,84139.114,85782.434,82905.262,85656.574,-746.8899999673449,-1243058.358640876,10556.0,-263588.0,-3.171999999999998,216793.52800000538
2023-08-27,26004.3,26173.6,25955.6,26087.7,86505.39799999906,43815.98899999564,336477,164678.0,2.3344,8.585,20.333999999999996,9.9e-05,0.004797,-0.000371,-0.000371,9.9e-05,0.003976,9.9e-05,0.001232,85647.829,87378.294,85427.209,86573.463,1126.579999992231,-1241931.7786408837,-7121.0,-270709.0,-11.748999999999995,216781.77900000536
2023-08-28,26087.6,26244.6,25850.4,26106.5,219961.33099998723,109257.14699999649,625735,310233.0,2.3201,37.966999999999985,45.442,-0.000395,0.005409,-0.001755,0.0008,-0.000395,0.004524,-0.000395,0.004524,86579.854,89439.338,85459.061,86262.877,-1447.0369999942486,-1243378.815640878,-5269.0,-275978.0,-7.475000000000016,216774.30400000536
2023-08-29,26106.5,28168.0,25905.2,27700.1,700232.3660000025,359110.88599999197,1847440,922477.0,2.3411,143.96200000000002,198.121,0.000824,0.00676,-0.012295,0.004894,0.000824,0.003769,-0.010934,-0.010934,86266.54,94788.504,86190.583,92243.814,17989.40599998145,-1225389.4096408966,-2486.0,-278464.0,-54.15899999999999,216720.14500000534
2023-08-30,27700.1,27758.2,26950.0,27290.4,315285.3819999814,153651.2739999754,933104,455274.0,1.181,75.10000000000005,33.28400000000002,0.004868,0.007022,0.001533,0.002946,0.004868,0.005731,0.003944,0.003944,92304.566,92338.302,88767.585,89216.003,-7982.834000030591,-1233372.2436409271,-22556.0,-301020.0,41.81600000000003,216761.96100000534
2023-08-31,27290.5,27674.3,25617.8,25928.0,502906.1459999922,242515.0489999911,1358001,668506.0,1.5038,141.58800000000005,46.988,0.002909,0.009878,0.001775,0.002561,0.002909,0.008105,0.002909,0.008105,89227.962,90600.777,81219.337,82453.631,-17876.04800001002,-1251248.291640937,-20989.0,-322009.0,94.60000000000005,216856.56100000534
2023-09-01,25928.0,26151.6,25312.0,25795.6,361184.9199999848,180488.70999998855,1056900,540518.0,2.2415,121.20900000000002,92.47600000000008,0.002583,0.008947,0.002057,0.004983,0.002583,0.006254,0.002583,0.006254,82470.577,86726.283,81946.889,83658.891,-207.5000000076834,-1251455.7916409448,24136.0,-297873.0,28.732999999999933,216885.29400000535
2023-09-02,25795.6,25975.0,25740.6,25855.8,107642.863999993,53671.501999993954,388631,186192.0,2.4423,25.457000000000008,19.16100000000001,0.004998,0.006494,-0.002813,0.004831,0.004998,0.004998,-0.002018,-0.002018,83643.397,84617.559,80478.406,80657.541,-299.86000000509375,-1251755.6516409498,-16247.0,-314120.0,6.295999999999999,216891.59000000535
2023-09-03,25855.8,26135.2,25777.0,25962.1,133016.83199999982,66887.10699998998,458683,233912.0,2.3278,16.675,21.994999999999997,0.004831,0.005822,-0.000632,0.002639,0.004839,0.004839,0.000235,0.00289,80653.449,82084.657,80209.65,80412.001,757.3819999801344,-1250998.2696409696,9141.0,-304979.0,-5.319999999999997,216886.27000000534
2023-09-04,25962.1,26099.3,25610.0,25814.0,173133.98499998817,84092.42499999507,537893,266255.0,2.2468,50.014999999999986,30.99300000000001,0.002639,0.004991,-0.001085,5.3e-05,0.00269,0.00269,-0.001059,-0.001059,80420.988,82568.923,80169.689,81031.689,-4949.13499999803,-1255947.4046409675,-5383.0,-310362.0,19.021999999999977,216905.29200000534
2023-09-05,25814.0,25900.0,25531.2,25779.7,186472.40899997833,93147.20799999595,559369,278835.0,2.3852,42.517,33.36200000000001,5.3e-05,0.004874,-0.002182,0.001756,5.3e-05,0.003366,5.3e-05,0.003366,81028.976,85543.073,80624.628,83814.558,-177.99299998642527,-1256125.397640954,-1699.0,-312061.0,9.154999999999994,216914.44700000534
2023-09-06,25779.7,26052.0,25326.0,25747.4,250838.49899998456,124180.6090000024,716800,362939.0,2.4686,73.81100000000005,46.433000000000014,0.001737,0.00571,-0.002957,0.00383,0.001737,0.002135,-0.002763,0.002135,83823.908,87848.998,83013.682,83242.983,-2477.280999979761,-1258602.6786409337,9078.0,-302983.0,27.378000000000036,216941.82500000534
2023-09-07,25747.4,26451.0,25602.3,26240.7,257279.32099999348,132904.11399999965,713697,358520.0,2.6075,26.385999999999992,81.1340000000001,0.00383,0.007293,-0.001444,-0.001444,0.00383,0.006924,0.00383,0.006924,83237.697,86406.793,81350.595,82788.59,8528.907000005827,-1250073.771640928,3343.0,-299640.0,-54.748000000000104,216887.07700000535
2023-09-08,26240.7,26437.5,25630.0,25899.8,249263.823999974,121837.5039999966,711318,340745.0,1.9913,47.027000000000015,30.061000000000007,-0.001525,0.001521,-0.00708,-0.005121,-0.001525,0.000512,-0.001691,-0.001691,82767.922,86386.904,82767.922,83475.773,-5588.815999980812,-1255662.5876409088,-29828.0,-329468.0,16.966000000000008,216904.04300000533
2023-09-09,25899.9,25940.6,25781.5,25892.6,67909.8089999899,34217.00700000269,264077,136972.0,2.0807,1.5159999999999996,1.7819999999999998,-0.005057,0.002531,-0.005982,-7.3e-05,-0.005057,0.001423,-0.005057,0.001423,83486.945,84412.96,82853.961,83499.248,524.205000015485,-1255138.3826408933,9867.0,-319601.0,-0.26600000000000024,216903.77700000533
2023-09-10,25892.6,26037.3,25508.7,25828.4,162972.41299998856,81967.89899999685,444144,224218.0,1.9958,152.684,19.683000000000003,-7.3e-05,0.004878,-0.0003,-0.0003,-7.3e-05,0.003294,-7.3e-05,0.002609,83501.501,83610.783,81142.058,81776.869,963.3850000051316,-1254174.9976408882,4292.0,-315309.0,133.001,217036.77800000532
2023-09-11,25828.4,25895.0,24888.0,25150.4,427214.99599998374,208469.69399998809,1188511,596446.0,2.1417,131.07100000000034,64.33300000000001,-0.0003,0.004911,-0.002751,0.00273,-0.0003,0.001838,-0.0003,0.001838,81791.807,90231.515,81319.086,89427.827,-10275.608000007574,-1264450.6056408957,4381.0,-310928.0,66.73800000000033,217103.51600000533
2023-09-12,25150.4,26560.8,25116.4,25825.8,587264.5390000055,302815.0689999775,1619998,810258.0,2.6075,87.27900000000007,129.59800000000024,0.00273,0.006947,-0.003845,0.00236,0.00273,0.005425,-0.003502,-0.003502,89406.912,90248.903,83347.278,87298.239,18365.59899994952,-1246085.006640946,518.0,-310410.0,-42.31900000000017,217061.19700000534
2023-09-13,25825.8,26400.0,25750.0,26209.9,335252.68199998146,171304.90999998484,1064192,531774.0,1.7086,46.609,62.499000000000045,0.002342,0.005641,-0.001792,0.00043,0.002342,0.003099,0.00126,0.003099,87273.229,91710.948,85460.688,89881.92,7357.137999988219,-1238727.8686409579,-644.0,-311054.0,-15.890000000000043,217045.30700000533
2023-09-14,26210.0,26880.0,26106.6,26510.3,380666.4589999864,191608.89099997844,1116218,552733.0,1.4355,50.97499999999996,106.15500000000009,0.000461,0.003469,-0.00648,-0.002594,0.000461,0.003428,-0.004748,-0.004748,89893.245,93140.554,86588.964,91668.789,2551.3229999704636,-1236176.5456409873,-10752.0,-321806.0,-55.18000000000013,216990.12700000533
2023-09-15,26510.3,26890.0,26206.6,26591.1,251656.76999998788,128322.45399999678,742067,373324.0,1.2691,62.415000000000006,87.647,-0.002594,0.008676,-0.003896,-0.001439,-0.002641,0.007561,-0.002641,0.007561,91672.71,91993.322,86623.2,86666.838,4988.1380000056815,-1231188.4076409817,4581.0,-317225.0,-25.232,216964.89500000534
2023-09-16,26591.1,26763.5,26430.0,26546.9,140469.8459999779,66034.36099998046,412685,207403.0,1.3485,43.53199999999999,42.120999999999995,-0.001381,0.004734,-0.005151,0.000952,-0.001381,-0.001381,-0.00432,-0.003161,86688.912,88867.011,86364.725,86514.002,-8401.124000016978,-1239589.5316409988,2121.0,-315104.0,1.4109999999999943,216966.30600000534
2023-09-17,26547.0,26614.3,26377.4,26514.2,114239.12999999161,53324.58299999447,320494,155010.0,1.4414,48.84400000000001,15.984999999999996,0.000897,0.0033,-0.003141,-0.000554,0.000897,0.001142,0.000649,0.000649,86516.315,87500.294,84348.329,84768.768,-7589.96400000267,-1247179.4956410015,-10474.0,-325578.0,32.85900000000001,216999.16500000533
2023-09-18,26514.2,27397.0,26358.6,26749.9,472538.2769999905,240451.0109999847,1294850,647310.0,1.3992,101.45700000000005,197.39399999999983,-0.000554,0.002429,-0.008665,0.002429,-0.000508,0.000579,-0.006774,-0.006774,84796.844,97735.232,83781.918,89486.316,8363.744999978866,-1238815.7506410226,-230.0,-325808.0,-95.93699999999978,216903.22800000533
2023-09-19,26749.9,27480.0,26653.2,27196.0,433431.42699998384,216443.66899999333,1206546,596152.0,1.2763,113.07600000000016,162.75500000000025,0.002468,0.002662,-0.003319,-0.002614,0.002468,0.002468,-0.001972,-0.001756,89513.031,96771.322,89140.771,92709.96,-544.0889999971841,-1239359.8396410197,-14242.0,-340050.0,-49.67900000000009,216853.54900000533
2023-09-20,27195.9,27381.0,26740.0,27107.7,348870.8389999853,173385.81899998893,1045892,519281.0,1.2031,99.5110000000001,76.87799999999996,-0.002614,0.000544,-0.004268,-1.9e-05,-0.002614,-0.000991,-0.003777,-0.000991,92722.833,92772.716,89161.537,90352.844,-2099.2010000074515,-1241459.040641027,-7330.0,-347380.0,22.633000000000138,216876.18200000533
2023-09-21,27107.7,27149.0,26360.1,26552.6,317992.8619999813,156286.79399998265,923983,466852.0,1.3657,140.749,32.173000000000016,-2.9e-05,0.01,-0.000354,-6.3e-05,-2.9e-05,0.007429,-2.9e-05,0.007429,90356.966,95956.385,90248.602,92453.983,-5419.274000015983,-1246878.314641043,9721.0,-337659.0,108.57599999999998,216984.75800000533
2023-09-22,26552.6,26737.7,26452.9,26566.7,173480.90299998273,85224.18899998922,539819,273486.0,1.7005,19.097000000000005,23.035999999999998,-6.2e-05,0.006822,-0.000431,0.006668,-6.2e-05,0.002136,-6.2e-05,0.002136,92457.478,94148.579,91545.364,92618.114,-3032.5250000043015,-1249910.8396410474,7153.0,-330506.0,-3.938999999999993,216980.81900000531
2023-09-23,26566.7,26620.6,26492.2,26563.1,57834.87299998486,27761.614000005986,240446,121920.0,1.7122,2.944,1.4609999999999999,0.006676,0.006813,-0.001625,-0.001408,0.006676,0.006676,0.000209,0.000209,92612.932,92612.932,91121.183,91363.405,-2311.6449999728866,-1252222.4846410202,3394.0,-327112.0,1.483,216982.30200000532
2023-09-24,26563.0,26739.9,26081.0,26232.4,146632.77300000013,70597.93899999809,443521,217164.0,1.7647,34.07900000000001,16.357,-0.001392,0.007578,-0.002051,-0.001221,-0.001392,0.004721,-0.001392,0.002887,91362.307,92313.574,89801.008,90407.289,-5436.895000003948,-1257659.3796410242,-9193.0,-336305.0,17.72200000000001,217000.02400000533
2023-09-25,26232.4,26440.0,25965.0,26290.5,268371.61699998536,136045.5009999837,768894,397834.0,1.8074,61.08199999999998,69.61600000000006,-0.00126,0.008662,-0.006894,-0.003933,-0.00126,0.008565,-0.00126,0.004792,90566.178,93674.143,88767.055,89736.21,3719.384999982023,-1253939.994641042,26774.0,-309531.0,-8.534000000000077,216991.49000000532
2023-09-26,26290.5,26388.0,26073.8,26208.8,180411.7699999834,92031.25299999725,545563,262103.0,1.8377,36.757999999999996,21.476,-0.00391,0.01,-0.00391,0.009966,-0.00391,0.005626,-0.00391,0.005626,89734.15,92143.199,89654.742,91207.182,3650.736000011093,-1250289.258641031,-21357.0,-330888.0,15.281999999999996,217006.77200000532
2023-09-27,26208.7,26849.9,26050.0,26359.6,352900.55899999203,178155.7209999833,919549,474777.0,1.9189,53.50800000000002,96.25199999999997,0.009944,0.01,-0.001634,0.000693,0.009944,0.009944,0.002074,0.002074,91208.842,97952.933,87913.301,88292.946,3410.882999974594,-1246878.3756410566,30005.0,-300883.0,-42.74399999999995,216964.02800000532
2023-09-28,26359.6,27308.7,26325.2,27011.8,429521.67999998864,220020.59299998332,1158562,575881.0,1.8161,66.89100000000003,165.4590000000001,0.000674,0.000674,-0.009942,-0.00401,0.000674,0.000674,-0.004732,-0.004732,88299.163,96644.962,86992.781,93787.079,10519.505999977991,-1236358.8696410786,-6800.0,-307683.0,-98.56800000000005,216865.46000000532
2023-09-29,27011.7,27231.5,26625.0,26890.9,277397.3569999751,137424.11399998533,838490,411001.0,0.9912,76.06100000000002,54.66700000000002,-0.003894,0.005104,-0.006258,0.000643,-0.003894,0.000476,-0.003894,0.000476,93819.898,93978.929,88442.739,88442.739,-2549.129000004439,-1238907.998641083,-16488.0,-324171.0,21.394,216886.85400000532
2023-09-30,26890.9,27085.0,26870.4,26950.9,92315.87199999539,46815.653999990645,341498,171473.0,1.2482,8.131999999999998,40.21200000000001,0.000643,0.003068,-0.002799,0.00027,0.000643,0.001864,0.000643,0.001525,88443.761,90480.748,88417.381,90181.912,1315.4359999859007,-1237592.5626410972,1448.0,-322723.0,-32.08000000000001,216854.77400000533
2023-10-01,26951.0,28365.2,26939.0,27981.4,240382.6589999966,128236.22899998953,758285,379144.0,1.2371,17.244000000000003,248.44799999999972,0.00027,0.006107,-0.005195,0.005831,0.000295,0.000295,-0.002263,-0.002263,90193.604,94202.943,85084.136,87493.182,16089.79899998245,-1221502.7636411148,3.0,-322720.0,-231.20399999999972,216623.57000000533
2023-10-02,27981.3,28613.0,27255.0,27477.6,593259.6329999977,295032.74299998954,1643313,806373.0,1.0851,218.82399999999987,139.792,0.005831,0.01,-0.00683,0.00431,0.005831,0.005831,-0.001477,-0.001477,87706.826,95502.033,87665.007,88279.947,-3194.1470000186237,-1224696.9106411333,-30567.0,-353287.0,79.03199999999987,216702.60200000534
2023-10-03,27477.7,27665.0,27123.0,27412.0,282926.2009999894,139962.95499999027,890308,450103.0,1.1101,62.40100000000002,49.599,0.00431,0.008366,-0.000142,0.006041,0.004172,0.004172,0.001667,0.0025,88259.316,90858.959,87600.631,87755.119,-3000.291000008874,-1227697.2016411421,9898.0,-343389.0,12.802000000000021,216715.40400000534
2023-10-04,27412.0,27830.0,27163.9,27759.8,280762.75499999,142919.53699998604,874124,436856.0,1.4284,40.61900000000005,97.52900000000005,0.006031,0.007138,-0.005231,-0.00376,0.006031,0.0062,-0.002857,-0.002857,87692.14,90735.452,85846.889,90051.326,5076.31899998209,-1222620.88264116,-412.0,-343801.0,-56.910000000000004,216658.49400000533
2023-10-05,27759.7,28110.0,27333.5,27398.4,370181.1169999903,183060.15899998706,1032481,516746.0,1.3436,110.82300000000006,73.25700000000003,-0.003807,0.002619,-0.006712,-0.001081,-0.003807,-0.002302,-0.004268,-0.002302,90090.168,94201.362,89911.876,91610.186,-4060.799000016181,-1226681.681641176,1011.0,-342790.0,37.56600000000003,216696.06000000532
2023-10-06,27398.3,28450.0,27156.0,27916.3,438444.8609999882,224431.2979999937,1258045,627640.0,1.3883,71.84500000000001,184.4729999999999,-0.001106,0.002391,-0.004849,0.002187,-0.001106,0.001436,-0.003149,-0.003149,91594.506,96495.192,89498.746,94045.165,10417.734999999171,-1216263.946641177,-2765.0,-345555.0,-112.62799999999989,216583.43200000533
2023-10-07,27916.3,28018.7,27822.1,27943.0,117049.14499999156,57424.595999990124,436665,226643.0,0.926,13.193999999999997,7.4959999999999996,0.002124,0.004491,0.000283,0.000314,0.002124,0.002849,0.002083,0.002083,94013.812,94029.281,90369.472,90897.841,-2199.9530000113155,-1218463.8996411883,16621.0,-328934.0,5.697999999999998,216589.13000000533
2023-10-08,27943.0,28082.0,27671.0,27901.2,178380.30699998463,88788.11299999728,587808,285144.0,0.955,22.317000000000004,19.74200000000001,0.000314,0.00639,-0.001882,0.00402,0.000314,0.005163,0.000314,0.005163,90895.608,93062.74,90881.292,92103.35,-804.0809999900812,-1219267.9806411783,-17520.0,-346454.0,2.574999999999992,216591.70500000534
2023-10-09,27901.2,27977.0,27250.0,27578.3,314146.48499999265,154455.90199999267,911525,452497.0,1.0317,104.23100000000018,61.230000000000004,0.003992,0.008377,0.00163,0.006349,0.003992,0.007838,0.003515,0.007838,92107.344,95191.012,90167.889,90808.237,-5234.6810000073165,-1224502.6616411856,-6531.0,-352985.0,43.001000000000175,216634.70600000533
2023-10-10,27578.4,27727.3,27281.0,27381.2,238094.123999992,116571.98799999821,735377,374839.0,1.2753,78.31300000000002,34.12600000000001,0.006349,0.007376,0.001211,0.005928,0.006349,0.006349,0.001894,0.004548,90739.849,94329.593,89520.687,93003.601,-4950.147999995592,-1229452.8096411813,14301.0,-338684.0,44.187000000000005,216678.89300000534
2023-10-11,27381.3,27467.6,26525.0,26864.5,387769.8929999924,186641.11299998965,1110022,556439.0,1.5151,180.0580000000001,51.820000000000014,0.005918,0.01,0.005043,0.01,0.005918,0.00833,0.005918,0.006319,93017.195,99486.807,92318.159,98094.071,-14487.667000013113,-1243940.4766411944,2856.0,-335828.0,128.23800000000008,216807.13100000535
2023-10-12,26864.5,26939.0,26534.8,26744.0,220054.9569999954,108059.21099999474,719821,353478.0,2.123,71.54700000000003,27.71799999999999,0.01,0.01,0.002226,0.002294,0.01,0.01,0.002661,0.007304,98099.624,98615.237,96336.347,97000.137,-3936.5350000059116,-1247877.0116412004,-12865.0,-348693.0,43.829000000000036,216850.96000000535
2023-10-13,26744.0,27120.8,26670.1,26849.8,243221.97899999688,120801.66499999455,690442,341169.0,1.8555,55.79300000000004,57.301,0.002294,0.007291,-0.000434,0.000122,0.002294,0.002326,0.002039,0.002326,97022.75,98132.98,94377.721,97295.681,-1618.6490000077756,-1249495.6606412083,-8104.0,-356797.0,-1.50799999999996,216849.45200000535
2023-10-14,26849.7,26986.4,26773.1,26836.3,82164.78099998232,40634.45099999983,304735,162546.0,1.8257,3.5899999999999994,11.707000000000008,0.000105,0.005528,-0.004507,-0.001465,0.000105,0.002456,0.000105,0.002456,97295.728,99463.343,97172.494,98458.698,-895.8789999826549,-1250391.539641191,20357.0,-336440.0,-8.117000000000008,216841.33500000535
2023-10-15,26836.4,27456.1,26790.4,27139.8,159991.94099999827,84760.43700000009,437070,223703.0,1.8249,32.515000000000015,60.363,-0.001509,0.00629,-0.001613,0.000548,-0.001509,0.004292,-0.001509,0.002224,98459.447,99540.134,94812.47,97583.025,9528.93300000191,-1240862.6066411892,10336.0,-326104.0,-27.847999999999985,216813.48700000535
2023-10-16,27139.8,30720.0,27095.4,28486.3,821280.440000011,423120.4559999892,2475639,1218307.0,1.5381,144.64800000000014,408.2909999999995,0.000511,0.01,-0.006718,0.000278,0.000511,0.009644,2.8e-05,0.009644,97583.73,99625.658,86417.536,89077.6,24960.471999967354,-1215902.1346412217,-39025.0,-365129.0,-263.64299999999935,216549.84400000534
2023-10-17,28486.3,28605.0,28055.0,28381.9,314176.04199999233,154662.0619999863,1046985,518338.0,1.1277,159.93699999999993,107.99800000000019,0.000204,0.002265,-0.006529,-0.003343,0.000204,0.001493,-0.002311,-0.002311,89051.712,91772.33,88122.818,91206.332,-4851.9180000197375,-1220754.0526412413,-10309.0,-375438.0,51.93899999999974,216601.78300000535
2023-10-18,28382.0,29100.0,28126.6,28307.1,297081.55199998314,149365.64399998783,952011,476308.0,0.972,72.0570000000001,43.180999999999976,-0.003343,0.002382,-0.004774,-0.001,-0.003343,0.001644,-0.003343,0.001644,91206.045,92331.985,86447.705,86456.049,1649.7359999925247,-1219104.3166412488,605.0,-374833.0,28.876000000000126,216630.65900000534
2023-10-19,28307.2,28933.4,28076.0,28696.9,333673.20699999004,166642.5829999921,1059890,531413.0,1.1277,61.831,181.5639999999999,-0.001028,-0.000225,-0.013389,-0.009272,-0.001028,-0.000624,-0.011006,-0.011006,86449.354,95100.082,86379.722,93918.499,-388.0410000058473,-1219492.3576412546,2936.0,-371897.0,-119.7329999999999,216510.92600000533
2023-10-20,28697.0,30243.0,28560.0,29653.0,550793.0560000109,286176.8549999787,1825220,909399.0,0.908,87.13600000000027,149.70000000000027,-0.009272,0.00846,-0.010851,-0.001664,-0.009272,0.002687,-0.009272,0.002687,93913.749,97884.33,90381.428,90454.431,21560.65399994643,-1197931.703641308,-6422.0,-378319.0,-62.56400000000001,216448.36200000532
2023-10-21,29653.0,30374.6,29443.5,29895.4,256411.86799999292,132262.51199999763,925606,451452.0,0.769,61.400000000000006,80.52000000000007,-0.001585,0.007758,-0.001585,0.002572,-0.001585,0.005827,-0.001585,0.005827,90434.849,97587.45,89633.874,96383.105,8113.1560000023455,-1189818.5476413057,-22702.0,-401021.0,-19.12000000000006,216429.24200000532
2023-10-22,29895.4,30229.7,29606.6,29981.5,198602.75799999066,98711.08099999616,776580,399933.0,0.6804,49.710999999999984,52.24199999999999,0.002567,0.008991,0.000988,0.008223,0.002567,0.003115,0.002567,0.003115,96400.721,96669.642,92780.611,93092.505,-1180.5959999983315,-1190999.143641304,23286.0,-377735.0,-2.531000000000006,216426.71100000534
2023-10-23,29981.4,35981.9,29869.4,33074.0,981575.1990000005,511279.1509999983,3577574,1794181.0,0.7138,211.96900000000014,894.916999999997,0.00825,0.01,-0.001096,0.01,0.00825,0.00959,0.000648,0.000648,93096.641,99705.679,88583.123,88700.425,40983.10299999616,-1150016.0406413078,10788.0,-366947.0,-682.9479999999968,215743.76300000533
2023-10-24,33074.0,35300.0,32833.5,33917.0,907742.7780000009,455657.53299998835,4537310,2269514.0,0.9106,278.72999999999973,370.6219999999973,0.01,0.01,0.01,0.01,0.01,0.01,0.01,0.01,88754.523,89221.538,82935.126,84811.19,3572.2879999758443,-1146443.7526413319,1718.0,-365229.0,-91.89199999999755,215651.87100000534
2023-10-25,33917.0,35154.3,33660.6,34487.7,442564.0909999919,220979.5269999931,2336664,1165623.0,0.866,110.89700000000003,197.62899999999988,0.01,0.01,0.01,0.01,0.01,0.01,0.01,0.01,84902.694,88411.714,83240.801,83899.125,-605.0370000057155,-1147048.7896413375,-5418.0,-370647.0,-86.73199999999984,215565.13900000535
2023-10-26,34487.8,34828.7,33750.0,34154.0,339551.18799999513,165390.76299999337,1476640,726064.0,0.7986,195.412,126.56200000000035,0.01,0.01,0.01,0.01,0.01,0.01,0.01,0.01,83885.168,86159.055,83387.937,84790.567,-8769.662000008393,-1155818.4516413459,-24512.0,-395159.0,68.84999999999965,215633.98900000536
2023-10-27,34154.1,34253.3,33402.4,33893.1,257660.9019999958,125259.22099999357,1089153,544231.0,0.9095,89.315,62.160999999999994,0.01,0.01,0.01,0.01,0.01,0.01,0.01,0.01,84788.373,86866.688,83805.109,84508.917,-7142.460000008679,-1162960.9116413544,-691.0,-395850.0,27.154000000000003,215661.14300000537
2023-10-28,33893.2,34535.8,33867.4,34086.6,138314.93199999293,69561.15399998802,636421,331770.0,0.9581,23.085,37.71100000000001,0.01,0.01,0.01,0.01,0.01,0.01,0.01,0.01,84507.645,86662.652,84223.837,84706.822,807.3759999831091,-1162153.5356413713,27119.0,-368731.0,-14.626000000000012,215646.51700000538
2023-10-29,34086.7,34773.8,33933.0,34528.6,174124.07699999583,88108.38499999887,778939,380791.0,0.9608,30.91600000000001,63.76200000000004,0.01,0.01,0.01,0.01,0.01,0.01,0.01,0.01,84709.344,90882.298,83942.8,88065.238,2092.69300000192,-1160060.8426413694,-17357.0,-386088.0,-32.84600000000003,215613.6710000054
2023-10-30,34528.6,34888.2,34050.0,34483.8,280471.0409999872,136648.8659999923,1075122,527722.0,0.8491,155.57500000000005,89.0770000000001,0.01,0.01,0.01,0.01,0.01,0.01,0.01,0.01,88071.124,88681.681,84918.312,86800.523,-7173.309000002628,-1167234.1516413721,-19678.0,-405766.0,66.49799999999995,215680.16900000538
2023-10-31,34483.8,34744.7,34016.8,34651.4,269274.63599999546,135859.07899999316,1000029,495857.0,0.9916,70.80300000000013,83.20400000000011,0.01,0.01,0.01,0.01,0.01,0.01,0.01,0.01,86805.031,88361.561,85198.653,88250.467,2443.5219999908586,-1164790.6296413813,-8315.0,-414081.0,-12.400999999999982,215667.76800000537
2023-11-01,34651.4,35734.0,34076.0,35437.4,469213.48299999436,235432.5729999996,1660930,828194.0,0.8879,92.165,250.46699999999944,0.01,0.01,0.01,0.01,0.01,0.01,0.01,0.01,88249.451,93738.211,83372.029,86819.249,1651.6630000048317,-1163138.9666413765,-4542.0,-418623.0,-158.30199999999945,215509.46600000537
2023-11-02,35437.5,35999.9,34300.0,34940.1,410116.02400000364,195659.84399999477,1414447,711570.0,0.8169,142.80099999999985,110.44500000000014,0.01,0.01,0.01,0.01,0.01,0.01,0.01,0.01,86866.08,88734.68,80755.652,81436.927,-18796.336000014096,-1181935.3026413906,8693.0,-409930.0,32.35599999999971,215541.82200000537
2023-11-03,34940.1,34944.9,34123.0,34700.4,305854.1420000087,149065.8379999898,1091538,546765.0,0.9869,182.24199999999956,89.3200000000001,0.01,0.01,0.01,0.01,0.01,0.01,0.01,0.01,81449.357,85601.718,81292.531,81467.15,-7722.466000029119,-1189657.7686414197,1992.0,-407938.0,92.92199999999946,215634.74400000536
2023-11-04,34700.5,35270.0,34571.6,35069.7,140746.873999996,73473.6499999927,509867,251149.0,1.0509,20.87800000000001,85.93,0.01,0.01,0.01,0.01,0.01,0.01,0.01,0.01,81475.58,84342.202,81377.097,83556.753,6200.425999989413,-1183457.3426414302,-7569.0,-415507.0,-65.05199999999999,215569.69200000537
2023-11-05,35069.7,35455.2,34356.0,35025.5,231363.2569999973,114206.59999999526,806215,401622.0,0.8882,76.20400000000011,119.87100000000018,0.01,0.01,0.01,0.01,0.01,0.01,0.01,0.01,83574.209,87929.207,83266.314,86058.263,-2950.057000006782,-1186407.399641437,-2971.0,-418478.0,-43.66700000000007,215526.02500000538
2023-11-06,35025.5,35299.9,34743.2,35057.4,202227.21499999132,100743.04099999779,737640,371050.0,0.8688,76.17500000000013,87.13000000000018,0.01,0.01,0.01,0.01,0.01,0.01,0.01,0.01,86090.568,88715.034,86014.511,86157.699,-741.1329999957525,-1187148.5326414327,4460.0,-414018.0,-10.955000000000055,215515.0700000054
2023-11-07,35057.5,35921.7,34520.3,35406.5,343509.6599999998,171368.17399999872,1129713,569193.0,0.9131,104.4200000000001,123.14700000000012,0.01,0.01,0.01,0.01,0.01,0.01,0.01,0.01,86150.483,92463.581,86003.23,88760.278,-773.3120000023628,-1187921.844641435,8673.0,-405345.0,-18.727000000000018,215496.34300000538
2023-11-08,35406.5,36150.0,35073.0,35626.7,333264.3869999972,167426.92699999738,1011392,502675.0,0.7556,49.31300000000002,113.54200000000004,0.01,0.01,0.01,0.01,0.01,0.01,0.01,0.01,88771.071,90481.145,86629.502,90396.445,1589.4669999975595,-1186332.3776414373,-6042.0,-411387.0,-64.22900000000003,215432.1140000054
2023-11-09,35626.7,38499.9,35304.0,36719.5,778460.0120000032,397363.4620000043,2645730,1320142.0,0.7612,183.82399999999953,426.73099999999755,0.01,0.032009,0.01,0.01,0.01,0.020027,0.01,0.020027,90400.425,96824.217,79486.274,79522.355,16266.912000005366,-1170065.465641432,-5446.0,-416833.0,-242.90699999999802,215189.20700000538
2023-11-10,36719.6,37570.0,36350.0,37330.4,299295.46899999696,145897.04099999715,1084864,538008.0,0.9996,86.83000000000003,163.2319999999996,0.01,0.022651,0.01,0.01,0.01,0.011682,0.01,0.01,79525.284,82132.216,78339.665,79824.026,-7501.387000002665,-1177566.8526414346,-8848.0,-425681.0,-76.40199999999957,215112.80500000538
2023-11-11,37330.3,37422.2,36588.0,37162.1,159239.2839999971,77724.26899999245,590953,298449.0,0.9238,77.47900000000006,67.80400000000002,0.01,0.020486,0.01,0.01543,0.01,0.016607,0.01,0.014648,79823.012,81469.802,79587.89,80358.96,-3790.7460000122082,-1181357.5986414468,5945.0,-419736.0,9.67500000000004,215122.48000000537
2023-11-12,37162.1,37258.4,36753.6,37085.5,118890.04499999498,59200.21599999457,463784,231930.0,0.9814,104.51600000000005,48.20300000000001,0.01543,0.036724,0.01543,0.032545,0.01543,0.027221,0.01543,0.027221,80363.266,82171.925,80246.806,80851.913,-489.6130000058329,-1181847.2116414527,76.0,-419660.0,56.31300000000004,215178.79300000536
2023-11-13,37085.6,37464.8,36350.0,36486.2,257075.64799999812,124933.69699999425,915543,450185.0,0.9771,150.11399999999992,93.82399999999998,0.032467,0.032467,0.010811,0.017506,0.032467,0.032467,0.010893,0.020492,80846.392,83247.162,79331.126,80428.399,-7208.25400000962,-1189055.4656414622,-15173.0,-434833.0,56.289999999999935,215235.08300000537
2023-11-14,36486.2,36779.9,34446.3,35559.0,396106.6500000026,187623.93299999638,1342620,666845.0,1.0903,133.23700000000017,104.16000000000021,0.017382,0.022339,0.01,0.01,0.017382,0.017382,0.014477,0.014477,80429.155,83495.089,76475.044,78890.955,-20858.784000009822,-1209914.249641472,-8930.0,-443763.0,29.076999999999956,215264.16000000536
2023-11-15,35559.1,38000.0,35388.0,37885.6,423818.49500000395,218178.96100000222,1517536,769406.0,1.31,72.82400000000003,344.07699999999875,0.01,0.01,0.01,0.01,0.01,0.01,0.01,0.01,78886.509,83348.313,78710.174,83075.314,12539.42700000049,-1197374.8226414714,21276.0,-422487.0,-271.25299999999874,214992.90700000536
2023-11-16,37885.5,37956.5,35486.1,36176.0,434444.3659999982,209563.83899999576,1566658,776158.0,0.8113,336.803999999999,114.98800000000016,0.01,0.018736,0.01,0.01,0.01,0.015199,0.01,0.012014,83075.963,86013.181,80902.395,80902.395,-15316.68800000666,-1212691.510641478,-14342.0,-436829.0,221.81599999999884,215214.72300000535
2023-11-17,36176.0,37020.5,35868.3,36621.9,319872.83200000046,158740.57099999426,1220697,612917.0,1.3849,125.08900000000013,196.35199999999972,0.01,0.01,0.01,0.01,0.01,0.01,0.01,0.01,80901.764,81039.215,76846.05,77925.157,-2391.690000011935,-1215083.20064149,5137.0,-431692.0,-71.2629999999996,215143.46000000535
2023-11-18,36621.9,36900.0,36196.0,36580.9,121721.12199999734,59945.20299999772,504912,257066.0,1.2124,58.789,43.481999999999985,0.01,0.01,0.01,0.01,0.01,0.01,0.01,0.01,77926.495,81670.35,76820.479,79409.01,-1830.7160000019067,-1216913.916641492,9220.0,-422472.0,15.307000000000016,215158.76700000535
2023-11-19,36581.0,37528.2,36380.0,37375.9,154708.49200000064,81098.79999999709,603250,305897.0,1.1169,31.319999999999997,111.67600000000003,0.01,0.01,0.01,0.01,0.01,0.01,0.01,0.01,79409.047,82220.914,78864.491,80864.763,7489.107999993546,-1209424.8086414984,8544.0,-413928.0,-80.35600000000004,215078.41100000535
2023-11-20,37375.8,37784.7,36600.0,37462.5,307563.34699999867,149878.51199999795,1148066,564907.0,0.9402,78.64300000000007,110.28300000000019,0.01,0.01,0.01,0.01,0.01,0.01,0.01,0.01,80855.705,83984.726,80188.295,83376.582,-7806.323000002769,-1217231.131641501,-18252.0,-432180.0,-31.640000000000114,215046.77100000533
2023-11-21,37462.6,37675.0,35720.0,35737.0,448913.5849999945,213734.14799999556,1498443,734668.0,0.8349,371.69099999999895,118.54900000000005,0.01,0.01,0.01,0.01,0.01,0.01,0.01,0.01,83376.582,87359.357,79575.494,79589.796,-21445.289000003366,-1238676.4206415045,-29107.0,-461287.0,253.14199999999892,215299.91300000533
2023-11-22,35737.1,37880.0,35610.7,37413.4,337588.09100000485,173612.9549999963,1194018,606181.0,1.0683,54.658000000000094,243.7699999999989,0.01,0.01,0.01,0.01,0.01,0.01,0.01,0.01,79518.58,80901.559,77111.567,80864.809,9637.818999987736,-1229038.6016415167,18344.0,-442943.0,-189.1119999999988,215110.80100000533
2023-11-23,37413.5,37650.0,36856.3,37294.3,185369.93099999765,92092.56399999846,760529,373815.0,0.7756,60.86499999999998,45.41900000000004,0.01,0.01,0.01,0.01,0.01,0.01,0.01,0.01,80866.918,83442.848,80752.725,81963.982,-1184.803000000742,-1230223.4046415174,-12899.0,-455842.0,15.445999999999941,215126.24700000533
2023-11-24,37294.4,38425.0,37257.3,37706.3,351031.7180000052,176394.59099999876,1220961,608716.0,0.8392,68.937,177.65599999999938,0.01,0.01,0.01,0.01,0.01,0.01,0.01,0.01,81964.041,85408.956,79964.427,80036.682,1757.463999992353,-1228465.9406415252,-3529.0,-459371.0,-108.71899999999938,215017.52800000532
2023-11-25,37706.3,37886.5,37570.9,37766.6,82589.32899999413,40804.41199999722,376537,188577.0,0.7768,5.678999999999998,20.40299999999999,0.01,0.01,0.01,0.01,0.01,0.01,0.01,0.01,80036.878,80142.634,78655.012,79569.811,-980.5049999996991,-1229446.4456415249,617.0,-458754.0,-14.723999999999993,215002.80400000533
2023-11-26,37766.7,37807.6,37126.0,37437.9,173656.7260000022,83615.42299999691,640181,319802.0,0.8162,51.869000000000035,28.33300000000001,0.01,0.01,0.01,0.01,0.01,0.01,0.01,0.01,79570.213,82385.334,78733.738,79126.891,-6425.880000008387,-1235872.3256415334,-577.0,-459331.0,23.536000000000026,215026.34000000532
2023-11-27,37437.9,37560.0,36700.0,37234.3,266046.2879999976,129454.40299999651,936689,472274.0,0.9743,103.7970000000001,44.175000000000054,0.01,0.01,0.01,0.01,0.01,0.01,0.01,0.01,79128.044,81394.167,78655.433,79260.16,-7137.482000004602,-1243009.8076415379,7859.0,-451472.0,59.62200000000004,215085.96200000533
2023-11-28,37234.4,38395.0,36856.0,37812.1,318417.0260000053,161178.08299999576,977889,493069.0,1.2046,85.94600000000001,198.70199999999969,0.01,0.01,0.01,0.01,0.01,0.01,0.01,0.01,79260.224,84941.772,78504.595,81109.408,3939.1399999862188,-1239070.6676415517,8249.0,-443223.0,-112.75599999999967,214973.20600000533
2023-11-29,37812.0,38500.0,37551.8,37837.1,261631.88099999633,131208.81299999845,903322,443774.0,0.6793,87.24900000000004,88.28700000000006,0.01,0.01,0.01,0.01,0.01,0.01,0.01,0.01,81109.846,86341.406,80536.575,82647.891,785.7450000005774,-1238284.9226415511,-15774.0,-458997.0,-1.0380000000000251,214972.16800000533
2023-11-30,37837.2,38132.0,37442.9,37716.8,191188.87099999646,94614.9229999892,698516,350974.0,0.8077,48.22900000000005,47.969000000000015,0.01,0.01,0.01,0.01,0.01,0.01,0.01,0.01,82647.748,84394.194,82070.377,82618.836,-1959.0250000180677,-1240243.9476415692,3432.0,-455565.0,0.26000000000003354,214972.42800000534
2023-12-01,37716.9,38989.0,37600.0,38660.0,342330.4170000071,175389.7599999988,1038337,518059.0,0.9305,51.461999999999996,151.66399999999982,0.01,0.01,0.01,0.01,0.01,0.01,0.01,0.01,82619.078,90790.749,81466.671,89044.936,8449.102999990457,-1231794.8446415788,-2219.0,-457784.0,-100.20199999999983,214872.22600000535
2023-12-02,38659.9,39900.0,38613.5,39435.0,204533.35099999563,106154.25599999921,717216,376556.0,0.5929,27.756000000000007,124.16000000000015,0.00995,0.01,-1.8e-05,0.01,0.00995,0.00995,0.006973,0.008541,89043.691,89043.691,81425.624,81673.055,7775.161000002787,-1224019.683641576,35896.0,-421888.0,-96.40400000000014,214775.82200000534
2023-12-03,39435.1,40410.1,39255.2,39979.7,221917.90499999406,113115.68499999809,764587,379606.0,0.6625,53.07400000000004,126.8530000000002,0.01,0.01,0.01,0.01,0.01,0.01,0.01,0.01,81677.71,83691.595,79897.964,79997.634,4313.465000002121,-1219706.2186415738,-5375.0,-427263.0,-73.77900000000015,214702.04300000533
2023-12-04,39979.8,42440.0,39970.4,41993.1,601121.2400000081,308953.3840000094,1863182,939168.0,0.7001,115.84200000000028,447.1699999999965,0.01,0.01,0.01,0.01,0.01,0.01,0.01,0.01,79997.785,85991.287,79995.324,83191.992,16785.528000010643,-1202920.6906415632,15154.0,-412109.0,-331.3279999999962,214370.71500000532
2023-12-05,41993.1,44528.1,41393.5,44081.7,575038.1059999976,293613.76599999826,2044132,1029430.0,0.7126,114.91000000000015,370.34699999999856,0.01,0.01,0.01,0.01,0.01,0.01,0.01,0.01,83192.378,88797.435,82445.356,82594.215,12189.42599999893,-1190731.2646415643,14728.0,-397381.0,-255.43699999999842,214115.27800000532
2023-12-06,44081.7,44349.8,43377.0,43774.8,383808.85600000736,189183.6139999955,1236871,616721.0,0.7851,205.7269999999989,148.4709999999999,0.01,0.01,0.01,0.01,0.01,0.01,0.01,0.01,82614.015,87828.488,82194.967,85262.969,-5441.628000016382,-1196172.8926415807,-3429.0,-400810.0,57.255999999999005,214172.5340000053
2023-12-07,43775.1,44066.7,42815.0,43296.0,346001.8560000041,167661.02599999533,1115282,555530.0,0.9022,177.93599999999975,135.303,0.01,0.012035,0.01,0.01,0.01,0.01,0.01,0.01,85260.749,86827.546,83314.551,83409.053,-10679.80400001345,-1206852.6966415942,-4222.0,-405032.0,42.632999999999754,214215.1670000053
2023-12-08,43296.0,44779.3,43100.0,44209.5,281863.83400000434,141980.50199999654,947320,478558.0,1.0227,38.39500000000001,389.08399999999864,0.01,0.028417,0.01,0.011325,0.01,0.023288,0.01,0.020242,83409.898,85845.994,82006.488,82103.851,2097.1699999887496,-1204755.5266416054,9796.0,-395236.0,-350.6889999999986,213864.4780000053
2023-12-09,44209.6,44389.2,43555.0,43734.3,189339.65599999498,91986.89799999344,682105,340282.0,0.9062,75.04200000000002,73.95300000000009,0.011504,0.032279,0.011504,0.02081,0.011504,0.030159,0.011504,0.017192,82104.678,83101.801,80345.213,80809.982,-5365.860000008106,-1210121.3866416134,-1541.0,-396777.0,1.0889999999999276,213865.5670000053
2023-12-10,43734.2,44099.2,43552.5,43810.0,144548.25899999664,71693.86899999421,543574,271957.0,0.9685,21.212000000000003,46.885000000000026,0.020724,0.028014,0.012808,0.014803,0.020724,0.023923,0.020383,0.023923,80810.074,84565.312,80796.79,83146.441,-1160.5210000082152,-1211281.9076416218,340.0,-396437.0,-25.673000000000023,213839.8940000053
2023-12-11,43810.1,43833.4,40228.3,41271.0,620697.6130000014,298519.7999999953,2124097,1057177.0,1.0653,431.2679999999979,177.9549999999999,0.01473,0.015958,0.01,0.01,0.01473,0.01473,0.01,0.01,83139.144,83174.538,74799.645,75529.169,-23658.013000010862,-1234939.9206416328,-9743.0,-406180.0,253.31299999999803,214093.2070000053
2023-12-12,41271.1,42125.0,40711.0,41515.0,356525.5000000052,178468.8969999904,1282200,647899.0,1.3474,147.1539999999997,134.21400000000014,0.01,0.020486,0.01,0.011968,0.01,0.01,0.01,0.01,75528.405,80252.353,75254.764,77359.504,412.2939999756054,-1234527.6266416572,13598.0,-392582.0,12.939999999999571,214106.1470000053
2023-12-13,41514.9,43517.6,40556.0,42875.0,396710.9000000035,198023.98299999125,1374684,688963.0,1.4331,92.48100000000012,162.85599999999974,0.011909,0.017245,0.01,0.01,0.011909,0.012601,0.010162,0.012601,77363.014,80829.605,77075.803,78619.174,-662.9340000210213,-1235190.5606416783,3242.0,-389340.0,-70.37499999999962,214035.7720000053
2023-12-14,42875.3,43450.1,41743.0,43032.4,343134.7800000052,170063.73599999325,1277060,627549.0,1.1151,92.182,234.84199999999908,0.01,0.01,0.01,0.01,0.01,0.01,0.01,0.01,78613.579,80045.631,74643.809,76353.272,-3007.3080000187038,-1238197.8686416969,-21962.0,-411302.0,-142.65999999999906,213893.1120000053
2023-12-15,43032.3,43098.0,41668.0,41968.0,257025.29699999662,125644.25699999614,985609,499312.0,1.082,122.47900000000013,52.06400000000001,0.01,0.01,0.01,0.01,0.01,0.01,0.01,0.01,76356.961,77192.24,75050.775,75815.592,-5736.783000004332,-1243934.651641701,13015.0,-398287.0,70.41500000000012,213963.5270000053
2023-12-16,41968.0,42756.7,41638.1,42287.4,160549.45899999348,79904.1129999916,635887,322642.0,1.2852,52.12000000000001,64.78300000000003,0.01,0.011047,0.01,0.01,0.01,0.01,0.01,0.01,75813.695,77348.53,74823.18,75326.343,-741.2330000102811,-1244675.8846417114,9397.0,-388890.0,-12.663000000000018,213950.8640000053
2023-12-17,42287.4,42476.0,41248.3,41396.5,224722.85099999342,108887.46399999413,879098,434775.0,1.2297,178.44999999999948,43.11,0.01,0.020511,0.01,0.013516,0.01,0.01,0.01,0.01,75328.728,78232.335,75305.924,76343.562,-6947.923000005161,-1251623.8076417164,-9548.0,-398438.0,135.33999999999946,214086.2040000053
2023-12-18,41396.6,42795.3,40553.8,42671.7,374422.2760000041,188372.0799999948,1352621,679262.0,1.3702,356.43099999999936,195.89699999999965,0.013355,0.020478,0.01,0.01,0.013355,0.015611,0.01,0.015611,76339.226,80479.484,74744.203,75529.562,2321.8839999855263,-1249301.923641731,5903.0,-392535.0,160.5339999999997,214246.7380000053
2023-12-19,42671.8,43550.0,41835.4,42298.3,315311.84400000813,157288.14599998857,1199916,596846.0,1.1825,150.47799999999978,170.16099999999972,0.01,0.017925,0.01,0.010606,0.01,0.01,0.01,0.01,75531.859,80005.784,74804.687,76749.074,-735.5520000309916,-1250037.475641762,-6224.0,-398759.0,-19.682999999999936,214227.05500000532
2023-12-20,42298.2,44384.6,42218.3,43708.9,377008.9230000013,192098.07699999318,1397254,706931.0,1.2396,73.12200000000007,240.03699999999924,0.010506,0.030023,0.01,0.027143,0.010506,0.023637,0.01,0.023637,76751.007,82222.892,76746.947,79727.188,7187.2309999850695,-1242850.244641777,16608.0,-382151.0,-166.91499999999917,214060.1400000053
2023-12-21,43708.9,44287.2,43317.2,43896.3,276922.155000001,137520.08999999316,1107934,552091.0,0.8765,68.69800000000001,135.79900000000023,0.027143,0.038637,0.027143,0.030833,0.027143,0.029216,0.027143,0.028948,79727.049,82895.001,79471.739,80534.035,-1881.9750000147033,-1244732.2196417917,-3752.0,-385903.0,-67.10100000000023,213993.03900000532
2023-12-22,43896.4,44484.0,43430.4,43999.2,238341.93299999213,117622.66599999322,972004,476235.0,0.9305,86.80100000000012,91.69000000000014,0.030806,0.036638,0.01525,0.016263,0.030806,0.030806,0.018011,0.018011,80534.596,83124.639,77256.613,77330.551,-3096.6010000056995,-1247828.8206417973,-19534.0,-405437.0,-4.889000000000024,213988.15000000532
2023-12-23,43999.2,44023.0,43304.2,43725.2,120789.52799999065,58912.46799999072,515649,264472.0,1.0263,22.989000000000004,40.30400000000002,0.016285,0.018055,0.01,0.01,0.016285,0.016285,0.01,0.015066,77330.594,79894.103,77109.372,78625.155,-2964.5920000092156,-1250793.4126418065,13295.0,-392142.0,-17.31500000000002,213970.83500000532
2023-12-24,43725.2,43994.8,42550.0,43008.4,179644.53599999438,85763.47699999361,703977,342254.0,1.0342,102.18500000000013,58.90400000000003,0.01,0.021568,0.01,0.01,0.01,0.02079,0.01,0.019729,78625.807,79627.036,75384.347,77214.87,-8117.582000007154,-1258910.9946418137,-19469.0,-411611.0,43.2810000000001,214014.1160000053
2023-12-25,43008.3,43850.0,42755.4,43611.9,183538.53899999437,94147.92799999671,751186,383480.0,1.1354,55.12300000000002,107.64400000000006,0.01,0.05643,0.01,0.043511,0.01,0.037908,0.01,0.037908,77214.67,78760.382,76068.195,77534.31,4757.31699999905,-1254153.6776418146,15774.0,-395837.0,-52.52100000000004,213961.5950000053
2023-12-26,43611.9,43635.1,41597.0,42538.5,295302.7890000059,138617.84799999214,1052321,518070.0,1.1418,146.4150000000001,86.36100000000006,0.043511,0.048688,0.020861,0.027727,0.043391,0.043391,0.023757,0.029559,77534.322,81308.983,75944.068,79595.62,-18067.093000021647,-1272220.7706418363,-16181.0,-412018.0,60.054000000000045,214021.6490000053
2023-12-27,42538.6,43700.0,42145.7,43453.8,247835.41099999825,124906.05699999849,898117,454612.0,1.6525,76.09700000000004,149.17200000000008,0.027621,0.046465,0.013059,0.013059,0.027621,0.037942,0.027621,0.032304,79595.465,79608.993,75569.01,76041.876,1976.702999998728,-1270244.0676418375,11107.0,-400911.0,-73.07500000000005,213948.5740000053
2023-12-28,43453.8,43850.0,42320.5,42600.1,257514.93199999514,126847.51299999349,958238,476061.0,1.2573,176.59499999999983,80.42499999999995,0.013021,0.059247,0.012857,0.05517,0.013021,0.050152,0.013021,0.050152,76041.976,76407.035,74537.511,75591.363,-3819.9060000081663,-1274063.9736418456,-6116.0,-407027.0,96.16999999999987,214044.7440000053
2023-12-29,42600.1,43171.9,41283.2,42095.1,336700.03699999995,162249.7519999916,1139297,574090.0,1.5517,132.97700000000015,66.793,0.05517,0.057418,0.033033,0.033033,0.05517,0.05517,0.047082,0.047082,75592.879,76808.88,74140.931,75717.378,-12200.53300001676,-1286264.5066418624,8883.0,-398144.0,66.18400000000014,214110.9280000053
2023-12-30,42095.1,42654.6,41550.0,42174.2,183890.66999999149,91329.73799999495,667557,339597.0,1.8852,94.88700000000007,53.590999999999994,0.033033,0.044852,0.027941,0.027941,0.033033,0.04358,0.033033,0.037842,75719.458,77860.199,75352.918,75464.732,-1231.1940000015893,-1287495.700641864,11637.0,-386507.0,41.29600000000008,214152.2240000053
2023-12-31,42174.3,42951.0,42001.0,42314.0,173509.85299999182,85441.45499999434,626557,314993.0,1.4438,80.23300000000008,135.83999999999983,0.027855,0.041814,0.027835,0.037499,0.027855,0.034573,0.027855,0.033597,75464.882,77167.266,73918.936,74003.756,-2626.9430000031425,-1290122.6436418672,3429.0,-383078.0,-55.60699999999976,214096.61700000532
2024-01-01,42313.9,44266.0,42207.9,44230.2,206422.57999999454,107257.99799999587,761222,384385.0,1.5069,35.648999999999994,465.5419999999996,0.037499,0.065743,0.027213,0.065743,0.037409,0.037409,0.027213,0.033601,74004.65,77890.433,73306.355,76608.672,8093.4159999972035,-1282029.22764187,7548.0,-375530.0,-429.8929999999996,213666.7240000053
2024-01-02,44230.3,45950.0,44200.9,44979.8,459798.511000005,226772.85599999208,1677641,826635.0,1.0829,143.00199999999984,210.26899999999924,0.065743,0.091374,0.021201,0.021201,0.065846,0.065846,0.035179,0.05373,76608.727,81517.457,76012.408,79785.333,-6252.799000020837,-1288282.0266418909,-24371.0,-399901.0,-67.2669999999994,213599.45700000532
2024-01-03,44979.7,45582.3,40333.0,42849.5,595855.2250000014,285738.0950000071,2295158,1129432.0,1.028,534.4049999999983,192.08799999999943,0.021159,0.022841,0.01,0.01,0.021159,0.021159,0.01,0.01,79782.464,80827.533,67197.899,68682.475,-24379.034999987227,-1312661.061641878,-36294.0,-436195.0,342.31699999999887,213941.77400000533
2024-01-04,42849.5,44840.8,42625.0,44143.8,331961.9030000011,166018.3069999945,1406140,705291.0,1.6448,70.15300000000002,145.11199999999997,0.01,0.01,0.01,0.01,0.01,0.01,0.01,0.01,68680.719,73023.497,68325.028,71363.735,74.71099998790305,-1312586.35064189,4442.0,-431753.0,-74.95899999999995,213866.81500000533
2024-01-05,44143.9,44500.0,42300.0,44145.4,370910.73000000324,184300.80499998637,1598095,797551.0,1.1744,121.89100000000016,122.88900000000017,0.01,0.01,0.01,0.01,0.01,0.01,0.01,0.01,71362.027,71366.124,67023.558,67290.629,-2309.120000030496,-1314895.4706419203,-2993.0,-434746.0,-0.9980000000000047,213865.81700000534
2024-01-06,44145.3,44214.6,43391.3,43956.7,138542.7969999943,69273.60299999229,656685,326507.0,1.2217,55.47900000000004,73.24399999999993,0.01,0.01,0.01,0.01,0.01,0.01,0.01,0.01,67287.981,69234.769,66893.643,68370.125,4.408999990293523,-1314891.0616419301,-3671.0,-438417.0,-17.764999999999887,213848.05200000532
2024-01-07,43956.6,44486.9,43557.5,43916.9,180710.71399999244,89031.03499999743,785460,383055.0,1.2386,90.8740000000001,50.896000000000015,0.01,0.01,0.01,0.01,0.01,0.01,0.01,0.01,68346.911,73910.427,68346.911,70553.146,-2648.6439999975846,-1317539.7056419277,-19350.0,-457767.0,39.97800000000008,213888.03000000532
2024-01-08,43916.9,47312.0,43158.1,46972.7,494926.4349999994,252300.74099999614,1942749,972392.0,1.157,101.62800000000006,224.69399999999902,0.01,0.01,0.01,0.01,0.01,0.01,0.01,0.01,70585.652,76727.496,69514.53,74597.29,9675.046999992861,-1307864.6586419349,2035.0,-455732.0,-123.06599999999897,213764.96400000533
2024-01-09,46972.6,48100.0,44417.2,46114.0,513141.86900000786,255167.65099999437,2226270,1104988.0,0.7899,295.78499999999946,152.09299999999996,0.01,0.01,0.01,0.01,0.01,0.01,0.01,0.01,74597.52,75801.358,69990.799,70791.698,-2806.5670000191312,-1310671.225641954,-16294.0,-472026.0,143.6919999999995,213908.65600000534
2024-01-10,46113.9,47699.3,44291.5,46662.9,668657.4739999991,328241.3949999941,3014236,1492720.0,1.1626,267.15699999999885,244.69399999999857,0.01,0.01,0.01,0.01,0.01,0.01,0.01,0.01,70790.908,72982.295,68138.065,68570.331,-12174.684000010951,-1322845.9096419648,-28796.0,-500822.0,22.463000000000278,213931.11900000533
2024-01-11,46663.0,49027.5,45600.0,46337.8,596433.496000014,294835.896000011,2762605,1374338.0,1.6076,214.67399999999938,391.11399999999855,0.01,0.01,0.01,0.01,0.01,0.01,0.01,0.01,68567.714,73264.018,67205.07,71404.986,-6761.703999991994,-1329607.6136419568,-13929.0,-514751.0,-176.43999999999917,213754.67900000533
2024-01-12,46337.9,46536.2,41370.0,42788.9,575943.2579999958,274714.4729999981,2403360,1190804.0,1.7108,407.9409999999978,170.51199999999972,0.01,0.019709,0.01,0.01,0.01,0.01,0.01,0.01,71409.733,83407.825,71405.854,74736.612,-26514.311999999685,-1356121.9256419565,-21752.0,-536503.0,237.4289999999981,213992.10800000533
2024-01-13,42789.0,43273.4,42445.7,42846.4,207737.3259999956,102338.25499999536,937293,475689.0,2.701,72.38100000000014,61.07700000000002,0.01,0.01,0.01,0.01,0.01,0.01,0.01,0.01,74784.991,76789.785,74003.89,75148.212,-3060.816000004881,-1359182.7416419615,14085.0,-522418.0,11.304000000000123,214003.41200000534
2024-01-14,42846.4,43096.1,41713.5,41734.9,181097.0499999961,86225.90799999621,802515,393747.0,2.8329,111.29100000000015,46.00400000000002,0.01,0.01,0.01,0.01,0.01,0.01,0.01,0.01,75148.119,77205.705,75121.772,77076.035,-8645.234000003664,-1367827.9756419652,-15021.0,-537439.0,65.28700000000013,214068.69900000535
2024-01-15,41735.0,43376.0,41720.0,42515.0,240058.7749999928,121326.97199999433,1036187,519356.0,2.6536,70.09600000000006,120.38900000000018,0.01,0.01,0.01,0.01,0.01,0.01,0.01,0.01,77080.524,77299.618,73431.433,73896.126,2595.1689999958617,-1365232.8066419694,2525.0,-534914.0,-50.29300000000012,214018.40600000534
2024-01-16,42515.0,43589.0,42050.0,43133.0,287207.23299999733,142496.8349999936,1181592,587007.0,2.6166,73.19400000000009,282.3519999999993,0.01,0.01,0.01,0.01,0.01,0.01,0.01,0.01,73897.815,77457.791,73780.496,74127.737,-2213.563000010152,-1367446.3696419795,-7578.0,-542492.0,-209.15799999999922,213809.24800000535
2024-01-17,43133.0,43198.0,42200.0,42783.4,209396.08099999212,104380.59999999727,898701,452337.0,2.1556,160.38199999999972,42.633000000000024,0.01,0.01,0.01,0.01,0.01,0.01,0.01,0.01,74128.59,76770.079,73922.189,75759.926,-634.8809999975783,-1368081.250641977,5973.0,-536519.0,117.7489999999997,213926.99700000536
2024-01-18,42783.3,42932.3,40673.6,41323.1,335016.7159999987,159965.1329999987,1338227,664133.0,2.5125,441.0319999999989,112.33,0.01,0.01,0.01,0.01,0.01,0.01,0.01,0.01,75754.43,78518.264,74869.222,77715.61,-15086.450000001292,-1383167.7006419783,-9961.0,-546480.0,328.7019999999989,214255.69900000535
2024-01-19,41323.2,42197.0,40300.0,41662.2,345939.71700000577,173559.97999999154,1332429,681335.0,2.9063,234.21799999999834,150.10299999999987,0.01,0.01,0.01,0.01,0.01,0.01,0.01,0.01,77726.19,80873.142,74246.492,74493.726,1180.2429999773158,-1381987.457642001,30241.0,-516239.0,84.11499999999847,214339.81400000534
2024-01-20,41662.1,41883.5,41453.6,41691.8,95850.33099999424,47392.65099999466,421833,203670.0,2.4412,18.727999999999998,30.582,0.01,0.01,0.01,0.01,0.01,0.01,0.01,0.01,74494.526,75272.066,73896.524,74617.587,-1065.029000004928,-1383052.486642006,-14493.0,-530732.0,-11.854000000000003,214327.96000000535
2024-01-21,41691.8,41880.9,41500.0,41580.0,67035.54499999405,33267.18900000359,314820,157861.0,2.3613,22.738000000000003,20.128999999999987,0.01,0.01,0.01,0.01,0.01,0.01,0.01,0.01,74617.738,75012.915,74393.296,74654.787,-501.1669999868609,-1383553.653641993,902.0,-529830.0,2.609000000000016,214330.56900000534
2024-01-22,41579.9,41692.3,39402.0,39567.0,459024.1059999919,221559.2879999812,1643436,812558.0,2.3944,388.87799999999777,116.20500000000027,0.01,0.01,0.01,0.01,0.01,0.01,0.01,0.01,74654.904,80187.373,74336.887,76234.388,-15905.530000029481,-1399459.1836420223,-18320.0,-548150.0,272.6729999999975,214603.24200000535
2024-01-23,39567.1,40172.7,38545.0,39890.0,414373.32899999165,206872.82499998604,1469655,746422.0,2.6193,288.3879999999983,271.37299999999965,0.01,0.01,0.01,0.01,0.01,0.01,0.01,0.01,76234.788,79092.742,75137.307,75825.335,-627.6790000195615,-1400086.8626420419,23189.0,-524961.0,17.01499999999868,214620.25700000534
2024-01-24,39889.9,40560.6,39493.3,40078.7,272754.17099999374,137526.5179999941,1025934,512180.0,2.3523,104.1250000000001,281.33699999999936,0.01,0.01,0.01,0.01,0.01,0.01,0.01,0.01,75823.313,77226.687,75022.272,76306.566,2298.864999994461,-1397787.9976420475,-1574.0,-526535.0,-177.21199999999925,214443.04500000534
2024-01-25,40078.8,40300.0,39535.3,39953.3,203635.65099998994,101644.90000000087,780965,389437.0,2.1085,55.74900000000006,61.00299999999999,0.01,0.01,0.01,0.01,0.01,0.01,0.01,0.01,76305.393,79538.204,75949.34,77936.247,-345.85099998820806,-1398133.8486420356,-2091.0,-528626.0,-5.253999999999934,214437.79100000535
2024-01-26,39953.3,42239.3,39813.1,41806.4,355418.47800000606,183407.86199999205,1213408,605511.0,2.0312,55.26200000000002,191.00199999999973,0.01,0.01,0.008246,0.009012,0.01,0.01,0.01,0.01,77943.153,80686.512,77856.071,79335.324,11397.24599997804,-1386736.6026420575,-2386.0,-531012.0,-135.7399999999997,214302.05100000536
2024-01-27,41806.4,42187.1,41360.1,42102.2,118437.11399999344,58359.39899999234,478122,235274.0,1.4624,44.82100000000001,45.80600000000004,0.008966,0.01,0.007189,0.01,0.008966,0.01,0.0083,0.0083,79326.638,79471.402,77841.122,78268.91,-1718.3160000087519,-1388454.9186420662,-7574.0,-538586.0,-0.9850000000000279,214301.06600000538
2024-01-28,42102.2,42836.0,41600.0,42021.2,205736.45299999154,102732.52899999326,762283,377759.0,1.5013,87.18600000000008,112.18800000000014,0.01,0.01,0.003989,0.01,0.01,0.01,0.004725,0.01,78269.226,78379.358,74968.91,75164.153,-271.3950000050245,-1388726.313642071,-6765.0,-545351.0,-25.002000000000066,214276.06400000537
2024-01-29,42021.2,43340.8,41768.3,43287.7,249502.10999999515,126814.06999999633,951315,476207.0,1.5674,49.37900000000001,145.61799999999982,0.01,0.01,0.008605,0.01,0.01,0.01,0.009142,0.01,75164.007,77686.568,75088.664,77046.083,4126.029999997496,-1384600.2836420736,1099.0,-544252.0,-96.2389999999998,214179.82500000537
2024-01-30,43287.6,43888.0,42665.6,42918.3,257582.59399999274,127240.03099999539,974381,475159.0,1.3359,135.0190000000001,158.31999999999974,0.01,0.01,0.001344,0.002157,0.01,0.01,0.005149,0.005149,77054.702,79323.535,73785.778,73834.585,-3102.5320000019565,-1387702.8156420756,-24063.0,-568315.0,-23.300999999999647,214156.52400000536
2024-01-31,42918.3,43748.6,42257.6,42560.5,313053.6240000031,156362.25399999457,1172922,585601.0,1.1848,177.73199999999983,131.2460000000002,0.002154,0.01,0.002154,0.01,0.002154,0.01,0.002154,0.01,73832.84,75316.045,71309.206,71956.546,-329.1160000139498,-1388031.9316420895,-1720.0,-570035.0,46.48599999999962,214203.01000000536
2024-02-01,42560.5,43288.0,41866.8,43072.6,274312.89399999916,137388.34099998933,1022609,515373.0,1.4184,345.1669999999993,136.27499999999992,0.01,0.01,0.01,0.01,0.01,0.01,0.01,0.01,71956.207,75983.823,71713.413,73885.104,463.78799997951137,-1387568.14364211,8137.0,-561898.0,208.89199999999937,214411.90200000536
2024-02-02,43072.6,43480.0,42512.7,43182.0,205759.43099999023,102853.87899999872,802725,395932.0,1.3747,55.75100000000003,83.32700000000008,0.01,0.01,0.00572,0.007593,0.01,0.01,0.01,0.01,73885.253,76333.267,73462.421,74292.333,-51.67299999279203,-1387619.8166421028,-10861.0,-572759.0,-27.57600000000005,214384.32600000536
2024-02-03,43182.0,43372.2,42858.3,42992.4,89735.21999999267,43576.70099999748,368302,187450.0,1.302,21.100000000000012,15.038000000000004,0.007627,0.01,0.007135,0.008311,0.007627,0.009042,0.007627,0.008028,74292.463,76043.522,74289.456,75687.747,-2581.8179999977,-1390201.6346421004,6598.0,-566161.0,6.062000000000008,214390.38800000536
2024-02-04,42992.4,43112.1,42176.7,42570.3,127421.54799999663,61808.73199999753,494299,247572.0,1.3386,61.781000000000006,22.64699999999998,0.008307,0.01,0.007176,0.01,0.008307,0.01,0.008307,0.01,75687.805,77905.465,75279.975,77284.765,-3804.084000001574,-1394005.718642102,845.0,-565316.0,39.13400000000003,214429.52200000535
2024-02-05,42570.3,43580.0,42235.1,42692.9,240655.66699999457,120655.2899999958,890055,445936.0,1.5471,94.59600000000012,101.8990000000001,0.01,0.01,0.0089,0.01,0.01,0.01,0.01,0.01,77285.639,81083.747,77096.449,79774.407,654.9129999970319,-1393350.8056421052,1817.0,-563499.0,-7.302999999999983,214422.21900000534
2024-02-06,42693.0,43378.8,42559.8,43079.1,196110.93899999317,97611.42899999605,711515,351151.0,1.7824,149.71399999999997,71.9870000000001,0.01,0.01,0.005846,0.007582,0.01,0.01,0.006723,0.01,79766.422,81980.497,79554.116,80317.959,-888.0810000010824,-1394238.8866421063,-9213.0,-572712.0,77.72699999999988,214499.94600000535
2024-02-07,43079.1,44388.0,42763.4,44326.2,252056.028999996,130578.39499999706,866076,437686.0,1.2507,46.501000000000005,159.38899999999987,0.007527,0.01,0.004415,0.01,0.007527,0.008306,0.005373,0.008306,80318.37,82879.437,78569.383,82819.667,9100.760999998136,-1385138.1256421083,9296.0,-563416.0,-112.88799999999986,214387.05800000535
2024-02-08,44326.3,45600.0,44306.8,45269.1,299696.4469999974,150380.4859999891,1064834,521003.0,1.0458,40.425000000000004,196.91299999999984,0.01,0.01,0.001964,0.003161,0.01,0.01,0.00259,0.00259,82819.964,87306.116,82601.99,85117.826,1064.5249999807565,-1384073.6006421275,-22828.0,-586244.0,-156.48799999999983,214230.57000000533
2024-02-09,45269.2,48230.3,45218.1,47116.1,519919.4190000074,266454.9210000001,1886117,940404.0,0.807,81.08400000000013,247.35499999999877,0.00316,0.01,0.001106,0.008041,0.00316,0.01,0.00316,0.009801,85117.826,85849.206,82603.004,83205.895,12990.422999992792,-1371083.1776421347,-5309.0,-591553.0,-166.27099999999865,214064.29900000533
2024-02-10,47116.1,48189.6,46836.4,47732.6,179626.60399999583,91198.27299999629,716714,355478.0,0.7212,46.781000000000034,82.46300000000004,0.008041,0.01,0.008041,0.01,0.008041,0.01,0.008041,0.01,83206.804,86809.486,83052.77,86799.432,2769.9419999967504,-1368313.235642138,-5758.0,-597311.0,-35.682,214028.61700000532
2024-02-11,47732.6,48600.0,47539.4,48303.4,209951.7169999963,105168.3159999941,863630,431698.0,0.6485,72.658,96.00600000000016,0.01,0.01,0.01,0.01,0.01,0.01,0.01,0.01,86797.828,89881.155,86287.372,89342.954,384.9149999918882,-1367928.320642146,-234.0,-597545.0,-23.348000000000155,214005.26900000533
2024-02-12,48303.5,50413.2,47702.0,49943.6,450895.11999999953,229461.78199999465,1702938,847817.0,0.6793,126.75000000000013,336.226999999998,0.01,0.01,0.01,0.01,0.01,0.01,0.01,0.01,89342.142,94611.038,88274.076,92357.13,8028.443999989773,-1359899.8766421564,-7304.0,-604849.0,-209.47699999999787,213795.79200000534
2024-02-13,49943.5,50428.8,48301.0,49696.4,382272.4110000062,187350.9439999937,1471213,725827.0,0.6088,108.50800000000015,152.84699999999992,0.01,0.01,0.01,0.01,0.01,0.01,0.01,0.01,92362.868,94226.388,88154.736,88189.155,-7570.523000018788,-1367470.399642175,-19559.0,-624408.0,-44.33899999999977,213751.45300000533
2024-02-14,49696.4,52100.0,49215.7,51823.2,395191.7909999949,202339.2460000002,1604064,810517.0,0.7924,89.64900000000009,376.02299999999957,0.01,0.014377,0.01,0.01,0.01,0.012283,0.01,0.012283,88189.736,93002.448,86946.553,90532.429,9486.701000005472,-1357983.6986421696,16970.0,-607438.0,-286.37399999999946,213465.07900000532
2024-02-15,51823.1,52859.0,51334.9,51898.5,392724.6030000001,194206.65099999477,1611496,796296.0,0.5883,157.3969999999999,307.29499999999916,0.01,0.01,0.01,0.01,0.01,0.01,0.01,0.01,90522.381,91557.446,86480.011,87211.358,-4311.301000010571,-1362294.9996421803,-18904.0,-626342.0,-149.89799999999926,213315.18100000534
2024-02-16,51898.4,52623.0,51611.7,52148.6,259576.39800000173,129797.461999991,1122047,559432.0,0.6906,62.18000000000007,100.15599999999995,0.01,0.019927,0.01,0.01,0.01,0.01,0.01,0.01,87212.01,90432.933,86968.678,87551.973,18.525999980280176,-1362276.4736422,-3183.0,-629525.0,-37.97599999999988,213277.20500000534
2024-02-17,52148.7,52192.8,50647.5,51679.4,222341.38400000051,110403.61499999423,908023,458145.0,0.6714,90.22400000000002,90.10300000000005,0.01,0.019099,0.01,0.017255,0.01,0.016041,0.01,0.016041,87551.034,89822.758,86988.285,87481.541,-1534.1540000120585,-1363810.627642212,8267.0,-621258.0,0.12099999999996669,213277.32600000536
2024-02-18,51679.5,52450.0,51178.0,52175.9,166636.42599999363,82558.35499999655,748142,383208.0,0.7593,52.058000000000085,158.54499999999985,0.01724,0.023656,0.013821,0.023083,0.01724,0.01724,0.015305,0.017095,87481.265,87481.265,84672.33,85538.797,-1519.7160000005388,-1365330.3436422125,18274.0,-602984.0,-106.48699999999977,213170.83900000536
2024-02-19,52175.9,52532.9,51688.8,51813.8,196375.52200000203,97117.74199999325,915871,452762.0,0.7298,125.88300000000007,149.35799999999975,0.023083,0.024406,0.01021,0.010392,0.023064,0.023064,0.013327,0.013327,85538.503,88325.805,85521.567,87686.123,-2140.038000015542,-1367470.381642228,-10347.0,-613331.0,-23.47499999999968,213147.36400000536
2024-02-20,51813.7,53090.9,50788.0,52297.4,385290.95199999725,190714.8150000003,1542463,779097.0,0.7986,337.5100000000003,192.31599999999972,0.010461,0.025327,0.01,0.01,0.010461,0.020259,0.010461,0.020259,87687.554,91265.383,87076.433,87205.584,-3861.3219999966677,-1371331.7036422247,15731.0,-597600.0,145.19400000000056,213292.55800000535
2024-02-21,52297.3,52402.3,50528.4,51877.8,307574.33499999717,150824.7859999931,1288632,643223.0,0.7886,163.25299999999996,94.92100000000003,0.01,0.012042,0.01,0.01,0.01,0.011242,0.01,0.01,87205.701,90956.727,86248.387,86253.444,-5924.763000010978,-1377256.4666422356,-2186.0,-599786.0,68.33199999999992,213360.89000000534
2024-02-22,51877.9,52130.8,50967.5,51316.9,244048.3879999983,120400.26199998974,1043135,524030.0,1.0198,95.09000000000013,91.01100000000001,0.01,0.014689,0.01,0.01,0.01,0.01348,0.01,0.012557,86253.411,88662.46,84503.114,84878.405,-3247.8640000188025,-1380504.3306422546,4925.0,-594861.0,4.079000000000121,213364.96900000534
2024-02-23,51316.9,51576.3,50512.7,50771.9,215468.15099999853,103484.63799999106,933657,471346.0,0.9639,98.6810000000001,48.115000000000045,0.01,0.01914,0.01,0.01,0.01,0.012991,0.01,0.012991,84878.592,90612.785,84607.427,88242.224,-8498.875000016415,-1389003.2056422709,9035.0,-585826.0,50.56600000000005,213415.53500000533
2024-02-24,50771.9,51736.6,50611.4,51602.1,104914.68299999207,53597.800000001866,521780,264681.0,1.1858,14.148000000000001,66.72600000000001,0.01,0.011384,0.01,0.011384,0.01,0.01,0.01,0.01,88242.537,89040.549,86635.099,87049.363,2280.9170000116574,-1386722.2886422593,7582.0,-578244.0,-52.57800000000001,213362.95700000532
2024-02-25,51602.1,52050.0,51300.4,51764.9,122109.62899999283,61168.251999999964,576908,292564.0,0.9893,43.63800000000005,81.43699999999997,0.011438,0.027685,0.01,0.026807,0.011438,0.015062,0.011438,0.015062,87046.89,88261.496,86110.815,86418.411,226.87500000710133,-1386495.4136422523,8220.0,-570024.0,-37.79899999999992,213325.15800000532
2024-02-26,51764.9,54991.8,50922.5,54511.6,393466.0659999948,204557.6969999991,1564072,783462.0,0.9365,62.893000000000164,447.52999999999895,0.026761,0.038562,0.017184,0.03234,0.026761,0.027227,0.021567,0.027227,86417.698,88719.755,84582.66,84941.083,15649.328000003414,-1370846.0856422489,2852.0,-567172.0,-384.6369999999988,212940.52100000533
2024-02-27,54511.7,57780.0,54495.0,57074.5,511341.06399999256,261239.16400000112,2164422,1086212.0,0.6798,269.0589999999993,311.68499999999887,0.032262,0.101149,0.017755,0.026756,0.032262,0.073521,0.022965,0.022965,84918.983,85872.243,79095.798,80696.898,11137.264000009687,-1359708.821642239,8002.0,-559170.0,-42.62599999999958,212897.89500000534
2024-02-28,57074.5,64300.0,56730.1,62487.9,1000298.0450000076,507959.32300000417,4092846,2049472.0,0.7559,227.32099999999963,835.9239999999949,0.026729,0.098887,0.020633,0.069385,0.026729,0.053538,0.023682,0.053538,80697.727,84641.625,71600.387,75349.13,15620.601000000723,-1344088.2206422384,6098.0,-553072.0,-608.6029999999953,212289.29200000534
2024-02-29,62488.0,63762.8,60452.0,61203.3,584585.2870000026,288273.9519999994,2765476,1374589.0,0.9984,268.77599999999944,205.24599999999967,0.069385,0.091756,0.053435,0.053443,0.069091,0.076337,0.057031,0.057031,75352.758,76754.024,71330.96,71951.651,-8037.383000003756,-1352125.603642242,-16298.0,-569370.0,63.529999999999774,212352.82200000534
2024-03-01,61203.4,63199.0,60844.8,62430.6,299202.39799999434,149176.392999997,1433929,713553.0,1.1529,59.072000000000074,325.79399999999947,0.053322,0.073961,0.033552,0.033552,0.053322,0.064824,0.04601,0.04601,71953.723,75312.311,71952.878,73881.157,-849.6120000003139,-1352975.2156422422,-6823.0,-576193.0,-266.7219999999994,212086.10000000533
2024-03-02,62430.6,62513.1,61605.0,62039.9,159283.62900000758,78157.05399999383,826153,406151.0,1.0708,67.83200000000001,66.60799999999999,0.033426,0.073905,0.033215,0.046267,0.033426,0.057174,0.033426,0.056396,73877.997,74121.675,72289.066,72911.232,-2969.521000019915,-1355944.7366422622,-13851.0,-590044.0,1.224000000000018,212087.32400000532
2024-03-03,62039.9,63330.9,61339.5,63178.5,200311.58300000013,100689.42599999387,980946,484107.0,1.2931,63.37500000000013,123.95199999999981,0.046267,0.056305,0.042227,0.055056,0.046267,0.046267,0.042989,0.044598,72926.14,75949.984,72287.278,75625.778,1067.268999987602,-1354877.4676422747,-12732.0,-602776.0,-60.576999999999686,212026.74700000533
2024-03-04,63178.6,68600.0,62299.0,68296.4,632760.089999995,315905.2719999991,3043028,1525948.0,1.1584,144.9509999999996,533.0709999999987,0.055071,0.076095,0.046745,0.049057,0.055071,0.06362,0.046833,0.06362,75632.077,82514.564,75567.461,81105.783,-949.5459999967134,-1355827.0136422715,8868.0,-593908.0,-388.1199999999991,211638.62700000533
2024-03-05,68296.5,69350.0,59112.0,63747.4,1045471.232999999,502153.0229999984,5237224,2591440.0,1.1133,484.06099999999856,422.6869999999987,0.04896,0.101329,0.036663,0.036663,0.04896,0.088148,0.04896,0.088148,81105.826,83282.166,70764.768,71727.937,-41165.18700000213,-1396992.2006422738,-54344.0,-648252.0,61.37399999999985,211700.00100000534
2024-03-06,63747.5,67729.5,62829.3,66128.1,534011.6300000012,264966.52599999984,3092594,1545670.0,1.6164,239.3679999999998,280.25299999999913,0.03628,0.058174,0.020323,0.030368,0.03628,0.049354,0.033876,0.049354,71725.142,76471.125,71291.778,73265.095,-4078.578000001493,-1401070.7786422754,-1254.0,-649506.0,-40.88499999999934,211659.11600000534
2024-03-07,66128.0,68101.3,65609.3,66870.0,296051.59599999746,147641.52199999784,1793877,891259.0,1.2341,76.61300000000001,123.50800000000008,0.030311,0.055785,0.030126,0.03494,0.030311,0.054217,0.030311,0.054217,73264.399,75651.794,73204.813,73481.723,-768.5520000017714,-1401839.3306422771,-11359.0,-660865.0,-46.89500000000007,211612.22100000535
2024-03-08,66870.0,70330.8,66120.0,68180.2,459387.26999999036,231568.82200000455,2606144,1296630.0,1.1964,125.12600000000003,149.26600000000016,0.034819,0.063152,0.01906,0.019134,0.034819,0.062913,0.034819,0.062913,73480.473,78527.844,73216.085,73988.968,3750.3740000187536,-1398088.9566422584,-12884.0,-673749.0,-24.14000000000013,211588.08100000533
2024-03-09,68180.3,68608.7,67908.7,68360.1,94898.925999988,45581.199999999604,592446,293576.0,1.2134,33.789,38.22700000000002,0.019134,0.034412,0.019115,0.031097,0.019134,0.031281,0.019134,0.026407,73990.368,74494.977,72974.143,73649.462,-3736.525999988793,-1401825.4826422473,-5294.0,-679043.0,-4.438000000000017,211583.64300000534
2024-03-10,68360.2,69999.8,68155.0,69001.8,233596.9730000001,116161.40599998462,1332996,665700.0,1.2391,80.35000000000001,220.59099999999972,0.031097,0.079688,0.030708,0.035489,0.03101,0.063451,0.03101,0.054479,73649.466,78881.173,73626.07,77404.868,-1274.1610000308428,-1403099.6436422782,-1596.0,-680639.0,-140.2409999999997,211443.40200000533
2024-03-11,69001.9,72890.0,67000.0,72153.8,474396.4079999935,238156.80599999713,2652903,1323528.0,1.0886,110.15499999999994,182.67299999999994,0.035489,0.124188,0.031789,0.044477,0.035489,0.078428,0.035489,0.066396,77405.912,80851.711,76238.387,79399.229,1917.2040000007837,-1401182.4396422773,-5847.0,-686486.0,-72.518,211370.88400000532
2024-03-12,72153.9,73370.0,68600.0,71503.2,472024.2760000015,231710.26300000187,2677618,1328838.0,0.8871,125.2590000000001,131.09799999999993,0.04447,0.061607,0.033263,0.033263,0.04447,0.047935,0.04447,0.047935,79396.555,81650.423,78054.132,78120.796,-8603.749999997788,-1409786.1896422752,-19942.0,-706428.0,-5.838999999999828,211365.0450000053
2024-03-13,71503.3,73755.0,71388.1,73127.6,288217.6080000009,144726.41699999946,1727028,857620.0,1.3408,41.42100000000004,138.9879999999999,0.033224,0.072944,0.024472,0.024472,0.033224,0.06442,0.033224,0.045402,78120.762,81858.268,77831.544,80395.429,1235.2259999980452,-1408550.9636422773,-11788.0,-718216.0,-97.56699999999984,211267.4780000053
2024-03-14,73127.5,73881.4,68600.0,71455.5,513868.94199999835,252621.14599999913,2860941,1427512.0,1.019,206.7819999999997,167.9219999999998,0.024393,0.046584,0.024189,0.038569,0.024393,0.038753,0.024393,0.038258,80396.764,84987.57,80395.811,83984.058,-8626.650000000081,-1417177.6136422774,-5917.0,-724133.0,38.8599999999999,211306.3380000053
2024-03-15,71455.6,72500.0,65580.0,69552.2,704903.8289999955,342954.0629999985,4261221,2091037.0,1.6137,326.9159999999983,286.24399999999986,0.038515,0.041217,0.01,0.01,0.038515,0.038515,0.014328,0.015306,83981.476,84465.952,75917.706,79340.548,-18995.702999998466,-1436173.316642276,-79147.0,-803280.0,40.671999999998434,211347.01000000528
2024-03-16,69552.1,70097.6,64750.0,65351.0,333153.4570000005,158772.29399999575,2087070,1024564.0,1.6817,221.62999999999965,102.2,0.01,0.028803,0.01,0.013089,0.01,0.023202,0.01,0.020813,79344.987,79953.967,76334.661,76568.005,-15608.869000009028,-1451782.185642285,-37942.0,-841222.0,119.42999999999965,211466.44000000527
2024-03-17,65351.0,68972.4,64559.8,68447.9,314890.17699999455,157746.9310000006,1948558,981886.0,2.0469,85.57800000000009,178.036,0.013089,0.029612,0.010747,0.020162,0.013089,0.024827,0.013089,0.024827,76563.108,79153.658,76251.983,78535.341,603.6850000066333,-1451178.5006422785,15214.0,-826008.0,-92.45799999999991,211373.98200000526
2024-03-18,68447.9,69044.4,66601.6,67660.0,317808.0429999899,157488.0509999976,2051398,1021137.0,1.5381,133.0350000000001,157.87800000000018,0.020181,0.035352,0.02017,0.026972,0.020181,0.030597,0.020181,0.027195,78536.186,80902.537,77493.803,79113.083,-2831.9409999946947,-1454010.4416422732,-9124.0,-835132.0,-24.843000000000075,211349.13900000526
2024-03-19,67660.0,68178.6,61582.8,61974.1,700466.9190000014,341387.33399999485,3948964,1950502.0,1.588,353.49999999999864,198.27899999999954,0.026923,0.033726,0.01,0.015774,0.026923,0.029065,0.024018,0.024018,79103.786,82194.896,77746.319,77962.43,-17692.25100001169,-1471702.692642285,-47960.0,-883092.0,155.2209999999991,211504.36000000525
2024-03-20,61974.2,68140.0,60800.0,67876.4,637348.0259999963,322741.6719999928,3702935,1852336.0,2.251,319.27899999999903,314.4799999999993,0.015847,0.026492,0.01,0.010527,0.015847,0.018388,0.01,0.01,77961.928,79917.304,76077.603,76950.537,8135.31799998926,-1463567.3746422958,1737.0,-881355.0,4.798999999999751,211509.15900000525
2024-03-21,67876.3,68293.9,64550.1,65539.9,345952.96699999284,170045.64299999533,2301266,1142944.0,1.3196,126.42100000000023,120.20299999999995,0.010403,0.027049,0.01,0.016335,0.010403,0.01951,0.010403,0.01951,76951.912,78441.82,75338.76,75345.274,-5861.681000002194,-1469429.055642298,-15378.0,-896733.0,6.218000000000288,211515.37700000525
2024-03-22,65539.9,66691.9,62294.0,63826.0,401149.33299998747,193242.8580000021,2344615,1155037.0,1.8744,144.80600000000013,223.6079999999995,0.016271,0.016271,0.01,0.01,0.016271,0.016271,0.01,0.011993,75345.375,77271.384,73063.49,73071.878,-14663.616999983264,-1484092.6726422813,-34541.0,-931274.0,-78.80199999999937,211436.57500000525
2024-03-23,63826.1,66050.0,63020.2,64020.3,237875.95300000272,118222.67899999002,1316323,654538.0,2.3625,76.13400000000006,79.37400000000007,0.01,0.017535,0.01,0.01042,0.01,0.010806,0.01,0.010806,73080.447,75522.718,71963.504,73938.811,-1430.595000022673,-1485523.2676423038,-7247.0,-938521.0,-3.240000000000009,211433.33500000526
2024-03-24,64020.4,67700.0,63822.0,67260.9,244179.4349999991,127453.1189999907,1436250,729811.0,1.6151,38.705999999999996,195.61299999999991,0.010351,0.025759,0.01,0.025586,0.010351,0.015884,0.010351,0.015884,73938.077,77533.379,73470.809,77031.661,10726.80299998229,-1474796.4646423215,23372.0,-915149.0,-156.90699999999993,211276.42800000525
2024-03-25,67260.9,71228.3,66427.6,69920.5,395156.190999997,200494.86100000213,2247966,1116519.0,1.4096,85.79000000000006,200.40899999999976,0.025549,0.032484,0.016216,0.021965,0.025549,0.028815,0.016324,0.028815,77041.161,80072.881,76539.363,78817.747,5833.531000007235,-1468962.9336423143,-14928.0,-930077.0,-114.6189999999997,211161.80900000525
2024-03-26,69920.6,71649.0,69320.0,70044.1,307845.45899999887,153832.01600000027,1803040,894295.0,1.0538,88.91100000000014,89.08399999999996,0.021963,0.040703,0.017239,0.028794,0.021963,0.026764,0.018348,0.026764,78824.061,79882.64,77049.032,79656.684,-181.42699999833712,-1469144.3606423126,-14450.0,-944527.0,-0.17299999999981708,211161.63600000524
2024-03-27,70044.2,71888.0,68364.8,69532.6,407757.78100000316,201598.35300000015,2253431,1123441.0,1.1768,84.35400000000004,138.21199999999996,0.028757,0.045608,0.02325,0.024195,0.028757,0.043631,0.028757,0.043631,79655.698,84616.346,79332.36,83136.921,-4561.075000002864,-1473705.4356423155,-6549.0,-951076.0,-53.85799999999992,211107.77800000523
2024-03-28,69532.6,71636.2,68941.0,70838.7,242182.42000000295,121787.09299998956,1473135,735415.0,1.5272,42.99499999999999,227.7909999999996,0.024195,0.035473,0.017079,0.018248,0.024195,0.029899,0.024195,0.02943,83136.343,84541.584,81316.591,83098.473,1391.7659999761672,-1472313.6696423395,-2305.0,-953381.0,-184.7959999999996,210922.98200000523
2024-03-29,70838.8,70976.9,69000.0,69903.6,187971.20300000117,90312.60899998882,1104680,541325.0,1.0872,108.17600000000004,51.62800000000005,0.01825,0.031898,0.01825,0.019624,0.01825,0.03017,0.01825,0.03017,83097.405,84357.032,81047.99,81097.21,-7345.985000023531,-1479659.654642363,-22030.0,-975411.0,56.547999999999995,210979.53000000524
2024-03-30,69903.5,70388.0,69577.2,69642.1,91126.38799999128,44861.6280000025,574405,282818.0,1.5221,16.54299999999999,28.677000000000007,0.019624,0.037305,0.018599,0.032404,0.019624,0.03436,0.019624,0.03436,81097.028,81192.658,80243.557,80243.557,-1403.1319999862753,-1481062.7866423493,-8769.0,-984180.0,-12.134000000000018,210967.39600000525
2024-03-31,69642.0,71495.5,69608.0,71363.0,132458.78599999336,68649.95400000055,741850,373368.0,1.3969,14.136999999999997,100.36700000000023,0.032351,0.074097,0.029811,0.070103,0.032351,0.040301,0.032351,0.040301,80226.158,83327.074,80160.115,82700.513,4841.122000007745,-1476221.6646423417,4886.0,-979294.0,-86.23000000000023,210881.16600000524
2024-04-01,71363.0,71388.0,68103.3,69700.0,282802.3829999937,137259.4209999945,1517286,744837.0,1.157,101.17400000000013,98.31000000000014,0.070161,0.071097,0.010228,0.010964,0.070161,0.070161,0.027469,0.027469,82700.207,85832.666,81272.893,84164.362,-8283.541000004683,-1484505.2056423463,-27612.0,-1006906.0,2.86399999999999,210884.03000000524
2024-04-02,69700.0,69731.6,64603.2,65505.3,492178.68399999477,233792.78900000436,2598686,1275312.0,1.5138,157.82299999999958,200.51499999999993,0.010926,0.02325,0.01,0.01,0.010926,0.016456,0.01,0.016456,84161.44,84383.865,77674.326,78042.84,-24593.10599998606,-1509098.3116423325,-48062.0,-1054968.0,-42.69200000000035,210841.33800000523
2024-04-03,65502.4,66940.0,64500.0,65971.9,274475.1909999991,136166.6639999907,1499230,738440.0,2.2041,64.96400000000014,248.25699999999878,0.01,0.01,0.01,0.01,0.01,0.01,0.01,0.01,78042.573,80549.486,77620.645,80095.552,-2141.8630000177072,-1511240.17464235,-22350.0,-1077318.0,-183.29299999999864,210658.04500000522
2024-04-04,65971.8,69329.7,65100.0,68489.9,326349.3639999949,165255.33000000048,1680922,842908.0,2.1407,66.50900000000004,178.5569999999997,0.01,0.01,0.01,0.01,0.01,0.01,0.01,0.01,80098.468,82460.71,78309.512,78455.134,4161.296000006085,-1507078.878642344,4894.0,-1072424.0,-112.04799999999966,210545.9970000052
2024-04-05,68489.8,68787.1,65966.0,67825.7,313547.23899998626,155082.6880000032,1735266,856918.0,1.482,121.235,118.04199999999999,0.01,0.01,0.01,0.01,0.01,0.01,0.01,0.01,78454.248,78512.592,74844.79,75171.87,-3381.8629999798723,-1510460.7416423238,-21430.0,-1093854.0,3.193000000000012,210549.1900000052
2024-04-06,67825.8,69708.0,67450.0,68901.6,127343.72599999404,64920.835000000065,804346,413212.0,1.6281,19.518000000000015,99.46600000000007,0.01,0.01,0.01,0.01,0.01,0.01,0.01,0.01,75171.82,76870.35,74818.741,76495.483,2497.944000006086,-1507962.7976423176,22078.0,-1071776.0,-79.94800000000005,210469.2420000052
2024-04-07,68901.5,70395.0,68820.6,69362.7,171783.46200000113,87513.44199999284,1016067,502082.0,1.3359,42.08400000000002,164.8259999999999,0.01,0.01,0.01,0.01,0.01,0.01,0.01,0.01,76496.002,81163.804,76490.357,80047.708,3243.4219999845373,-1504719.3756423332,-11903.0,-1083679.0,-122.74199999999989,210346.5000000052
2024-04-08,69362.7,72890.4,69040.4,71678.4,297233.64899999386,152753.1440000038,1676525,846279.0,1.2457,67.91800000000002,209.75099999999938,0.01,0.039416,0.01,0.020915,0.01,0.035189,0.01,0.035189,80046.778,83072.007,78571.274,80240.898,8272.639000013762,-1496446.7366423195,16033.0,-1067646.0,-141.83299999999934,210204.6670000052
2024-04-09,71678.3,71820.6,68216.0,69189.3,334053.9819999962,160554.09800000236,1875505,915804.0,1.0602,128.9180000000001,80.0930000000001,0.020915,0.023648,0.011694,0.011959,0.020915,0.020915,0.019061,0.019061,80240.882,81983.646,79628.334,80192.803,-12945.785999991465,-1509392.522642311,-43897.0,-1111543.0,48.82499999999999,210253.4920000052
2024-04-10,69189.2,71412.2,67546.2,70681.7,337774.67999999755,167241.53100000025,1857678,931545.0,1.7701,85.01200000000017,157.4429999999998,0.011929,0.019288,0.01,0.013976,0.011929,0.012457,0.01,0.01,80192.664,80459.667,78386.43,79460.002,-3291.617999997048,-1512684.140642308,5412.0,-1106131.0,-72.43099999999964,210181.0610000052
2024-04-11,70681.8,71387.4,69592.6,70055.7,256116.08500000308,127109.60499999055,1501842,740553.0,1.4021,61.92500000000008,159.5040000000002,0.013979,0.028553,0.01,0.011258,0.013979,0.020153,0.013979,0.019763,79462.71,83749.054,79318.389,81698.307,-1896.8750000219734,-1514581.0156423298,-20736.0,-1126867.0,-97.57900000000011,210083.4820000052
2024-04-12,70055.6,71297.0,65178.0,67136.4,406089.2689999963,194781.51800000033,2112358,1036635.0,1.3052,178.4579999999997,88.62200000000003,0.011258,0.033762,0.01,0.01,0.011258,0.02563,0.011258,0.012214,81698.273,84997.789,79225.406,80078.395,-16526.232999995642,-1531107.2486423254,-39088.0,-1165955.0,89.83599999999969,210173.3180000052
2024-04-13,67136.4,67975.4,59652.5,63939.7,508605.92500000127,242617.50599999446,2874068,1425027.0,2.0075,496.51799999999986,235.22699999999926,0.01,0.01,0.01,0.01,0.01,0.01,0.01,0.01,80078.276,80132.234,66225.687,66903.547,-23370.91300001234,-1554478.1616423377,-24014.0,-1189969.0,261.2910000000006,210434.6090000052
2024-04-14,63939.7,65822.1,62139.3,65615.9,395770.132999995,196030.05999999586,2325008,1152458.0,1.924,133.377,141.8840000000001,0.01,0.01,0.01,0.01,0.01,0.01,0.01,0.01,66895.914,68236.766,65650.787,67004.224,-3710.013000003295,-1558188.174642341,-20092.0,-1210061.0,-8.50700000000009,210426.1020000052
2024-04-15,65615.9,66874.9,62242.5,63392.7,381552.74500000523,186914.5940000006,2260215,1114211.0,1.7167,130.3920000000002,106.77700000000013,0.01,0.01,0.001376,0.006058,0.01,0.01,0.001759,0.01,67004.724,69336.562,65964.887,65971.892,-7723.557000004046,-1565911.731642345,-31793.0,-1241854.0,23.615000000000066,210449.71700000518
2024-04-16,63392.8,64356.3,61521.0,63765.0,405931.4390000004,202402.98699999874,2392932,1209418.0,2.1556,139.51099999999994,120.11499999999995,0.005953,0.01,0.001357,0.006331,0.005953,0.009525,0.003513,0.003513,65971.44,67887.8,64137.183,64172.472,-1125.465000002936,-1567037.1966423478,25904.0,-1215950.0,19.395999999999987,210469.1130000052
2024-04-17,63764.9,64483.3,59625.0,61254.5,443992.6950000008,217647.5380000047,2483895,1231668.0,1.9257,159.53199999999987,123.50900000000013,0.006375,0.01,0.00035,0.006937,0.006375,0.006534,0.003574,0.006534,64172.079,69903.922,64149.611,67048.344,-8697.61899999145,-1575734.8156423392,-20559.0,-1236509.0,36.02299999999974,210505.13600000518
2024-04-18,61254.5,64100.0,60763.8,63445.0,363158.1639999952,182828.08099999864,2095449,1046305.0,2.4153,117.18000000000012,135.6749999999999,0.006937,0.008844,-0.005435,-0.003168,0.006937,0.006937,-0.003334,-0.003334,67048.386,69249.945,66411.886,67634.077,2497.9980000020587,-1573236.8176423372,-2839.0,-1239348.0,-18.494999999999777,210486.64100000518
2024-04-19,63445.0,65480.0,59541.0,63787.4,574264.0599999902,287739.6349999953,3312213,1659155.0,1.6021,193.8429999999994,183.93599999999975,-0.00312,0.01,-0.00312,0.01,-0.00312,0.006641,-0.00312,0.00588,67633.149,67985.835,64231.907,65864.772,1215.2100000004284,-1572021.6076423367,6097.0,-1233251.0,9.906999999999641,210496.5480000052
2024-04-20,63787.4,65400.0,63045.1,64897.2,197142.25999999934,99413.05699999347,1257177,626022.0,1.4201,36.47200000000003,62.88200000000015,0.01,0.01,-0.001623,0.003259,0.01,0.01,-0.000766,0.004204,65866.307,67270.066,65457.091,67260.129,1683.8539999875939,-1570337.753642349,-5133.0,-1238384.0,-26.410000000000117,210470.1380000052
2024-04-21,64897.2,65678.7,64214.2,64912.6,160533.9479999981,80394.91499999352,1058455,531873.0,1.4594,26.961999999999968,37.402000000000015,0.003186,0.01,-0.002692,0.004423,0.003186,0.008271,-0.002093,0.008271,67260.187,68058.43,66425.597,66885.534,255.88199998892378,-1570081.87164236,5291.0,-1233093.0,-10.440000000000047,210459.69800000518
2024-04-22,64912.7,67222.0,64470.5,66778.0,246268.41100000238,125262.7919999888,1526019,759248.0,1.4108,52.20000000000001,67.25200000000012,0.004409,0.005345,-0.002382,-0.001269,0.004409,0.004409,0.000898,0.000898,66885.604,69128.684,66127.563,69060.088,4257.172999975213,-1565824.6986423847,-7523.0,-1240616.0,-15.052000000000113,210444.6460000052
2024-04-23,66777.9,67158.9,65750.0,66386.3,178607.71100000342,87610.9699999877,1107955,553602.0,1.2056,46.44900000000001,42.961000000000034,-0.001236,0.007031,-0.001895,0.001432,-0.001236,0.00524,-0.001236,-0.001083,69060.117,70390.016,67952.375,68073.745,-3385.771000028006,-1569210.4696424128,-751.0,-1241367.0,3.4879999999999782,210448.1340000052
2024-04-24,66386.2,67068.2,63575.0,64250.0,280478.4489999953,135374.72699999448,1576722,782906.0,1.3546,109.66699999999997,50.11000000000007,0.001413,0.01,0.000657,0.00702,0.001413,0.007047,0.001413,0.007047,68073.632,70388.161,67830.502,70078.991,-9728.99500000634,-1578939.4646424192,-10910.0,-1252277.0,59.5569999999999,210507.6910000052
2024-04-25,64250.0,65270.6,62721.3,64478.8,274968.1029999956,135632.33499999746,1610945,808177.0,1.9044,216.8529999999997,97.86200000000015,0.00702,0.01,-0.001805,0.00168,0.00702,0.00702,0.00114,0.00114,70079.174,70510.846,66636.466,67299.014,-3703.4330000006594,-1582642.89764242,5409.0,-1246868.0,118.99099999999954,210626.6820000052
2024-04-26,64478.7,64783.1,63291.5,63748.8,202149.40299999682,101320.65999999308,1185289,598869.0,1.6802,58.84700000000003,33.892,0.001709,0.01,0.000174,0.01,0.001709,0.005562,0.000685,0.005562,67299.09,68563.436,66201.92,67291.391,491.9169999893347,-1582150.9806424305,12449.0,-1234419.0,24.955000000000027,210651.6370000052
2024-04-27,63748.7,63901.4,62332.8,63421.0,167349.1089999937,81226.94199998726,1011630,503363.0,2.0166,54.86000000000014,36.35000000000004,0.01,0.01,0.001023,0.001023,0.01,0.01,0.002834,0.002834,67292.83,68196.999,66145.339,67163.36,-4895.225000019185,-1587046.2056424497,-4904.0,-1239323.0,18.510000000000105,210670.1470000052
2024-04-28,63420.9,64350.0,62700.0,63088.3,126056.15099999032,61663.89999999768,788269,391849.0,2.1786,37.130000000000024,42.86000000000008,0.001006,0.003744,-0.002772,0.002519,0.001006,0.002782,-0.002081,0.002782,67163.266,68160.538,65745.742,65745.742,-2728.35099999496,-1589774.5566424446,-4571.0,-1243894.0,-5.730000000000054,210664.4170000052
2024-04-29,63088.4,64200.0,61726.2,63842.4,228279.71300000232,113418.58499998902,1326200,660661.0,2.1959,72.774,73.92599999999997,0.002472,0.009819,0.000859,0.00974,0.002472,0.006828,0.002472,0.006828,65747.388,68776.943,65638.103,66573.917,-1442.5430000242777,-1591217.0996424688,-4878.0,-1248772.0,-1.1519999999999726,210663.2650000052
2024-04-30,63842.4,64700.0,59150.0,60651.2,408565.40099999536,198377.95400000107,2310553,1149073.0,1.8885,230.3520000000001,114.9450000000002,0.00974,0.01,0.009006,0.01,0.00974,0.01,0.009154,0.01,66574.265,74245.069,66151.846,72518.681,-11809.492999993206,-1603026.592642462,-12407.0,-1261179.0,115.40699999999988,210778.6720000052
2024-05-01,60651.2,60816.7,56537.7,58307.6,564108.3889999955,274396.57899999566,3028999,1497507.0,3.4603,223.28399999999948,172.9029999999996,0.01,0.01,0.00524,0.0068,0.01,0.01,0.008946,0.009902,72563.141,73653.713,67899.533,68402.45,-15315.23100000422,-1618341.8236424662,-33985.0,-1295164.0,50.38099999999989,210829.0530000052
2024-05-02,58307.7,59637.3,56951.6,59036.7,299189.26499999594,149742.51199999487,1606859,804578.0,2.9588,71.77000000000015,84.04400000000007,0.006634,0.007245,-0.004973,-0.00159,0.006634,0.006634,-0.000123,-0.000123,68405.161,70588.479,67149.967,67524.061,295.7589999937918,-1618046.0646424724,2297.0,-1292867.0,-12.273999999999916,210816.7790000052
2024-05-03,59036.7,63333.0,58781.3,62853.7,353607.1929999992,181672.53500000582,1888322,955841.0,1.9317,66.65500000000007,169.97699999999978,-0.001549,0.008184,-0.004369,0.002668,-0.001549,0.008091,-0.003764,0.008091,67560.569,72392.948,67219.925,72116.462,9737.877000012435,-1608308.18764246,23360.0,-1269507.0,-103.3219999999997,210713.4570000052
2024-05-04,62853.7,64547.9,62520.0,63864.2,205204.46500000247,104726.50499998768,1144840,570858.0,1.2502,35.957,91.4440000000001,0.002703,0.01,0.002503,0.006927,0.002703,0.007455,0.002703,0.006265,72117.234,75480.669,71627.387,73775.284,4248.544999972888,-1604059.642642487,-3124.0,-1272631.0,-55.4870000000001,210657.9700000052
2024-05-05,63864.3,64644.3,62833.0,63988.0,185495.65299999778,94388.43599998925,1029020,512270.0,1.1358,46.036000000000016,74.01100000000007,0.006906,0.006906,-0.002507,0.000578,0.006906,0.006906,0.000647,0.003893,73775.179,73787.095,70857.816,72613.864,3281.218999980716,-1600778.4236425064,-4480.0,-1277111.0,-27.97500000000005,210629.9950000052
2024-05-06,63987.9,65500.0,62655.3,63142.8,305111.0159999917,151441.62100000292,1569704,769224.0,1.1281,104.40300000000008,79.21800000000015,0.000602,0.01,-0.003675,0.006076,0.000602,0.007746,-0.001031,0.007746,72614.685,76116.668,70772.891,70800.415,-2227.7739999858313,-1603006.1976424921,-31256.0,-1308367.0,25.18499999999993,210655.1800000052
2024-05-07,63142.7,64392.2,62203.6,62296.0,238974.6460000015,116629.62799999196,1331278,661907.0,1.3343,211.5949999999996,67.3790000000001,0.006064,0.01,-0.00126,0.004891,0.006064,0.009028,0.001581,0.009028,70800.16,73106.939,70631.01,70976.81,-5715.390000017564,-1608721.5876425097,-7464.0,-1315831.0,144.2159999999995,210799.3960000052
2024-05-08,62296.0,62994.9,60843.6,61157.9,239127.08399999846,117712.3439999917,1358926,675586.0,1.5582,120.477,90.34600000000017,0.004891,0.01,0.004891,0.005745,0.004891,0.009292,0.004891,0.009292,70979.019,72735.308,69542.343,69699.268,-3702.3960000150546,-1612423.9836425248,-7754.0,-1323585.0,30.13099999999983,210829.52700000518
2024-05-09,61157.9,63447.2,60550.0,63050.1,242450.47500000027,123008.36299999405,1317554,666659.0,1.907,37.22699999999999,123.62599999999992,0.005648,0.009092,-0.002647,0.000968,0.005648,0.007253,0.003315,0.007253,69699.689,71685.338,68643.017,69750.505,3566.250999987824,-1608857.732642537,15764.0,-1307821.0,-86.39899999999993,210743.12800000518
2024-05-10,63050.0,63446.5,60117.4,60778.1,307214.4819999916,146348.19100000357,1613562,785865.0,1.7739,191.9589999999996,92.07800000000003,0.001026,0.01,0.001026,0.00887,0.001026,0.007653,0.001026,0.007653,69750.504,74111.284,69129.636,71764.832,-14518.099999984435,-1623375.8326425215,-41832.0,-1349653.0,99.88099999999957,210843.00900000517
2024-05-11,60778.0,61491.4,60432.6,60809.2,113294.88399998973,56345.58600000059,683102,347840.0,2.4447,17.23099999999999,22.81299999999999,0.008881,0.00922,-0.000762,0.002534,0.008881,0.008881,0.003771,0.005067,71764.875,71782.013,70562.627,70962.798,-603.7119999885472,-1623979.5446425101,12578.0,-1337075.0,-5.582000000000001,210837.42700000518
2024-05-12,60809.1,61849.4,60557.3,61455.8,104043.79999999273,52092.5150000015,637946,321158.0,2.2573,27.456000000000003,117.63499999999996,0.002604,0.01,0.001975,0.01,0.002604,0.01,0.002604,0.01,70962.504,71158.151,68768.16,69739.804,141.23000001026958,-1623838.3146425,4370.0,-1332705.0,-90.17899999999996,210747.24800000517
2024-05-13,61455.7,63440.0,60750.0,62912.1,261825.60400000217,133057.46099998595,1394493,695728.0,1.9735,87.82900000000012,104.0090000000001,0.01,0.01,0.006546,0.009832,0.01,0.01,0.008469,0.009151,69739.599,72752.775,67967.796,71109.684,4289.317999969731,-1619548.9966425302,-3037.0,-1335742.0,-16.17999999999998,210731.06800000518
2024-05-14,62912.2,63099.6,60950.0,61550.5,244340.06600000334,119395.76399998635,1335863,656113.0,1.2497,81.10700000000006,29.680999999999987,0.009866,0.01,0.002799,0.01,0.009866,0.01,0.004392,0.004392,71111.902,71448.682,67506.979,67757.242,-5548.538000030647,-1625097.5346425609,-23637.0,-1359379.0,51.42600000000007,210782.4940000052
2024-05-15,61550.5,66440.0,61316.1,66175.4,365000.53499999794,190497.8810000057,1801170,905830.0,1.924,41.27500000000003,155.93900000000016,0.01,0.01,-0.007872,0.002119,0.01,0.01,-0.000385,0.002373,67757.606,73663.999,67741.188,73613.139,15995.22700001346,-1609102.3076425474,10490.0,-1348889.0,-114.66400000000013,210667.8300000052
2024-05-16,66175.5,66800.0,64567.0,65217.7,242369.25100000136,118254.99399999372,1234114,606097.0,0.9486,70.16599999999998,59.741000000000156,0.002103,0.01,-0.002459,0.004617,0.002103,0.005148,0.002103,0.003543,73615.103,75625.452,72062.553,72377.359,-5859.263000013918,-1614961.5706425614,-21920.0,-1370809.0,10.424999999999827,210678.25500000519
2024-05-17,65217.7,67400.6,65061.2,66980.0,227054.00400000333,115162.0429999867,1124891,557988.0,1.0416,82.78900000000002,108.41900000000015,0.004647,0.005045,-0.000979,0.000714,0.004647,0.004647,-0.000298,-0.000298,72376.502,75532.665,70992.111,74104.671,3270.081999970076,-1611691.4886425913,-8915.0,-1379724.0,-25.630000000000138,210652.62500000518
2024-05-18,66980.0,67340.5,66503.2,66884.9,96919.12699998892,47300.706999999464,586867,291234.0,0.9467,21.415999999999993,28.325999999999997,0.000628,0.009261,-0.000888,0.003268,0.000628,0.008012,-0.000792,-0.000792,74105.121,75772.234,74007.587,75142.988,-2317.7129999899917,-1614009.2016425813,-4399.0,-1384123.0,-6.910000000000004,210645.71500000518
2024-05-19,66885.0,67750.0,65835.8,66239.4,148170.46299999687,72802.7829999939,806708,390050.0,0.9387,37.38700000000002,23.27099999999999,0.003339,0.01,0.003339,0.005658,0.003339,0.00521,0.003339,0.004779,75143.259,77503.028,74887.53,75131.6,-2564.8970000090776,-1616574.0986425905,-26608.0,-1410731.0,14.116000000000032,210659.8310000052
2024-05-20,66239.4,71674.6,66010.0,71466.5,366026.94399999763,191363.49699999866,1765152,902675.0,1.0113,64.17100000000008,240.22599999999986,0.005607,0.01,-0.001419,0.01,0.005607,0.005607,0.002479,0.002552,75131.589,80065.27,70121.942,70473.399,16700.049999999697,-1599874.0486425906,40198.0,-1370533.0,-176.05499999999978,210483.7760000052
2024-05-21,71466.5,72132.8,69165.6,70168.8,245535.04799999765,119540.9329999899,1384641,682651.0,0.8957,53.852000000000075,66.8810000000002,0.01,0.020012,0.01,0.01,0.01,0.010517,0.01,0.01,70470.818,78870.444,70470.818,78453.447,-6453.182000017841,-1606327.2306426084,-19339.0,-1389872.0,-13.029000000000124,210470.74700000518
2024-05-22,70168.7,70715.4,68736.8,69219.1,194160.49399999966,96781.21899998942,1181049,589373.0,1.192,50.75399999999999,30.079999999999973,0.01,0.01669,0.01,0.01,0.01,0.015759,0.01,0.01,78451.95,79779.934,77306.731,77769.715,-598.0560000208206,-1606925.2866426292,-2303.0,-1392175.0,20.674000000000017,210491.42100000518
2024-05-23,69219.2,70133.3,66156.6,67999.9,300092.1369999952,147663.30599999966,1605409,800957.0,1.3143,112.8090000000002,61.395000000000046,0.01,0.011826,0.01,0.01,0.01,0.01,0.01,0.01,77754.265,79179.501,70422.01,70840.999,-4765.5249999958905,-1611690.8116426251,-3495.0,-1395670.0,51.41400000000015,210542.83500000517
2024-05-24,67999.9,69273.5,66639.0,68584.1,186680.84399999818,92018.93799998787,1035108,518299.0,1.8744,33.473,48.74400000000014,0.01,0.01,0.01,0.01,0.01,0.01,0.01,0.01,70841.886,72459.508,69748.548,70211.528,-2642.9680000224325,-1614333.7796426476,1490.0,-1394180.0,-15.271000000000143,210527.56400000516
2024-05-25,68584.0,69622.8,68523.7,69314.4,85113.60499998902,43907.6780000006,519388,261248.0,1.4172,9.589999999999993,33.65800000000001,0.01,0.01,0.01,0.01,0.01,0.01,0.01,0.01,70215.544,73070.592,69575.105,72346.866,2701.7510000121692,-1611632.0286426353,3108.0,-1391072.0,-24.068000000000016,210503.49600000517
2024-05-26,69314.5,69590.3,68155.0,68524.3,84069.82399999008,40228.585000002,539964,257900.0,1.3992,13.87900000000001,29.977999999999998,0.01,0.01,0.01,0.01,0.01,0.01,0.01,0.01,72346.872,72508.159,71017.193,71075.801,-3612.6539999860834,-1615244.6826426215,-24164.0,-1415236.0,-16.09899999999999,210487.39700000518
2024-05-27,68524.4,70750.0,68268.7,69461.6,170183.4920000022,86587.57299998915,929832,471145.0,1.4759,33.29399999999999,87.20999999999995,0.01,0.022885,0.01,0.01,0.01,0.01,0.01,0.01,71076.571,73356.606,70543.505,71580.261,2991.653999976086,-1612253.0286426453,12458.0,-1402778.0,-53.91599999999996,210433.48100000518
2024-05-28,69461.5,69628.0,67273.0,68440.5,227834.8690000019,109659.98199998673,1270370,641367.0,1.3776,99.91899999999995,75.39999999999993,0.01,0.01,0.01,0.01,0.01,0.01,0.01,0.01,71576.244,74143.742,70786.339,71881.776,-8514.905000028433,-1620767.9336426738,12364.0,-1390414.0,24.51900000000002,210458.00000000518
2024-05-29,68440.4,68983.0,67129.0,67686.7,158236.54000000373,77869.58999998974,980297,496037.0,1.7442,83.70100000000012,33.609,0.01,0.015138,0.01,0.01,0.01,0.012558,0.01,0.012558,71881.791,76486.082,71819.637,76232.319,-2497.3600000242586,-1623265.293642698,11777.0,-1378637.0,50.09200000000012,210508.09200000518
2024-05-30,67686.8,69568.9,67167.0,68402.5,194507.09400000228,98299.36499998851,1070451,539764.0,2.0893,87.90399999999994,78.58200000000006,0.01,0.015117,0.01,0.014648,0.01,0.01,0.01,0.01,76232.1,76337.185,74165.321,74251.673,2091.6359999747365,-1621173.6576427233,9077.0,-1369560.0,9.321999999999875,210517.41400000517
2024-05-31,68402.6,69080.0,66700.5,67577.9,195751.7270000029,95439.94099999093,1065511,532071.0,1.5589,109.06900000000006,72.14500000000001,0.014599,0.015175,0.01,0.01,0.014599,0.014599,0.01,0.01,74252.134,77219.072,73737.306,76517.869,-4871.845000021043,-1626045.5026427442,-1369.0,-1370929.0,36.92400000000005,210554.33800000517
2024-06-01,67577.9,67936.0,67480.0,67799.2,50943.05799999953,24992.383000003727,361648,183062.0,2.1746,3.4999999999999982,11.612999999999998,0.01,0.014013,0.01,0.01,0.01,0.01025,0.01,0.01025,76505.844,77204.155,75258.366,75473.293,-958.2919999920778,-1627003.7946427362,4476.0,-1366453.0,-8.113,210546.22500000516
2024-06-02,67799.2,68545.9,67296.3,67805.9,102194.71799999157,51581.93599999935,580666,298211.0,2.0684,47.11000000000003,35.94800000000005,0.01,0.014449,0.01,0.01,0.01,0.01,0.01,0.01,75472.135,78314.898,75124.305,76093.003,969.1540000071254,-1626034.6406427291,15756.0,-1350697.0,11.161999999999978,210557.38700000517
2024-06-03,67805.9,70372.9,67642.6,68851.4,227673.85199999655,116791.63399998688,1135050,560011.0,1.9412,46.22000000000001,109.11300000000016,0.01,0.014937,0.01,0.011977,0.01,0.014135,0.01,0.01,76089.716,80996.656,75566.633,78539.214,5909.415999977209,-1620125.224642752,-15028.0,-1365725.0,-62.89300000000014,210494.49400000516
2024-06-04,68851.3,71146.4,68595.5,70580.0,216100.0160000026,109761.71499999217,1064982,526612.0,1.3952,26.709999999999997,98.19400000000009,0.012008,0.012645,0.01,0.01,0.012008,0.012008,0.01,0.01,78536.905,83223.284,77987.47,81170.582,3423.4139999817417,-1616701.8106427703,-11758.0,-1377483.0,-71.4840000000001,210423.01000000516
2024-06-05,70580.0,71824.4,70423.6,71133.3,203991.9339999998,101350.08799998913,1037164,508326.0,0.9704,25.03199999999998,89.33500000000005,0.01,0.020275,0.01,0.01,0.01,0.016387,0.01,0.013226,81170.526,84901.222,81039.495,82458.344,-1291.7580000215385,-1617993.5686427918,-20512.0,-1397995.0,-64.30300000000007,210358.70700000515
2024-06-06,71133.3,71714.8,70101.9,70830.0,158351.8130000006,76990.22599999563,803063,390254.0,0.9327,94.996,29.009999999999987,0.01,0.01997,0.01,0.01,0.01,0.01177,0.01,0.01177,82460.53,84973.541,81652.879,81919.436,-4371.361000009347,-1622364.9296428012,-22555.0,-1420550.0,65.986,210424.69300000515
2024-06-07,70829.9,72144.0,68405.0,69377.0,288811.36999999447,141240.41200000103,1326395,653917.0,1.076,95.79400000000011,79.33000000000004,0.01,0.012519,0.01,0.01,0.01,0.010166,0.01,0.010166,81917.9,86735.55,81700.021,82372.207,-6330.545999992406,-1628695.4756427936,-18561.0,-1439111.0,16.46400000000007,210441.15700000516
2024-06-08,69377.0,69613.6,69192.3,69346.5,65739.85699999798,31722.67000000552,398454,208041.0,1.5221,10.232000000000001,4.743999999999997,0.01,0.01,0.01,0.01,0.01,0.01,0.01,0.01,82367.464,83481.948,82161.23,83481.849,-2294.5169999869395,-1630989.9926427805,17628.0,-1421483.0,5.488000000000004,210446.64500000517
2024-06-09,69346.6,69879.0,69160.0,69667.1,68023.82699999739,34211.95100000472,386437,190685.0,1.4691,6.937999999999996,15.872000000000007,0.01,0.01,0.01,0.01,0.01,0.01,0.01,0.01,83485.067,84081.87,83001.446,83579.149,400.0750000120606,-1630589.9176427685,-5067.0,-1426550.0,-8.934000000000012,210437.71100000516
2024-06-10,69667.1,70222.7,69201.2,69558.7,127381.59299999119,63460.84400000074,618557,310377.0,1.4956,39.01100000000003,23.356000000000005,0.01,0.01,0.01,0.01,0.01,0.01,0.01,0.01,83579.112,85795.468,83423.146,85572.731,-459.90499998971063,-1631049.8226427583,2197.0,-1424353.0,15.655000000000026,210453.36600000516
2024-06-11,69558.8,69600.0,66000.0,67320.7,311894.10299998836,147243.97699999268,1428633,701800.0,1.405,79.87300000000009,45.215000000000025,0.01,0.01,0.01,0.01,0.01,0.01,0.01,0.01,85572.744,85862.369,82159.142,82674.41,-17406.149000003003,-1648455.9716427613,-25033.0,-1449386.0,34.658000000000065,210488.02400000516
2024-06-12,67320.6,70028.0,66920.0,68270.3,329918.2639999897,165298.4080000026,1469335,735252.0,2.1847,120.17500000000005,95.30100000000004,0.01,0.01,0.01,0.01,0.01,0.01,0.01,0.01,82673.104,85063.652,79086.92,81185.158,678.5520000154502,-1647777.4196427458,1169.0,-1448217.0,24.87400000000001,210512.89800000517
2024-06-13,68270.3,68607.7,66251.1,66786.9,248355.4330000022,122545.80499999746,1207147,612073.0,1.6846,344.8069999999997,36.52500000000001,0.01,0.01,0.01,0.01,0.01,0.01,0.01,0.01,81185.101,82775.917,79228.664,82141.203,-3263.82300000728,-1651041.242642753,16999.0,-1431218.0,308.28199999999964,210821.18000000517
2024-06-14,66786.8,67366.5,65052.4,66039.7,238061.80600000088,114610.85499999367,1078200,544866.0,2.2206,122.60300000000005,42.15600000000002,0.01,0.01,0.01,0.01,0.01,0.01,0.01,0.01,82144.163,84283.104,78761.448,79469.749,-8840.096000013553,-1659881.3386427667,11532.0,-1419686.0,80.44700000000003,210901.62700000516
2024-06-15,66039.7,66482.6,65801.0,66213.7,72423.65999999091,35963.01800000321,372184,187723.0,2.3124,10.004999999999995,8.202,0.01,0.01,0.01,0.01,0.01,0.01,0.01,0.01,79469.826,80509.051,78988.348,80503.766,-497.6239999844838,-1660378.9626427512,3262.0,-1416424.0,1.8029999999999955,210903.43000000517
2024-06-16,66213.7,66960.3,66012.1,66653.6,80361.54399999043,40709.086000002266,388198,202314.0,2.1566,10.634000000000002,25.092999999999993,0.01,0.01,0.01,0.01,0.01,0.01,0.01,0.01,80503.702,82333.445,80409.348,80880.573,1056.6280000140978,-1659322.3346427372,16430.0,-1399994.0,-14.45899999999999,210888.97100000517
2024-06-17,66653.5,67280.6,65094.9,66472.1,248335.02600000158,123532.73499999108,1081974,540332.0,2.1646,97.7250000000001,131.89500000000007,0.01,0.01,0.01,0.01,0.01,0.01,0.01,0.01,80880.382,82051.555,78523.422,79693.225,-1269.5560000194237,-1660591.8906427566,-1310.0,-1401304.0,-34.16999999999997,210854.80100000516
2024-06-18,66472.1,66558.9,64009.8,65150.0,335557.3959999824,162731.80499999848,1490361,746059.0,2.0893,289.5089999999995,69.93300000000009,0.01,0.01,0.006115,0.01,0.01,0.01,0.008236,0.01,79694.567,80570.943,77659.488,77779.961,-10093.785999985412,-1670685.676642742,1757.0,-1399547.0,219.5759999999994,211074.37700000516
2024-06-19,65149.9,65711.9,64600.0,64933.6,150048.6209999942,73142.73699999078,723261,356115.0,2.3636,47.00300000000001,20.33800000000002,0.01,0.01,0.000773,0.003904,0.01,0.01,0.002967,0.002967,77779.811,79476.367,75280.738,75439.532,-3763.1470000126283,-1674448.8236427547,-11031.0,-1410578.0,26.66499999999999,211101.04200000517
2024-06-20,64933.8,66467.0,64526.0,64854.0,220873.91300000413,110080.19499998513,973745,486892.0,2.5386,51.11800000000009,53.79400000000007,0.003934,0.01,0.003023,0.003335,0.003934,0.006879,0.003934,0.006879,75439.189,78120.144,73826.365,74373.839,-713.5230000338634,-1675162.3466427885,39.0,-1410539.0,-2.6759999999999806,211098.36600000516
2024-06-21,64854.0,65055.5,63361.2,64124.0,210108.56400000234,100878.36599998143,996493,498045.0,2.427,100.90500000000011,57.07700000000008,0.003344,0.01,0.003344,0.01,0.003344,0.01,0.003344,0.01,74373.332,78185.541,74281.657,76734.21,-8351.832000039489,-1683514.178642828,-403.0,-1410942.0,43.82800000000003,211142.19400000517
2024-06-22,64124.1,64520.0,63915.8,64240.0,52919.774999988666,25657.670000007536,297111,149928.0,2.7693,5.929999999999996,4.1359999999999975,0.01,0.01,0.003802,0.01,0.01,0.01,0.004146,0.01,76733.31,78254.902,76563.383,78032.759,-1604.4349999735932,-1685118.6136428015,2745.0,-1408197.0,1.7939999999999987,211143.98800000516
2024-06-23,64240.1,64500.0,63137.9,63194.9,72052.2950000002,34220.41400000447,385974,192118.0,2.4554,38.899000000000036,3.3419999999999983,0.01,0.01,0.002183,0.009534,0.01,0.01,0.002307,0.004676,78032.567,78146.644,77222.89,77587.66,-3611.4669999912585,-1688730.0806427929,-1738.0,-1409935.0,35.55700000000004,211179.54500000516
2024-06-24,63195.0,63357.0,58218.0,60273.6,442802.77299999376,208316.32800000135,1839080,916851.0,2.5323,603.4639999999988,116.61000000000006,0.009534,0.01,0.007398,0.007447,0.009534,0.01,0.007488,0.007488,77590.499,81489.058,75515.995,75521.22,-26170.116999991063,-1714900.1976427839,-5378.0,-1415313.0,486.85399999999873,211666.39900000516
2024-06-25,60273.5,62448.1,60230.5,61777.8,264608.08499999903,131548.76399999295,1081146,541288.0,3.29,55.9740000000001,94.46700000000016,0.007447,0.01,0.002222,0.01,0.007447,0.007752,0.005949,0.007752,75521.835,80294.141,74042.311,75583.958,-1510.5570000131265,-1716410.754642797,1430.0,-1413883.0,-38.49300000000005,211627.90600000517
2024-06-26,61777.9,62465.1,60696.0,60860.1,170601.16799999855,85546.80799999167,818050,414354.0,2.5958,37.74399999999999,26.781999999999986,0.01,0.01,0.008431,0.01,0.01,0.01,0.01,0.01,75583.741,76628.123,74049.229,74876.23,492.44799998478265,-1715918.3066428122,10658.0,-1403225.0,10.962000000000007,211638.86800000517
2024-06-27,60860.1,62379.7,60605.0,61682.0,160172.21200000515,80692.65499998697,760933,378727.0,2.5984,32.61499999999999,50.837000000000025,0.01,0.01,0.01,0.01,0.01,0.01,0.01,0.01,74876.26,76240.66,74200.254,74905.843,1213.0979999687988,-1714705.2086428434,-3479.0,-1406704.0,-18.222000000000037,211620.64600000516
2024-06-28,61682.1,62204.0,60038.0,60429.8,195508.12500000163,96784.81899998973,875648,441136.0,2.5791,240.81799999999967,53.90900000000005,0.01,0.01,0.01,0.01,0.01,0.01,0.01,0.01,74905.084,78897.796,73858.757,78521.374,-1938.4870000221708,-1716643.6956428655,6624.0,-1400080.0,186.90899999999962,211807.55500000514
2024-06-29,60429.8,61232.0,60400.1,60982.4,79680.28899998215,39587.75199999703,411963,213048.0,3.1203,5.0939999999999985,11.406999999999995,0.01,0.01,0.01,0.01,0.01,0.01,0.01,0.01,78521.385,80614.769,77190.513,80534.181,-504.7849999880855,-1717148.4806428535,14133.0,-1385947.0,-6.312999999999996,211801.24200000515
2024-06-30,60982.5,63058.4,60705.0,62766.0,147777.91499999148,76847.01400000016,654344,336538.0,2.5211,21.073000000000015,52.45800000000003,0.01,0.01,0.01,0.01,0.01,0.01,0.01,0.01,80534.413,85813.467,80349.23,85674.117,5916.113000008831,-1711232.3676428448,18732.0,-1367215.0,-31.385000000000012,211769.85700000514
2024-07-01,62766.1,63849.0,62502.2,62883.6,193935.88299999826,98855.94999998611,855767,420910.0,2.1827,60.14700000000005,101.04999999999997,0.01,0.01,0.01,0.01,0.01,0.01,0.01,0.01,85673.807,85722.592,81849.097,81855.336,3776.0169999739737,-1707456.3506428709,-13947.0,-1381162.0,-40.90299999999992,211728.95400000515
2024-07-02,62883.7,63284.0,61800.0,62123.6,163105.28000000553,81181.723999988,674684,333095.0,1.8555,47.04200000000003,22.759,0.01,0.01,0.01,0.01,0.01,0.01,0.01,0.01,81851.181,86813.805,81810.692,84472.183,-741.8320000295353,-1708198.1826429004,-8494.0,-1389656.0,24.28300000000003,211753.23700000515
2024-07-03,62123.5,62278.2,59299.3,60208.0,295300.9989999903,141296.60299999092,1091703,543283.0,2.6298,179.69699999999952,54.485000000000014,0.01,0.01,0.01,0.01,0.01,0.01,0.01,0.01,84469.766,88776.614,83685.91,88024.272,-12707.793000008445,-1720905.9756429088,-5137.0,-1394793.0,125.2119999999995,211878.44900000514
2024-07-04,60208.0,60500.0,56560.0,57045.9,445534.31399998785,212346.00899999985,1755648,873450.0,3.2499,1173.3669999999997,113.54600000000018,0.01,0.01,0.01,0.01,0.01,0.01,0.01,0.01,88017.795,92092.171,86315.862,88551.171,-20842.295999988157,-1741748.271642897,-8748.0,-1403541.0,1059.8209999999995,212938.27000000514
2024-07-05,57045.9,57533.4,53329.5,56604.9,577191.6020000045,281355.9419999927,2412142,1185551.0,3.1982,214.45599999999922,187.38699999999983,0.01,0.01,-0.001674,0.00576,0.01,0.01,0.001762,0.001762,88551.325,88647.104,82468.096,83115.645,-14479.718000019086,-1756227.9896429162,-41040.0,-1444581.0,27.06899999999939,212965.33900000513
2024-07-06,56604.9,58472.0,56000.0,58216.0,178579.83100000324,93488.40099999106,851194,423234.0,2.3512,33.21000000000002,130.15700000000004,0.005729,0.009972,0.002498,0.008104,0.005729,0.007512,0.00325,0.00325,83115.418,84110.045,79481.43,80175.442,8396.97099997889,-1747831.0186429373,-4726.0,-1449307.0,-96.94700000000002,212868.39200000514
2024-07-07,58216.0,58443.0,55688.0,55830.9,210361.97299999802,101582.62199998547,966437,477044.0,2.231,170.34299999999962,65.24100000000003,0.008164,0.01,0.007989,0.007989,0.008164,0.01,0.008164,0.01,80195.434,82012.193,79667.128,81287.939,-7196.729000027088,-1755027.7476429644,-12349.0,-1461656.0,105.10199999999959,212973.49400000516
2024-07-08,55831.0,58200.0,54243.1,56686.4,464105.8909999959,234597.14200000407,2118151,1058918.0,2.124,304.25599999999974,346.37999999999965,0.007905,0.01,0.004869,0.01,0.007905,0.01,0.007905,0.01,81346.685,82811.225,77550.69,78847.772,5088.393000012205,-1749939.354642952,-315.0,-1461971.0,-42.12399999999991,212931.37000000515
2024-07-09,56686.4,58290.6,56256.2,58023.2,256335.0269999994,129828.64999998911,1261584,630492.0,2.4083,62.13400000000013,90.17900000000006,0.01,0.01,-0.00049,0.01,0.01,0.01,0.000861,0.01,78848.603,82190.424,76754.079,82173.725,3322.272999978828,-1746617.0816429732,-600.0,-1462571.0,-28.04499999999993,212903.32500000513
2024-07-10,58023.1,59449.6,57125.0,57707.0,254249.30200000523,126404.9009999877,1197687,593665.0,1.6925,97.82900000000008,137.23199999999994,0.01,0.01,0.003259,0.01,0.01,0.01,0.005485,0.005485,82178.373,84283.33,79216.019,82671.296,-1439.5000000298314,-1748056.581643003,-10357.0,-1472928.0,-39.402999999999864,212863.92200000514
2024-07-11,57707.0,59780.0,57030.0,57315.5,292223.29999998875,144789.8799999996,1333638,662772.0,2.0769,111.82500000000006,51.42100000000005,0.01,0.01,0.006012,0.006385,0.01,0.01,0.01,0.01,82671.478,85417.471,80773.743,85092.226,-2643.53999998956,-1750700.1216429926,-8094.0,-1481022.0,60.40400000000001,212924.32600000515
2024-07-12,57315.7,58500.0,56500.1,57870.0,238067.32800000222,118435.91999999047,1096645,545260.0,1.9472,94.09400000000001,85.20499999999996,0.006378,0.009077,0.002951,0.008319,0.006378,0.006378,0.003026,0.004037,85092.221,86060.689,82920.178,83287.421,-1195.488000021287,-1751895.609643014,-6125.0,-1487147.0,8.889000000000053,212933.21500000515
2024-07-13,57870.0,59850.0,57728.6,59174.0,157884.32199999,82455.79199999772,741921,365380.0,1.9155,14.818999999999996,67.76100000000004,0.008319,0.01,0.002919,0.00881,0.008319,0.01,0.006865,0.01,83291.38,85476.515,82119.919,85453.046,7027.26200000543,-1744868.3476430085,-11161.0,-1498308.0,-52.94200000000004,212880.27300000514
2024-07-14,59173.9,61412.4,59164.0,60766.0,208060.87299999822,107363.67799998717,988279,498204.0,1.4085,25.056999999999995,69.40300000000006,0.008737,0.008807,0.00313,0.004624,0.008737,0.008737,0.00371,0.008342,85451.67,88151.564,84943.634,84969.091,6666.482999976113,-1738201.8646430324,8129.0,-1490179.0,-44.34600000000007,212835.92700000515
2024-07-15,60766.0,64870.7,60622.6,64680.6,352222.02599999576,184882.456999995,1536602,761480.0,1.2952,56.182,326.14899999999926,0.00459,0.00947,-0.009088,-0.005031,0.00459,0.00459,-0.000514,-0.000514,84974.949,86685.187,83417.095,85233.345,17542.887999994215,-1720658.9766430382,-13642.0,-1503821.0,-269.96699999999925,212565.96000000514
2024-07-16,64680.6,65388.0,62350.0,65010.0,375204.5329999913,187217.180999996,1682587,835994.0,1.1386,131.5790000000001,115.12800000000016,-0.005062,0.009574,-0.00571,-0.003419,-0.005062,0.008814,-0.005062,0.002717,85234.427,86165.218,82351.228,83165.148,-770.1709999993327,-1721429.1476430376,-10599.0,-1514420.0,16.450999999999937,212582.41100000514
2024-07-17,65010.0,66100.0,63823.0,64055.7,276655.23199999885,137073.45399999496,1326685,658456.0,1.079,177.15100000000007,90.413,-0.003419,0.007573,-0.003505,0.000716,-0.003419,0.002143,-0.003419,0.002143,83190.634,84652.527,79200.435,79385.917,-2508.324000008928,-1723937.4716430465,-9773.0,-1524193.0,86.73800000000007,212669.14900000516
2024-07-18,64055.8,65173.8,63206.4,63959.9,215527.37700000085,106879.71499998993,1013947,508018.0,1.1906,100.47900000000001,72.825,0.000689,0.008159,-0.001114,0.004033,0.000689,0.003127,0.000689,0.003127,79386.607,79708.414,78102.709,78587.547,-1767.9470000209985,-1725705.4186430676,2089.0,-1522104.0,27.65400000000001,212696.80300000517
2024-07-19,63960.0,67362.8,63266.2,66627.9,311380.48699999414,159467.31500000154,1354084,668514.0,1.3821,128.329,253.99400000000009,0.004029,0.01,-0.009731,-0.003144,0.004029,0.004855,0.004029,0.004606,78587.544,84682.462,77656.207,84273.272,7554.143000008946,-1718151.2756430586,-17056.0,-1539160.0,-125.66500000000008,212571.13800000516
2024-07-20,66627.9,67648.7,66159.1,67095.6,123553.8129999938,62259.06300000081,656402,319898.0,0.8836,28.816999999999975,39.34300000000002,-0.003077,0.004584,-0.005313,-0.005313,-0.003077,0.001944,-0.003077,0.001622,84273.836,84332.01,81371.033,82809.178,964.3130000078236,-1717186.9626430508,-16606.0,-1555766.0,-10.526000000000042,212560.61200000515
2024-07-21,67095.6,68351.2,65750.0,68138.0,207228.37199999977,105229.85699999581,1039805,523778.0,0.9747,214.41700000000003,92.58900000000003,-0.005313,0.009105,-0.007084,0.009105,-0.005313,0.002194,-0.005313,0.000646,82809.197,83960.757,79567.07,80652.588,3231.341999991855,-1713955.620643059,7751.0,-1548015.0,121.828,212682.44000000515
2024-07-22,68138.0,68459.7,66538.6,67499.2,192991.33600000056,94973.34099998974,1038543,515080.0,1.0028,58.350000000000065,59.731000000000094,0.009136,0.009205,-0.000131,0.004709,0.009136,0.009136,0.002769,0.002769,80649.464,82097.738,80410.165,80886.266,-3044.6540000210807,-1717000.27464308,-8383.0,-1556398.0,-1.3810000000000286,212681.05900000516
2024-07-23,67499.2,67729.3,65416.5,65916.4,270430.2699999955,133378.1259999924,1314901,667244.0,1.0538,115.67199999999998,59.920000000000044,0.004709,0.01,1.5e-05,0.01,0.004709,0.004709,0.00431,0.004642,80886.012,83068.643,80221.016,82275.2,-3674.018000010692,-1720674.2926430907,19587.0,-1536811.0,55.75199999999994,212736.81100000517
2024-07-24,65916.3,67087.3,65040.5,65350.8,215079.4179999954,106626.46099999477,1025753,513246.0,1.3641,94.31699999999996,52.19200000000005,0.01,0.01,0.01,0.01,0.01,0.01,0.01,0.01,82275.258,83572.309,80507.107,81060.194,-1826.4960000058636,-1722500.7886430966,739.0,-1536072.0,42.124999999999915,212778.93600000517
2024-07-25,65350.7,66144.0,63456.7,65773.0,319685.4189999927,156338.30899998994,1374457,700733.0,1.4546,287.5929999999996,110.7300000000001,0.01,0.01,0.01,0.01,0.01,0.01,0.01,0.01,81100.626,86294.416,79602.265,83327.012,-7008.8010000128415,-1729509.5896431094,27009.0,-1509063.0,176.86299999999952,212955.79900000518
2024-07-26,65773.0,68200.0,65688.2,67882.5,235368.87299999947,118467.74899998584,1043354,512911.0,1.3392,44.64700000000003,82.4320000000001,0.01,0.01,0.002532,0.00649,0.01,0.01,0.00334,0.00334,83326.697,87794.467,83033.32,84650.971,1566.6249999722058,-1727942.964643137,-17532.0,-1526595.0,-37.785000000000075,212918.01400000518
2024-07-27,67882.5,69381.7,66624.5,67873.8,330982.6339999976,167353.04600000058,1434123,708369.0,0.9286,142.16000000000005,90.27600000000014,0.006547,0.01,0.005409,0.008152,0.006547,0.009109,0.006547,0.009109,84660.064,87936.885,84446.836,86084.246,3723.458000003593,-1724219.5066431335,-17385.0,-1543980.0,51.883999999999915,212969.89800000517
2024-07-28,67873.7,68300.0,67037.0,68215.5,116913.9349999891,57897.21199999672,622611,310663.0,0.9209,41.14500000000002,30.444999999999993,0.00818,0.01,0.002655,0.008361,0.00818,0.009177,0.002804,0.002804,86084.355,86375.307,85131.168,85863.045,-1119.5109999956621,-1725339.0176431292,-1285.0,-1545265.0,10.700000000000024,212980.59800000518
2024-07-29,68215.5,70081.0,66365.8,66750.0,372537.6449999947,183072.32300000044,1531979,759996.0,1.0317,84.89800000000012,109.56400000000009,0.008361,0.01,0.003396,0.003396,0.008361,0.01,0.005623,0.01,85860.137,94173.28,84578.359,84865.125,-6392.998999993841,-1731732.016643123,-11987.0,-1557252.0,-24.66599999999997,212955.93200000518
2024-07-30,66750.1,66966.6,65254.5,66159.3,246551.04399999537,119602.53299998958,1103440,550786.0,1.4907,83.31500000000025,42.88200000000003,0.003396,0.01,0.001356,0.003143,0.003396,0.007691,0.003396,0.007691,84859.618,84896.698,82707.194,82993.98,-7345.978000016214,-1739077.9946431392,-1868.0,-1559120.0,40.43300000000022,212996.36500000517
2024-07-31,66159.3,66826.3,64500.4,64601.8,246387.84999999622,120770.25499999252,1084431,542144.0,1.7785,80.82800000000012,49.5150000000001,0.003063,0.008514,0.00032,0.008208,0.003063,0.007178,0.003063,0.003826,82993.944,83489.483,81190.04,82582.645,-4847.340000011172,-1743925.3346431504,-143.0,-1559263.0,31.313000000000017,213027.67800000517
2024-08-01,64601.8,65650.0,62271.2,65328.9,372650.6959999944,179508.2429999975,1528109,787312.0,2.1095,196.76699999999943,155.33399999999995,0.008208,0.01,0.006238,0.01,0.008208,0.01,0.008208,0.01,82570.255,90355.709,81857.049,87199.711,-13634.20999999938,-1757559.5446431497,46515.0,-1512748.0,41.43299999999948,213069.11100000516
2024-08-02,65329.0,65577.0,61200.2,61483.7,421627.88499999687,203751.9470000003,2012539,1002697.0,2.012,254.3319999999998,101.94500000000012,0.01,0.01,0.01,0.01,0.01,0.01,0.01,0.01,87191.923,91033.45,85531.42,87795.765,-14123.990999996255,-1771683.535643146,-7145.0,-1519893.0,152.38699999999966,213221.49800000514
2024-08-03,61483.7,62166.0,59800.0,60684.6,290469.95599999244,141057.49899999527,1306613,654216.0,2.3501,201.16300000000018,74.8980000000001,0.01,0.01,0.0036,0.01,0.01,0.01,0.004247,0.004247,87796.358,88782.533,84861.56,85282.995,-8354.958000001905,-1780038.4936431479,1819.0,-1518074.0,126.26500000000009,213347.76300000516
2024-08-04,60684.5,61089.5,57040.0,58144.5,339498.6129999971,163051.52600000042,1405467,697608.0,2.5323,219.44599999999986,73.82400000000004,0.01,0.01,0.004484,0.01,0.01,0.01,0.005343,0.01,85282.997,92372.423,85278.843,88101.558,-13395.560999996262,-1793434.0546431441,-10251.0,-1528325.0,145.62199999999982,213493.38500000516
2024-08-05,58144.5,58286.9,48888.0,54003.1,1267399.6840000185,620920.9480000065,6021045,2981400.0,2.5524,985.9049999999895,573.9629999999971,0.01,0.01,-0.000403,0.003466,0.01,0.01,0.004429,0.005967,88098.333,88375.08,73647.692,75213.426,-25557.78800000553,-1818991.8426431497,-58245.0,-1586570.0,411.9419999999924,213905.32700000514
2024-08-06,54003.5,56999.9,53925.3,55991.2,435952.88199998805,219208.56700000016,2448490,1220008.0,1.8935,142.18299999999996,234.46899999999914,0.003566,0.006029,-0.007781,-0.000849,0.003566,0.004485,-0.002845,0.004485,75217.782,78286.81,74288.925,76846.24,2464.2520000122604,-1816527.5906431375,-8474.0,-1595044.0,-92.28599999999918,213813.04100000515
2024-08-07,55991.3,57699.0,54519.8,55102.9,377442.63599999395,187917.68299999964,1925390,955466.0,1.5947,139.50300000000007,134.65699999999993,-0.00073,0.009249,-0.007075,0.002662,-0.00073,0.003241,-0.006859,0.003241,76846.701,81180.611,75506.035,76974.704,-1607.2699999946635,-1818134.8606431321,-14458.0,-1609502.0,4.846000000000146,213817.88700000514
2024-08-08,55102.7,62737.2,54672.4,61659.8,470112.9319999931,248506.59299999778,2247086,1142564.0,1.6788,87.63000000000012,460.8069999999998,0.002637,0.006121,-0.002045,0.00493,0.002637,0.003086,0.001147,0.001147,76974.736,79191.512,73484.072,74961.901,26900.25400000246,-1791234.6066431296,38042.0,-1571460.0,-373.1769999999997,213444.71000000514
2024-08-09,61659.8,61726.0,59500.0,60808.6,308674.32899999555,154008.44700000007,1588769,786780.0,1.0631,115.30599999999986,76.29000000000008,0.004994,0.009168,-0.003912,-0.003912,0.004994,0.004994,0.002184,0.004846,74964.123,76444.535,71567.155,71916.767,-657.4349999953993,-1791892.041643125,-15209.0,-1586669.0,39.01599999999978,213483.72600000515
2024-08-10,60808.6,61450.0,60208.5,60889.9,115593.3539999867,57323.8429999986,705169,352551.0,1.3753,30.804,31.719000000000023,-0.003942,0.004046,-0.006019,0.00404,-0.003942,-0.001379,-0.003942,-0.001949,71916.579,72004.379,70333.721,71072.095,-945.6679999895132,-1792837.7096431146,-67.0,-1586736.0,-0.915000000000024,213482.81100000514
2024-08-11,60889.8,62000.0,58255.4,58693.1,202539.05999999642,98529.95299999746,1172499,580213.0,1.3386,110.51700000000014,60.06300000000003,0.004049,0.004681,-0.002653,0.0011,0.004049,0.004049,-0.001839,0.001185,71072.299,73245.131,69945.941,70092.126,-5479.154000001494,-1798316.863643116,-12073.0,-1598809.0,50.45400000000011,213533.26500000514
2024-08-12,58693.1,60666.0,57615.0,59323.6,363361.0649999903,181233.77000000438,1987898,996820.0,1.4981,147.85000000000002,200.5719999999999,0.001113,0.01,-0.002743,0.006152,0.001113,0.008783,-0.002238,-0.002238,70083.67,72839.705,68264.572,68490.704,-893.5249999815132,-1799210.3886430976,5742.0,-1593067.0,-52.721999999999866,213480.54300000513
2024-08-13,59323.7,61545.0,58360.0,60550.5,255934.72099999932,128789.78099999507,1456208,722685.0,1.798,56.72900000000006,103.97499999999997,0.00614,0.00614,-0.004549,0.001152,0.00614,0.00614,-0.003902,-0.003902,68490.413,72479.664,68278.322,72127.695,1644.840999990818,-1797565.547643107,-10838.0,-1603905.0,-47.2459999999999,213433.2970000051
2024-08-14,60550.4,61468.4,58367.2,58648.1,237011.15300000543,116574.25499999276,1216018,599800.0,1.3596,75.77099999999999,39.901,0.001152,0.001152,-0.010335,-0.008476,0.001152,0.001152,-0.007811,-0.007811,72128.257,79363.105,72074.136,78048.988,-3862.643000019918,-1801428.1906431268,-16418.0,-1620323.0,35.86999999999998,213469.1670000051
2024-08-15,58648.1,59820.0,55969.0,57511.0,360335.07499999454,175191.84299999682,1754249,864923.0,2.125,317.0029999999995,89.96100000000013,-0.008488,0.007293,-0.013858,-0.011235,-0.008488,0.006339,-0.008488,-0.006181,78047.697,83887.842,77982.034,83767.396,-9951.389000000898,-1811379.5796431277,-24403.0,-1644726.0,227.04199999999935,213696.2090000051
2024-08-16,57511.1,59780.2,57062.1,58854.9,268563.2610000012,135274.7529999944,1414297,708569.0,2.349,49.98500000000006,90.07100000000003,-0.011235,0.001914,-0.011235,0.00189,-0.011235,-0.000557,-0.011235,-0.000557,83767.406,84613.384,80986.096,82133.11,1986.244999987597,-1809393.3346431402,2841.0,-1641885.0,-40.08599999999996,213656.1230000051
2024-08-17,58854.9,59690.2,58769.4,59468.5,77080.51199999003,39272.19400000142,498015,249644.0,1.4325,11.261999999999993,19.597000000000012,0.001912,0.006087,-0.002363,0.00394,0.001912,0.004177,-0.000152,-0.000152,82133.138,83274.629,82010.166,82618.307,1463.8760000128095,-1807929.4586431275,1273.0,-1640612.0,-8.335000000000019,213647.7880000051
2024-08-18,59468.5,60250.0,58352.0,58390.0,149669.92899998953,74268.71999999808,781674,383348.0,1.4307,46.87200000000002,43.06000000000004,0.003966,0.004047,-0.003616,-0.003616,0.003966,0.003966,-0.003149,-0.003149,82619.159,84739.8,82294.602,82692.971,-1132.4889999933657,-1809061.9476431208,-14978.0,-1655590.0,3.8119999999999834,213651.6000000051
2024-08-19,58390.1,59585.4,57750.0,59398.5,214028.76400000078,106719.97799999715,1207754,603752.0,1.5164,29.311999999999966,50.952000000000076,-0.003616,-0.001404,-0.011656,-0.00257,-0.003616,-0.001957,-0.00675,-0.001957,82698.188,84778.433,79506.546,79745.56,-588.8080000064801,-1809650.7556431273,-250.0,-1655840.0,-21.64000000000011,213629.96000000509
2024-08-20,59398.4,61386.0,58501.1,58982.9,287038.53199999244,144310.56400000205,1545505,747643.0,1.8106,86.59100000000002,139.5209999999999,-0.002656,0.002363,-0.007478,-0.006784,-0.002656,0.001419,-0.002656,0.001419,79748.635,86788.551,79684.46,82718.967,1582.596000011661,-1808068.1596431155,-50219.0,-1706059.0,-52.92999999999988,213577.0300000051
2024-08-21,58982.7,61793.9,58728.9,61120.0,270581.48799999786,135512.389999997,1467682,731848.0,1.9257,49.031000000000056,93.47500000000004,-0.006756,0.00165,-0.006756,-0.002217,-0.006756,0.000396,-0.006756,0.000396,82720.532,85607.45,82117.492,85607.45,443.2919999961159,-1807624.8676431193,-3986.0,-1710045.0,-44.44399999999998,213532.5860000051
2024-08-22,61120.0,61392.0,59677.6,60349.9,211040.63199999882,103795.74199998647,1152335,569756.0,1.129,45.002000000000045,48.57899999999998,-0.002229,0.001786,-0.00839,-0.003329,-0.002229,0.001338,-0.007261,-0.007261,85607.575,85956.673,83110.153,83676.4,-3449.148000025889,-1811074.0156431452,-12823.0,-1722868.0,-3.5769999999999342,213529.0090000051
2024-08-23,60349.9,65000.0,60301.5,64019.9,382475.59699999925,197461.74699999942,1822423,915562.0,1.5667,44.13700000000007,120.2660000000002,-0.003329,0.004168,-0.009442,-0.000912,-0.003329,0.002391,-0.004317,-0.004317,83675.77,90078.477,82318.281,86665.201,12447.89699999959,-1798626.1186431455,8701.0,-1714167.0,-76.12900000000013,213452.88000000513
2024-08-24,64020.0,64472.5,63522.7,64116.5,132737.903999994,66675.15599999845,764248,377235.0,0.9029,31.78599999999998,40.69700000000005,-0.000772,0.007642,-0.004851,-0.004828,-0.000772,0.006395,-0.000772,0.006395,86666.653,88754.186,86308.854,87050.858,612.4080000028771,-1798013.7106431427,-9778.0,-1723945.0,-8.911000000000072,213443.96900000513
2024-08-25,64116.6,65175.4,63731.3,64190.2,115546.88799999004,58769.818000000494,653519,332067.0,0.9627,18.656999999999993,21.532999999999998,-0.004806,0.004597,-0.007417,0.002406,-0.004806,0.003108,-0.004806,0.003108,87052.206,89069.484,86845.638,87957.746,1992.74800001095,-1796020.9626431318,10615.0,-1713330.0,-2.8760000000000048,213441.09300000514
2024-08-26,64190.1,64455.8,62750.2,62807.6,195899.4349999991,95745.12699999372,1061565,522496.0,0.9387,72.15200000000011,21.199999999999992,0.002439,0.007611,-0.003826,0.00274,0.002439,0.003789,0.002439,0.003789,87953.705,88027.776,84277.38,84294.421,-4409.181000011653,-1800430.1436431436,-16573.0,-1729903.0,50.952000000000126,213492.04500000514
2024-08-27,62807.7,63196.0,57928.2,59384.5,339269.80499999964,161112.9249999956,1605588,788143.0,1.1308,401.08799999999957,83.615,0.002795,0.009455,-0.006796,-0.006796,0.002795,0.007753,0.001751,0.007753,84294.993,87488.445,80158.488,81452.696,-17043.955000008456,-1817474.098643152,-29302.0,-1759205.0,317.47299999999956,213809.51800000513
2024-08-28,59384.4,60197.8,57820.0,59010.0,313686.09199998976,154036.365,1604107,797417.0,2.0864,166.7549999999996,124.62099999999998,-0.006803,0.003214,-0.006936,-0.00099,-0.006803,0.002433,-0.006803,0.001143,81486.026,82635.725,78679.044,79138.376,-5613.361999989778,-1823087.4606431418,-9273.0,-1768478.0,42.13399999999962,213851.65200000512
2024-08-29,59010.0,61144.9,58655.0,59323.2,233821.2320000029,116132.22599999589,1308566,647394.0,2.3841,69.3790000000001,86.66900000000004,-0.000976,0.002176,-0.00409,0.000936,-0.000976,0.000559,-0.001644,0.000559,79139.917,84479.731,79108.141,81440.441,-1556.7800000111165,-1824644.240643153,-13778.0,-1782256.0,-17.289999999999935,213834.36200000512
2024-08-30,59323.3,59914.9,57525.0,59096.3,268276.4689999907,132245.23799999364,1385368,687327.0,2.012,76.15500000000004,86.47700000000005,0.000936,0.004799,-0.003834,-0.001718,0.000936,0.003578,0.000936,0.002927,81439.755,84038.583,79797.54,79855.111,-3785.993000003451,-1828430.2336431565,-10714.0,-1792970.0,-10.322000000000003,213824.04000000513
2024-08-31,59096.4,59436.0,58700.0,58941.9,68866.67399999457,34022.55700000364,459554,221321.0,2.3389,16.028,10.159999999999997,-0.001749,0.006537,-0.002744,0.004137,-0.001749,0.0038,-0.001749,0.0038,79854.865,81360.276,79854.865,80996.768,-821.5599999872938,-1829251.7936431437,-16912.0,-1809882.0,5.868000000000002,213829.90800000512
2024-09-01,58941.9,59052.7,57123.0,57268.1,222909.91599999942,107912.49499999522,1163029,581434.0,2.0912,215.64099999999993,55.221000000000096,0.004113,0.00425,-0.00742,-0.003476,0.004113,0.004113,-0.003432,-0.000382,80996.242,83928.141,80649.8,82144.955,-7084.926000008971,-1836336.7196431528,-161.0,-1810043.0,160.41999999999985,213990.32800000513
2024-09-02,57268.2,59412.3,57093.0,59112.1,201215.12200000242,105183.25399998788,1106859,563900.0,2.4674,200.74899999999974,70.74700000000009,-0.003386,0.008375,-0.003386,0.006228,-0.003386,0.000248,-0.003386,-0.000363,82149.61,84751.847,80916.975,82500.403,9151.38599997334,-1827185.3336431794,20941.0,-1789102.0,130.00199999999967,214120.33000000514
2024-09-03,59112.2,59790.0,57320.0,57451.9,229950.01899999712,112473.8939999889,1137898,558410.0,2.0157,95.67299999999986,48.529000000000025,0.006245,0.006851,-0.000978,0.002272,0.006245,0.006245,0.004598,0.004598,82503.538,87935.797,81884.034,83179.597,-5002.231000019325,-1832187.5646431986,-21078.0,-1810180.0,47.143999999999835,214167.47400000514
2024-09-04,57452.0,58500.0,55555.0,57944.8,326948.9149999944,162508.80299999358,1559056,787342.0,2.413,167.61999999999975,139.17599999999993,0.002209,0.01,-0.002678,0.009068,0.002209,0.002209,-0.00147,-0.00147,83178.275,83228.132,78701.97,81104.796,-1931.3090000072261,-1834118.873643206,15628.0,-1794552.0,28.443999999999818,214195.91800000513
2024-09-05,57944.8,58318.9,55600.0,56145.7,294707.06899999274,142207.31099999842,1480399,734105.0,1.9455,89.7840000000001,39.487000000000045,0.009016,0.009147,0.001544,0.00228,0.009016,0.009016,0.002025,0.00249,81107.68,85987.878,81079.015,83706.097,-10292.446999995911,-1844411.320643202,-12189.0,-1806741.0,50.29700000000006,214246.21500000512
2024-09-06,56145.7,57000.0,52510.8,53927.7,478926.6259999993,228933.95000000153,2374537,1170362.0,2.9093,279.23799999999994,107.73800000000006,0.00228,0.005237,-0.004246,-0.000489,0.00228,0.00228,-1e-06,0.001428,83706.83,87908.11,82875.233,85488.666,-21058.72599999624,-1865470.0466431982,-33813.0,-1840554.0,171.4999999999999,214417.71500000512
2024-09-07,53927.7,54820.2,53725.0,54134.9,127659.62599999348,61474.91199999717,723503,362910.0,3.6598,23.36299999999999,26.96299999999998,-0.000557,0.004035,-0.008156,0.00378,-0.000557,-0.000557,-0.007634,-0.007236,85488.674,85551.172,83172.598,83343.977,-4709.8019999991375,-1870179.8486431974,2317.0,-1838237.0,-3.5999999999999908,214414.1150000051
2024-09-08,54134.9,55300.0,53596.5,54839.6,162078.51999999865,80094.04699999618,835850,415952.0,2.8124,24.538999999999994,62.180000000000064,0.003745,0.003745,-0.00801,-0.007633,0.003745,0.003745,-0.005999,-0.005245,83342.897,85287.814,82707.161,84700.143,-1890.4260000062932,-1872070.2746432037,-3946.0,-1842183.0,-37.64100000000007,214376.4740000051
2024-09-09,54839.6,58153.2,54557.0,57010.0,313075.73099999165,161796.64999999732,1597675,799060.0,2.7383,50.45800000000005,148.95900000000026,-0.007585,-0.002708,-0.012881,-0.006028,-0.007585,-0.003875,-0.007585,-0.003875,84699.503,90662.436,84674.184,87589.332,10517.569000002986,-1861552.7056432008,445.0,-1841738.0,-98.5010000000002,214277.97300000512
2024-09-10,57010.1,58033.2,56361.0,57609.1,228288.8550000039,114110.2899999933,1268299,629483.0,1.6302,70.38700000000007,68.85200000000013,-0.006028,0.000356,-0.009271,-0.00898,-0.006028,-0.001126,-0.006028,-0.001126,87589.558,87824.792,85814.616,86226.382,-68.27500001731096,-1861620.9806432182,-9333.0,-1851071.0,1.5349999999999397,214279.50800000512
2024-09-11,57609.2,57954.4,55515.2,57306.0,333303.5279999864,163968.94800000577,1742493,863430.0,1.5753,167.41699999999938,81.858,-0.008953,0.000964,-0.00901,-0.001928,-0.008953,-0.002247,-0.008953,-0.005212,86227.034,87909.25,85623.935,85818.646,-5365.631999974896,-1866986.612643193,-15633.0,-1866704.0,85.55899999999937,214365.06700000513
2024-09-12,57305.6,58606.6,57283.1,58097.0,261449.6659999978,133061.34899999187,1385889,690279.0,1.5767,49.499,63.48400000000004,-0.001951,0.001705,-0.006206,-2.6e-05,-0.001951,-0.000546,-0.00295,-0.00295,85823.287,88603.323,85419.806,85499.912,4673.031999985949,-1862313.580643207,-5331.0,-1872035.0,-13.985000000000035,214351.08200000515
2024-09-13,58097.1,60597.0,57594.0,60456.2,277410.74400000036,143069.17200000017,1300203,652315.0,1.4378,29.067000000000014,328.34399999999926,-6.9e-05,0.000631,-0.010333,-0.008672,-6.9e-05,-6.9e-05,-0.002443,-0.002443,85500.052,89405.482,85472.155,89405.482,8727.599999999977,-1853585.9806432072,4427.0,-1867608.0,-299.27699999999925,214051.80500000514
2024-09-14,60456.2,60572.9,59360.1,59964.0,102580.37499999252,49815.90499999921,613844,298144.0,0.9984,21.95699999999999,11.532,-0.008699,0.004884,-0.010405,-0.000491,-0.008699,0.002326,-0.008699,0.002326,89407.197,90351.786,87236.019,87444.855,-2948.5649999940943,-1856534.5456432013,-17556.0,-1885164.0,10.42499999999999,214062.23000000513
2024-09-15,59963.9,60369.4,58654.0,59100.5,130509.61299999812,63893.353000001625,704316,352727.0,1.0973,41.683000000000064,25.999999999999996,-0.000491,0.003907,-0.002574,0.002427,-0.000491,0.000402,-0.000491,0.000402,87444.663,88686.773,85894.372,86289.264,-2722.9069999948624,-1859257.452643196,1138.0,-1884026.0,15.683000000000067,214077.91300000512
2024-09-16,59100.5,59182.2,57446.3,58187.0,250684.047999999,124351.9079999911,1249010,629276.0,1.2124,99.00499999999998,44.84700000000001,0.002402,0.00976,-0.000308,0.008523,0.002402,0.006762,0.002402,0.006762,86288.679,86543.681,84416.012,84526.68,-1980.232000016782,-1861237.684643213,9542.0,-1874484.0,54.15799999999997,214132.07100000512
2024-09-17,58186.9,61345.0,57588.8,60281.0,318441.9119999979,162650.8360000036,1458966,732065.0,1.9019,99.35099999999996,208.89899999999952,0.008529,0.01,-0.001634,0.001415,0.008529,0.008529,0.001911,0.005327,84525.7,89729.335,83407.12,85409.298,6859.760000009264,-1854377.9246432036,5164.0,-1869320.0,-109.54799999999956,214022.5230000051
2024-09-18,60281.0,61765.0,59138.0,61735.3,355681.5920000009,178548.86800000063,1654424,817020.0,1.0881,78.86700000000009,170.72799999999995,0.001344,0.006269,-0.002186,0.003497,0.001344,0.004648,0.001344,0.004648,85409.232,85724.296,81490.035,83806.835,1416.1440000003786,-1852961.7806432033,-20384.0,-1889704.0,-91.86099999999986,213930.6620000051
2024-09-19,61735.2,63830.1,61534.0,62926.9,302356.63599999424,154454.5209999993,1420881,702776.0,1.281,54.118000000000066,109.01100000000011,0.003512,0.008017,0.001577,0.008017,0.003512,0.004072,0.002949,0.004072,83807.141,89021.189,83375.471,87180.552,6552.406000004383,-1846409.374643199,-15329.0,-1905033.0,-54.89300000000004,213875.7690000051
2024-09-20,62926.9,64126.7,62320.0,63175.7,257153.95699999676,127379.22199998992,1205078,597504.0,0.8376,97.04599999999992,63.05900000000007,0.008065,0.01,-0.000579,0.004576,0.008065,0.008065,-0.000503,0.005543,87179.885,89428.447,85987.805,86595.327,-2395.5130000169156,-1848804.8876432157,-10070.0,-1915103.0,33.98699999999985,213909.7560000051
2024-09-21,63175.8,63546.9,62714.2,63320.6,78169.5289999886,39349.67000000335,448967,220723.0,0.9088,8.292,56.73500000000001,0.004638,0.01,0.004565,0.006362,0.004638,0.01,0.004638,0.008234,86595.206,87656.547,86534.817,86575.043,529.8110000181041,-1848275.0766431976,-7521.0,-1922624.0,-48.443000000000005,213861.3130000051
2024-09-22,63320.6,64000.0,62339.0,63558.4,149129.88399999685,75059.63999999629,756070,379858.0,0.9324,40.946000000000005,38.225,0.006285,0.01,0.004696,0.006509,0.006285,0.009254,0.005537,0.005537,86575.278,87138.406,84094.825,85729.925,989.3959999957297,-1847285.6806432018,3646.0,-1918978.0,2.7210000000000036,213864.03400000508
2024-09-23,63558.5,64724.8,62534.4,63302.0,234001.9849999964,116183.94599998038,1190329,592188.0,0.8758,147.61599999999987,124.36100000000002,0.006546,0.006747,0.000977,0.002351,0.006546,0.006546,0.001364,0.005304,85729.989,90074.598,84409.029,88987.261,-1634.0930000356457,-1848919.7736432375,-5953.0,-1924931.0,23.254999999999853,213887.28900000508
2024-09-24,63302.1,64666.0,62688.2,64243.1,236804.73300000138,118431.5569999938,1109027,550232.0,1.021,46.32900000000007,57.461000000000126,0.002324,0.003418,-0.000692,0.001223,0.002324,0.002895,-0.000182,-0.000182,88985.199,91478.976,88520.073,91142.998,58.380999986227835,-1848861.3926432512,-8563.0,-1933494.0,-11.132000000000055,213876.15700000507
2024-09-25,64243.2,64800.0,62910.0,63118.4,184939.55700000055,89576.5259999944,887092,441949.0,0.8031,66.05900000000011,24.439,0.001223,0.005637,-0.002356,0.001654,0.001223,0.001336,0.001141,0.001336,91142.631,92351.76,87859.936,88400.537,-5786.505000011763,-1854647.897643263,-3194.0,-1936688.0,41.62000000000011,213917.77700000507
2024-09-26,63118.3,65800.0,62634.4,65139.2,320524.9939999917,163595.59900000418,1387228,705709.0,1.1066,75.17400000000013,111.32400000000013,0.00165,0.01,0.000788,0.01,0.00165,0.01,0.00165,0.01,88401.722,91015.347,86006.926,88241.95,6666.204000016674,-1847981.6936432463,24190.0,-1912498.0,-36.14999999999999,213881.62700000507
2024-09-27,65139.1,66450.0,64788.0,65749.6,226396.2059999977,115292.26099998709,1120962,556684.0,0.7218,31.79,98.22500000000011,0.01,0.01,-0.001002,0.005455,0.01,0.01,0.002275,0.002275,88244.15,90078.883,85633.21,85850.487,4188.315999976476,-1843793.37764327,-7594.0,-1920092.0,-66.43500000000012,213815.19200000507
2024-09-28,65749.5,66237.0,65368.1,65822.6,92773.54799998531,45357.403999998474,516415,249988.0,0.7838,36.97800000000002,21.633000000000003,0.005455,0.009123,0.000517,0.00073,0.005455,0.0083,0.001414,0.001414,85849.689,86720.391,85243.763,85271.38,-2058.7399999883637,-1845852.1176432583,-16439.0,-1936531.0,15.34500000000002,213830.53700000508
2024-09-29,65822.7,66059.3,65400.0,65568.1,88131.49999999594,44104.826000001754,518436,252999.0,0.8228,15.532000000000004,27.261999999999986,0.000725,0.009729,-0.000292,0.003077,0.000725,0.007253,0.000725,0.007253,85266.223,86133.106,84448.677,85611.507,78.15200000756886,-1845773.9656432508,-12438.0,-1948969.0,-11.729999999999983,213818.80700000506
2024-09-30,65568.2,65588.8,62825.0,63309.1,296792.60699999414,142268.4999999938,1389365,696348.0,0.8612,177.6179999999999,48.56100000000004,0.003077,0.01,-0.001966,0.01,0.003077,0.01,0.003077,0.01,85614.768,90687.656,85138.39,86806.825,-12255.607000006537,-1858029.5726432574,3331.0,-1945638.0,129.05699999999987,213947.86400000507
2024-10-01,63309.0,64092.6,60128.2,60776.8,429792.16399999894,202017.03500000254,1997908,990813.0,1.2805,816.3609999999977,105.151,0.01,0.01,0.005336,0.006722,0.01,0.01,0.01,0.01,86805.973,90778.076,83725.45,84308.09,-25758.09399999387,-1883787.6666432512,-16282.0,-1961920.0,711.2099999999978,214659.07400000506
2024-10-02,60776.7,62355.0,59934.9,60622.6,326991.3049999918,165306.06799999715,1780603,892417.0,1.578,131.89499999999992,109.59399999999988,0.006632,0.01,0.002227,0.00439,0.006632,0.008409,0.006632,0.008191,84304.191,85932.588,82006.477,82501.363,3620.8310000025085,-1880166.8356432486,4231.0,-1957689.0,22.301000000000045,214681.37500000506
2024-10-03,60622.7,61452.6,59815.0,60727.2,286025.2639999893,142345.6339999997,1668302,833058.0,1.6724,132.68200000000002,86.00399999999998,0.004381,0.009551,0.002984,0.007104,0.004381,0.00499,0.003746,0.00499,82501.462,85381.697,82075.875,84456.354,-1333.9959999899147,-1881500.8316432387,-2186.0,-1959875.0,46.67800000000004,214728.05300000508
2024-10-04,60727.1,62457.1,60434.1,62054.4,234794.3470000035,117922.76199998897,1256173,624313.0,1.6247,46.47300000000003,241.15499999999992,0.007097,0.008079,-0.001777,-0.001634,0.007097,0.007097,0.000243,0.000243,84456.296,87721.059,84412.228,84721.89,1051.1769999744429,-1880449.6546432641,-7547.0,-1967422.0,-194.6819999999999,214533.37100000508
2024-10-05,62054.3,62344.0,61648.0,62023.1,74330.27099999372,36354.65300000413,467620,230068.0,1.3191,44.35300000000005,11.32199999999999,-0.001596,0.005098,-0.003675,0.000594,-0.001596,0.001088,-0.001596,0.000861,84723.342,85478.519,83873.376,84276.395,-1620.9649999854591,-1882070.6196432495,-7484.0,-1974906.0,33.03100000000006,214566.40200000507
2024-10-06,62023.1,62961.5,61778.9,62789.3,96413.45199999936,49785.602999998846,575575,293919.0,1.3474,19.124000000000006,69.55500000000002,0.000572,0.00466,0.000432,0.004573,0.000572,0.00418,0.000572,0.00418,84275.654,87004.4,84193.059,86184.235,3157.7539999983273,-1878912.8656432512,12263.0,-1962643.0,-50.43100000000001,214515.97100000505
2024-10-07,62789.2,64448.2,62091.8,62190.7,298943.23599999264,150402.6879999979,1459023,723207.0,1.2889,142.49399999999986,183.66999999999982,0.004573,0.005245,-0.002747,-0.001735,0.004573,0.004573,-0.000952,0.002177,86185.626,88318.756,83229.978,83244.745,1862.1400000031572,-1877050.725643248,-12609.0,-1975252.0,-41.17599999999996,214474.79500000505
2024-10-08,62190.6,63178.7,61836.0,62131.7,226235.87299999807,113362.17199999114,1194741,599229.0,1.3759,79.53100000000019,60.42700000000007,-0.001678,0.01,-0.001678,0.01,-0.001678,0.0081,-0.001678,0.0081,83250.983,87058.853,83250.983,85922.612,488.4709999842162,-1876562.2546432638,3717.0,-1971535.0,19.10400000000012,214493.89900000504
2024-10-09,62131.8,62520.9,60251.9,60606.4,217302.16800000105,102493.0809999971,1144236,566648.0,1.5189,98.6860000000001,22.159000000000034,0.01,0.01,0.00209,0.00209,0.01,0.01,0.005138,0.007939,85922.783,89416.378,84504.916,86900.726,-12316.006000006862,-1888878.2606432706,-10940.0,-1982475.0,76.52700000000007,214570.42600000504
2024-10-10,60606.3,61297.0,58900.0,60293.2,262947.6450000006,126668.71699999592,1261558,632739.0,1.8241,378.1280000000001,62.003000000000036,0.00209,0.01,0.001374,0.002258,0.00209,0.01,0.001532,0.01,86901.501,88828.645,85268.699,85845.552,-9610.211000008756,-1898488.4716432793,3920.0,-1978555.0,316.12500000000006,214886.55100000504
2024-10-11,60293.3,63400.0,60057.8,62509.0,263691.84600000276,136678.06099999647,1120503,561526.0,2.0969,34.77300000000001,150.24099999999981,0.002231,0.004482,-0.004674,0.004482,0.002231,0.002231,-0.001874,0.00012,85843.939,89046.9,83239.324,87532.819,9664.275999990175,-1888824.195643289,2549.0,-1976006.0,-115.4679999999998,214771.08300000505
2024-10-12,62509.0,63462.6,62458.0,63176.0,102784.38499999174,52596.6229999977,599608,292425.0,1.0995,26.98099999999999,78.32300000000005,0.004558,0.008796,-0.004447,0.000669,0.004558,0.007664,-0.001489,-0.001489,87532.521,89715.83,87326.909,89354.479,2408.861000003657,-1886415.3346432853,-14758.0,-1990764.0,-51.342000000000056,214719.74100000504
2024-10-13,63176.0,63260.0,62020.0,62839.8,129696.14699999467,65051.71399999834,670197,339472.0,1.0542,88.78500000000005,26.69099999999998,0.000693,0.006792,-0.001032,0.005502,0.000693,0.003938,0.000693,0.003938,89354.457,89411.604,85769.696,85773.972,407.28100000201084,-1886008.0536432832,8747.0,-1982017.0,62.09400000000007,214781.83500000506
2024-10-14,62839.7,66533.0,62420.0,66064.9,338251.6059999876,178341.30599999824,1574243,799617.0,1.2589,36.368000000000016,272.7299999999995,0.005429,0.01,0.001509,0.01,0.005429,0.01,0.005429,0.01,85773.904,89195.225,84235.595,86444.852,18431.0060000089,-1867577.0476432743,24991.0,-1957026.0,-236.36199999999948,214545.47300000506
2024-10-15,66064.9,67953.7,64771.7,67044.1,422005.51099998783,212525.53000000448,2018406,1006316.0,0.7077,104.47100000000025,180.77399999999966,0.01,0.01,0.00649,0.008319,0.01,0.01,0.01,0.01,86444.789,87716.236,82693.686,82778.967,3045.5490000211284,-1864531.4986432532,-5774.0,-1962800.0,-76.30299999999941,214469.17000000508
2024-10-16,67044.0,68400.0,66724.2,67592.0,254092.9430000008,129761.37899998882,1531020,762943.0,0.7206,60.82200000000008,146.4269999999999,0.008325,0.01,0.008324,0.01,0.008325,0.01,0.008325,0.01,82778.78,88086.568,82604.976,86460.549,5429.814999976836,-1859101.6836432763,-5134.0,-1967934.0,-85.60499999999982,214383.56500000507
2024-10-17,67592.0,67925.9,66600.0,67401.5,220168.01500000464,108851.75799998587,1251657,625785.0,0.6466,61.99100000000013,36.90100000000001,0.01,0.01,0.009078,0.01,0.01,0.01,0.01,0.01,86460.792,86866.745,81439.19,81684.169,-2464.499000032898,-1861566.1826433092,-87.0,-1968021.0,25.090000000000117,214408.65500000506
2024-10-18,67401.5,69000.0,67165.0,68407.8,245207.96899999664,124668.69499998818,1319435,656413.0,0.7079,29.210999999999995,80.15800000000011,0.01,0.01,0.01,0.01,0.01,0.01,0.01,0.01,81685.451,89387.694,81683.693,86389.864,4129.420999979717,-1857436.7616433296,-6609.0,-1974630.0,-50.947000000000116,214357.70800000505
2024-10-19,68407.8,68684.9,68000.0,68357.1,68631.3559999931,33350.88900000516,449022,218606.0,0.6226,21.51899999999999,35.768000000000015,0.01,0.01,0.01,0.01,0.01,0.01,0.01,0.01,86389.829,87259.596,85911.615,86747.852,-1929.5779999827791,-1859366.3396433124,-11810.0,-1986440.0,-14.249000000000024,214343.45900000504
2024-10-20,68357.1,69425.8,68069.8,69020.1,105939.46999999582,55143.15900000206,597806,293918.0,0.7036,9.455000000000002,65.77400000000004,0.01,0.01,0.01,0.01,0.01,0.01,0.01,0.01,86749.038,88028.736,86263.198,86610.859,4346.848000008293,-1855019.491643304,-9970.0,-1996410.0,-56.319000000000045,214287.14000000505
2024-10-21,69020.2,69566.0,66865.9,67368.8,249477.68600000118,121543.3799999893,1313081,643623.0,0.6734,100.31399999999998,68.38000000000017,0.01,0.01,0.01,0.01,0.01,0.01,0.01,0.01,86609.599,90182.084,86130.732,86956.115,-6390.926000022591,-1861410.4176433266,-25835.0,-2022245.0,31.933999999999813,214319.07400000506
2024-10-22,67368.7,67825.0,66536.5,67406.4,218473.01999999987,106482.17799999258,1180791,595932.0,0.8272,145.731,43.05600000000003,0.01,0.01,0.01,0.01,0.01,0.01,0.01,0.01,86954.961,87797.07,85681.038,86929.608,-5508.664000014716,-1866919.0816433413,11073.0,-2011172.0,102.67499999999995,214421.74900000505
2024-10-23,67406.5,67449.0,65222.3,66647.2,248215.03000000093,119532.60399999199,1260594,634919.0,0.8288,115.47400000000006,41.368,0.01,0.01,0.01,0.01,0.01,0.01,0.01,0.01,86928.463,87999.271,83880.871,84249.031,-9149.822000016953,-1876068.9036433583,9244.0,-2001928.0,74.10600000000005,214495.85500000505
2024-10-24,66647.3,68842.5,66482.0,68173.8,210888.62499999724,106256.6129999878,1130009,569772.0,1.07,30.355999999999995,100.80100000000013,0.01,0.01,0.01,0.01,0.01,0.01,0.01,0.01,84243.058,86280.774,83487.376,85470.82,1624.600999978371,-1874444.30264338,9535.0,-1992393.0,-70.44500000000014,214425.41000000504
2024-10-25,68173.8,68748.0,65557.2,66662.8,347662.0139999951,166667.1300000009,1634538,801440.0,0.8423,223.97399999999968,72.14700000000015,0.01,0.01,0.004536,0.00474,0.01,0.01,0.01,0.01,85470.899,86071.156,79933.328,80095.98,-14327.753999993263,-1888772.056643373,-31658.0,-2024051.0,151.82699999999954,214577.23700000503
2024-10-26,66662.7,67450.0,66414.1,67071.8,94169.9799999863,47331.441999999035,621145,311773.0,1.0321,9.120999999999995,31.746999999999975,0.004755,0.01,0.004537,0.01,0.004755,0.01,0.004755,0.01,80098.176,81827.642,79796.08,80968.878,492.9040000117675,-1888279.1526433614,2401.0,-2021650.0,-22.62599999999998,214554.61100000504
2024-10-27,67071.9,68306.1,66909.4,67992.6,88468.7689999969,45814.29500000212,539491,269053.0,0.9286,5.048999999999995,42.745000000000054,0.01,0.01,0.008802,0.009447,0.01,0.01,0.009724,0.01,80968.59,82267.414,80882.2,82205.962,3159.821000007345,-1885119.331643354,-1385.0,-2023035.0,-37.69600000000006,214516.91500000504
2024-10-28,67992.7,70331.0,67584.2,69940.0,264476.28899999947,140431.3819999926,1350473,675841.0,0.8123,43.700000000000024,98.88500000000015,0.009425,0.01,0.00767,0.01,0.009425,0.01,0.008946,0.008946,82201.466,89114.887,81979.221,89114.887,16386.474999985716,-1868732.8566433683,1209.0,-2021826.0,-55.18500000000012,214461.73000000505
2024-10-29,69939.9,73660.0,69733.0,72739.5,382501.8559999927,199025.09499999846,1927972,959378.0,0.5699,47.24900000000007,471.3489999999993,0.01,0.01,0.01,0.01,0.01,0.01,0.01,0.01,89114.869,93436.902,88828.852,90243.002,15548.334000004223,-1853184.522643364,-9216.0,-2031042.0,-424.0999999999992,214037.63000000504
2024-10-30,72739.5,72984.9,71444.2,72349.0,227105.3499999987,113209.16799999333,1295501,637377.0,0.5618,49.43600000000008,40.90999999999999,0.01,0.01,0.01,0.01,0.01,0.01,0.01,0.01,90242.829,90946.817,87777.398,89315.343,-687.0140000120446,-1853871.536643376,-20747.0,-2051789.0,8.526000000000089,214046.15600000505
2024-10-31,72349.0,72720.3,69705.0,70321.9,256459.37500000087,122731.48999999596,1406134,701282.0,0.6176,273.39900000000006,42.84400000000001,0.01,0.01,0.01,0.01,0.01,0.01,0.01,0.01,89315.343,91659.861,88884.093,89546.785,-10996.395000008939,-1864867.931643385,-3570.0,-2055359.0,230.55500000000006,214276.71100000505
2024-11-01,70321.9,71650.0,68822.5,69495.5,352590.1819999918,170405.15300000343,1798155,890236.0,0.9044,140.9829999999998,102.74200000000006,0.01,0.01,0.01,0.01,0.01,0.01,0.01,0.01,89544.781,90899.487,83628.946,84093.333,-11779.875999984972,-1876647.80764337,-17683.0,-2073042.0,38.240999999999744,214314.95200000505
2024-11-02,69495.4,69913.1,69022.8,69366.6,79313.15999999002,38566.492999998954,556230,276510.0,1.1048,24.05899999999999,21.087999999999997,0.01,0.01,0.01,0.01,0.01,0.01,0.01,0.01,84087.449,85988.697,83926.397,85855.306,-2180.173999992112,-1878827.9816433622,-3210.0,-2076252.0,2.970999999999993,214317.92300000504
2024-11-03,69366.6,69393.7,67446.6,68762.5,226419.4699999964,110422.18499998914,1240339,626719.0,1.1177,341.9529999999988,81.61500000000008,0.01,0.01,0.01,0.01,0.01,0.01,0.01,0.01,85854.959,86698.943,82446.514,82985.133,-5575.100000018108,-1884403.0816433802,13099.0,-2063153.0,260.3379999999987,214578.26100000503
2024-11-04,68762.4,69495.3,66810.0,67834.3,244894.9150000006,120592.79399999503,1413646,706232.0,1.2411,119.8420000000001,63.14700000000012,0.01,0.01,0.01,0.01,0.01,0.01,0.01,0.01,82985.586,85977.876,82553.541,84137.789,-3709.327000010526,-1888112.4086433908,-1182.0,-2064335.0,56.69499999999998,214634.95600000504
2024-11-05,67834.4,70537.4,67454.2,69353.1,273070.71399999876,137002.0199999946,1572981,786655.0,1.474,71.33400000000003,100.90200000000007,0.01,0.01,0.008727,0.01,0.01,0.01,0.01,0.01,84137.894,84758.069,82455.465,82913.338,933.3259999904549,-1887179.0826434004,329.0,-2064006.0,-29.56800000000004,214605.38800000504
2024-11-06,69353.1,76420.0,69272.7,75579.9,676680.7470000046,345395.4019999925,4075346,2032634.0,1.2391,150.21899999999994,1779.8119999999856,0.01,0.01,0.0089,0.01,0.01,0.01,0.01,0.01,82913.177,91505.36,82132.686,89443.534,14110.056999980356,-1873069.02564342,-10078.0,-2074084.0,-1629.5929999999858,212975.79500000505
2024-11-07,75579.9,76900.0,74450.0,75859.4,280667.20599999937,139920.80999999534,1750127,865579.0,0.6576,81.449,294.8969999999994,0.01,0.01,0.01,0.01,0.01,0.01,0.01,0.01,89441.455,90322.452,88276.958,88616.441,-825.5860000086832,-1873894.6116434287,-18969.0,-2093053.0,-213.4479999999994,212762.34700000504
2024-11-08,75859.4,77182.9,75576.3,76482.2,229325.79000000173,113759.57899999463,1415555,702402.0,0.6504,43.45700000000003,63.71100000000016,0.01,0.01,0.01,0.01,0.01,0.01,0.01,0.01,88615.234,92146.813,88266.11,89974.934,-1806.6320000124688,-1875701.2436434412,-10751.0,-2103804.0,-20.254000000000133,212742.09300000506
2024-11-09,76482.2,76920.0,75683.2,76675.1,117753.99499999471,59583.92600000132,723450,362758.0,0.5954,66.33500000000006,266.215,0.01,0.01,0.01,0.01,0.01,0.01,0.01,0.01,89974.934,89985.923,87261.786,87469.254,1413.8570000079199,-1874287.3866434332,2066.0,-2101738.0,-199.8799999999999,212542.21300000505
2024-11-10,76675.1,81699.8,76501.1,80410.0,417424.7930000036,215382.06699999314,2304906,1164292.0,0.6077,96.75300000000014,246.2819999999997,0.01,0.038636,0.01,0.036878,0.01,0.025603,0.01,0.014113,87468.936,89247.496,84398.042,85939.291,13339.340999982669,-1860948.0456434507,23678.0,-2078060.0,-149.52899999999954,212392.68400000504
2024-11-11,80409.9,89800.0,80261.2,88728.9,613534.1559999991,316042.917999994,3409385,1718996.0,0.6611,75.9240000000001,603.2299999999965,0.036878,0.049079,0.01,0.049029,0.036878,0.036878,0.01,0.01,85940.627,91101.885,84909.013,84951.211,18551.679999988875,-1842396.3656434617,28607.0,-2049453.0,-527.3059999999964,211865.37800000506
2024-11-12,88729.0,90070.1,85159.9,87972.0,633710.3600000073,311150.20299999916,3919015,1951968.0,0.8106,222.72299999999953,263.2189999999993,0.049133,0.085352,0.01,0.01,0.049133,0.049133,0.038754,0.038754,84951.228,88462.457,83262.51,84314.811,-11409.954000008991,-1853806.3196434707,-15079.0,-2064532.0,-40.49599999999978,211824.88200000505
2024-11-13,87972.0,93421.1,86180.0,90413.3,555255.6779999993,277115.3189999938,3709235,1864395.0,0.7637,333.7499999999997,753.9469999999937,0.01,0.026685,0.01,0.01,0.01,0.021856,0.01,0.021856,84314.75,87695.695,83024.007,83030.395,-1025.0400000116788,-1854831.3596434824,19555.0,-2044977.0,-420.19699999999403,211404.68500000506
2024-11-14,90413.3,91846.1,86714.0,87382.7,364615.064999994,175051.32800000397,2753466,1375331.0,0.9019,177.2259999999997,120.61599999999994,0.01,0.01,0.01,0.01,0.01,0.01,0.01,0.01,83030.399,86596.167,82967.854,85959.63,-14512.408999986073,-1869343.7686434684,-2804.0,-2047781.0,56.609999999999744,211461.29500000505
2024-11-15,87382.6,91921.5,87111.0,91074.6,314412.7599999982,157598.01700000072,2252819,1123951.0,1.139,103.9759999999999,294.82799999999884,0.01,0.016097,0.01,0.01,0.01,0.010977,0.01,0.010977,85958.998,86413.734,83566.279,84839.775,783.2740000032354,-1868560.4946434652,-4917.0,-2052698.0,-190.85199999999895,211270.44300000503
2024-11-16,91074.6,91849.8,90120.0,90643.3,129023.38699999334,63437.9049999978,1073270,528133.0,0.7876,30.645999999999976,99.59600000000005,0.01,0.016867,0.01,0.015798,0.01,0.013231,0.01,0.013231,84835.877,85546.23,83884.031,84705.638,-2147.5769999977347,-1870708.0716434629,-17004.0,-2069702.0,-68.95000000000007,211201.49300000502
2024-11-17,90643.2,91539.6,88736.1,89899.9,167502.68599999548,80279.07899999585,1290981,639058.0,0.8113,66.58300000000011,64.64200000000021,0.015765,0.018766,0.01,0.01,0.015765,0.015765,0.01,0.010577,84696.397,86405.314,84031.747,84052.61,-6944.528000003775,-1877652.5996434665,-12865.0,-2082567.0,1.940999999999903,211203.434000005
2024-11-18,89900.0,92700.0,89422.1,90507.4,333369.84099999705,165081.01000000004,2316503,1160502.0,0.9924,93.82099999999998,143.7849999999999,0.01,0.049857,0.01,0.021606,0.01,0.03645,0.01,0.021318,84052.603,86528.643,82844.874,84970.976,-3207.8209999969695,-1880860.4206434635,4501.0,-2078066.0,-49.96399999999993,211153.470000005
2024-11-19,90507.4,93985.9,90405.6,92335.9,303524.12099999667,154192.090999998,2068716,1031733.0,0.9117,63.660000000000146,121.56100000000016,0.021606,0.032932,0.01,0.01,0.021606,0.030216,0.017959,0.017959,84971.285,90442.207,83035.182,85371.401,4860.060999999347,-1876000.3596434642,-5250.0,-2083316.0,-57.90100000000002,211095.569000005
2024-11-20,92335.9,94849.0,91500.0,94288.0,290028.8569999958,145886.08400000155,2096548,1033682.0,0.7915,46.32900000000004,145.5889999999998,0.01,0.01,0.01,0.01,0.01,0.01,0.01,0.01,85371.367,92630.837,84051.652,89562.431,1743.311000007263,-1874257.048643457,-29184.0,-2112500.0,-99.25999999999976,210996.30900000499
2024-11-21,94288.0,99100.0,94008.7,98366.8,418335.46899999736,213915.20599999558,2815017,1424045.0,0.6067,82.13700000000013,323.17999999999927,0.01,0.01,0.01,0.01,0.01,0.01,0.01,0.01,89561.019,91745.828,88736.884,89307.772,9494.9429999938,-1864762.1056434633,33073.0,-2079427.0,-241.04299999999915,210755.26600000498
2024-11-22,98366.8,99660.0,97199.9,98921.4,265765.7709999976,130421.35499999474,1814281,905301.0,0.7126,69.99100000000004,134.45300000000012,0.01,0.017529,0.01,0.01,0.01,0.01,0.01,0.01,89307.693,92960.088,88935.962,90671.343,-4923.061000008136,-1869685.1666434715,-3679.0,-2083106.0,-64.46200000000007,210690.80400000498
2024-11-23,98921.5,98937.3,97173.5,97725.5,120146.96599999559,57702.83600000048,842812,424531.0,0.7382,185.0060000000001,109.44500000000001,0.01,0.01,0.01,0.01,0.01,0.01,0.01,0.01,90671.003,91204.91,89929.431,90282.59,-4741.293999994625,-1874426.460643466,6250.0,-2076856.0,75.5610000000001,210766.36500000497
2024-11-24,97725.6,98666.0,95822.1,97960.4,173116.49500000087,84519.15899999524,1210127,606797.0,0.8936,231.45200000000017,75.07800000000019,0.01,0.032622,0.01,0.021181,0.01,0.023228,0.01,0.023228,90282.59,90317.699,87497.215,87506.408,-4078.177000010386,-1878504.6376434765,3467.0,-2073389.0,156.37399999999997,210922.73900000498
2024-11-25,97960.5,98999.0,92666.0,93064.0,329358.1189999992,156651.7529999967,2107119,1052918.0,0.9497,297.4170000000002,121.24499999999985,0.021035,0.030589,0.01,0.021906,0.021035,0.025233,0.01,0.025233,87507.075,91990.315,87021.022,90378.954,-16054.613000005775,-1894559.2506434822,-1283.0,-2074672.0,176.17200000000037,211098.91100000497
2024-11-26,93064.1,95064.0,90866.4,92021.4,344928.67399999965,169186.59100000217,2436687,1221505.0,1.31,167.43299999999994,121.86800000000005,0.021902,0.038439,0.01774,0.031334,0.021902,0.029599,0.017936,0.029599,90378.664,90935.044,87031.47,87584.972,-6555.491999995313,-1901114.7426434774,6323.0,-2068349.0,45.564999999999884,211144.47600000497
2024-11-27,92021.5,97250.0,91864.0,95905.2,236936.1250000001,119598.85699999724,1565742,776043.0,1.4498,39.672000000000025,179.56799999999998,0.031205,0.031205,0.01,0.01,0.031205,0.031205,0.01,0.01,87584.736,89460.292,86139.919,86144.61,2261.58899999439,-1898853.153643483,-13656.0,-2082005.0,-139.89599999999996,211004.58000000496
2024-11-28,95905.2,96627.6,94700.1,95694.4,154007.02599999815,77818.66299998939,1096086,551193.0,0.9662,37.648999999999994,49.48500000000011,0.01,0.025091,0.01,0.02071,0.01,0.014326,0.01,0.011859,86144.61,87565.979,85633.743,85987.68,1630.2999999806343,-1897222.8536435023,6300.0,-2075705.0,-11.83600000000012,210992.74400000495
2024-11-29,95694.4,98713.3,95404.5,97516.3,190520.0400000051,96983.79899999287,1219080,612128.0,1.0725,58.390000000000015,159.6040000000001,0.020619,0.02345,0.01,0.01,0.020619,0.021921,0.011747,0.021921,85987.602,90061.752,85432.945,88021.637,3447.557999980636,-1893775.2956435217,5176.0,-2070529.0,-101.21400000000008,210891.53000000495
2024-11-30,97516.2,97522.1,96150.0,96475.1,93061.48299998842,45045.040999998826,651282,325545.0,0.8643,29.573999999999984,39.316000000000024,0.01,0.016414,0.01,0.015901,0.01,0.015909,0.01,0.012063,88021.616,88192.348,86592.925,86886.346,-2971.400999990772,-1896746.6966435125,-192.0,-2070721.0,-9.74200000000004,210881.78800000495
2024-12-01,96475.2,97933.0,95736.5,97265.1,113222.98999998935,56376.58399999656,731065,371648.0,0.9806,26.875999999999976,74.69800000000004,0.015901,0.025726,0.01,0.025726,0.015901,0.019581,0.01,0.01,86886.351,87586.171,86201.948,86611.832,-469.82199999623117,-1897216.5186435087,12231.0,-2058490.0,-47.82200000000006,210833.96600000496
2024-12-02,97265.0,98266.0,94400.0,95890.5,257527.11100000082,125092.29899999108,1653535,815546.0,0.9109,114.25499999999985,102.19300000000017,0.025726,0.036593,0.01,0.012795,0.025726,0.025726,0.013387,0.013387,86612.903,89277.715,86188.449,86362.302,-7342.513000018676,-1904559.0316435273,-22443.0,-2080933.0,12.061999999999685,210846.02800000497
2024-12-03,95890.6,96375.0,93605.0,95913.3,205355.99900000516,101058.19799999321,1405115,702479.0,1.116,91.08200000000004,77.12700000000008,0.012779,0.027891,0.011358,0.026715,0.012779,0.024926,0.011952,0.011952,86363.274,88345.304,86333.149,87478.69,-3239.6030000187457,-1907798.634643546,-157.0,-2081090.0,13.954999999999956,210859.98300000496
2024-12-04,95913.3,99099.9,94650.8,98669.8,275882.8779999984,138685.78499999977,1660640,834713.0,1.07,76.58600000000007,178.4090000000003,0.026634,0.03104,0.014851,0.027596,0.026634,0.026634,0.023234,0.023234,87478.358,92677.751,86896.558,92658.953,1488.692000001145,-1906309.9426435449,8786.0,-2072304.0,-101.82300000000023,210758.16000000495
2024-12-05,98669.8,104630.4,93646.7,97001.5,541705.0910000034,268493.318999989,3863047,1916836.0,0.8242,198.76599999999974,197.539,0.027625,0.099117,0.01,0.01,0.027625,0.072446,0.027625,0.047059,92642.745,98060.61,91697.558,92198.584,-4718.453000025358,-1911028.3956435702,-29375.0,-2101679.0,1.226999999999748,210759.38700000496
2024-12-06,97001.6,101988.8,96429.5,99802.5,282276.15699999646,138550.75599999435,1974901,986867.0,1.3552,41.93000000000004,148.581,0.01,0.034398,0.01,0.032032,0.01,0.014634,0.01,0.01,92201.425,92659.758,88966.277,89431.009,-5174.64500000776,-1916203.040643578,-1167.0,-2102846.0,-106.65099999999995,210652.73600000495
2024-12-07,99802.5,100499.0,98876.9,99899.2,95858.5349999923,46690.78699999598,784036,389515.0,0.96,26.324999999999996,20.096999999999994,0.031972,0.031972,0.01,0.016975,0.031972,0.031972,0.012374,0.01409,89431.009,90261.885,88562.23,88605.209,-2476.961000000345,-1918680.0016435783,-5006.0,-2107852.0,6.2280000000000015,210658.96400000495
2024-12-08,99899.2,101457.9,98709.4,101200.0,109751.19099999491,54843.02499999499,847499,423341.0,1.0956,21.037000000000013,53.03000000000009,0.016985,0.030387,0.010355,0.030387,0.016985,0.01758,0.016572,0.01758,88604.987,90028.985,88414.872,89375.143,-65.14100000493636,-1918745.1426435832,-817.0,-2108669.0,-31.99300000000008,210626.97100000497
2024-12-09,101200.1,101300.0,94039.7,97349.1,322542.88500000024,152126.2129999969,2436958,1199269.0,1.0313,472.81699999999876,130.88500000000005,0.030413,0.031487,0.01,0.01,0.030413,0.030413,0.011115,0.011115,89369.909,90807.033,88465.536,89928.987,-18290.459000006435,-1937035.6016435898,-38420.0,-2147089.0,341.9319999999987,210968.90300000497
2024-12-10,97349.1,98320.6,94265.5,96602.4,288626.3519999939,143628.11599999742,2330090,1168982.0,1.405,124.45700000000014,84.24500000000005,0.01,0.01,0.01,0.01,0.01,0.01,0.01,0.01,89931.812,90147.766,87430.689,87742.964,-1370.119999999064,-1938405.721643589,7874.0,-2139215.0,40.21200000000009,211009.11500000497
2024-12-11,96602.3,101880.0,95650.0,101115.3,221804.50099999644,114248.98899999679,1698682,848689.0,1.3764,32.79999999999999,154.1839999999999,0.01,0.01,0.01,0.01,0.01,0.01,0.01,0.01,87742.962,94333.79,87656.731,92932.695,6693.476999997132,-1931712.2446435918,-1304.0,-2140519.0,-121.38399999999993,210887.73100000498
2024-12-12,101115.3,102538.4,99280.2,99982.4,214759.44999999955,108030.68299999408,1678120,835920.0,0.7431,123.40800000000016,60.28600000000009,0.01,0.01,0.01,0.01,0.01,0.01,0.01,0.01,92932.679,94707.762,91613.679,91668.94,1301.9159999886178,-1930410.3286436033,-6280.0,-2146799.0,63.12200000000007,210950.85300000498
2024-12-13,99982.3,101869.5,99149.6,101371.9,152307.45699999647,75968.0699999983,1197073,595128.0,0.8457,23.01800000000001,58.41999999999999,0.01,0.01,0.005259,0.00679,0.01,0.01,0.01,0.01,91668.891,93017.435,90029.096,91999.019,-371.3169999998645,-1930781.645643603,-6817.0,-2153616.0,-35.40199999999997,210915.45100000498
2024-12-14,101371.9,102638.0,100559.8,101381.0,107680.52899999062,53113.61099999186,864595,423050.0,0.7071,39.154000000000025,22.180000000000014,0.00675,0.01,0.006667,0.01,0.00675,0.01,0.00675,0.01,91999.003,93494.532,91910.321,92605.781,-1453.3070000068983,-1932234.95264361,-18495.0,-2172111.0,16.97400000000001,210932.42500000497
2024-12-15,101381.0,105374.6,101200.1,104460.4,157719.619999996,84462.25599999324,1194464,607439.0,0.7637,18.691,67.08900000000001,0.01,0.01,0.005489,0.01,0.01,0.01,0.008194,0.01,92605.75,99466.666,92317.069,98881.171,11204.891999990476,-1921030.0606436196,20414.0,-2151697.0,-48.39800000000001,210884.02700000498
2024-12-16,104460.5,107777.0,103264.6,106023.2,274371.5199999905,138930.2909999878,2074259,1036526.0,0.6281,122.38700000000033,313.2829999999963,0.01,0.01,0.007309,0.007818,0.01,0.01,0.009181,0.009181,98882.342,99700.697,93012.628,93134.664,3489.0619999851333,-1917540.9986436344,-1207.0,-2152904.0,-190.89599999999598,210693.13100000497
2024-12-17,106023.2,108366.8,105252.0,106074.6,197721.33099999736,99975.07399999652,1719992,859913.0,0.6242,64.31400000000004,68.59000000000012,0.007866,0.01,0.007866,0.01,0.007866,0.01,0.007866,0.01,93131.917,96514.626,92321.276,92376.875,2228.8169999956735,-1915312.1816436388,-166.0,-2153070.0,-4.2760000000000815,210688.85500000496
2024-12-18,106074.6,106484.6,99951.1,100181.1,310026.3300000014,146915.0389999924,2512652,1247824.0,0.6767,136.29500000000044,55.39,0.01,0.01,0.007024,0.01,0.01,0.01,0.009159,0.01,92376.849,93180.093,90197.067,92450.298,-16196.252000016626,-1931508.4336436554,-17004.0,-2170074.0,80.90500000000044,210769.76000000496
2024-12-19,100181.2,102756.7,95681.2,97434.4,367703.9540000036,176907.9529999907,3302672,1649851.0,1.1954,446.9179999999979,150.54300000000012,0.01,0.01,0.01,0.01,0.01,0.01,0.01,0.01,92498.537,93623.487,90460.46,91566.513,-13888.048000022187,-1945396.4816436777,-2970.0,-2173044.0,296.3749999999978,211066.13500000496
2024-12-20,97434.3,98243.0,92272.6,97764.4,393252.1949999937,190180.96000000497,3698304,1829546.0,1.5491,418.3369999999994,191.12399999999948,0.01,0.01,0.01,0.01,0.01,0.01,0.01,0.01,91566.674,95990.5,88669.479,89105.266,-12890.274999983783,-1958286.7566436615,-39212.0,-2212256.0,227.21299999999994,211293.34800000495
2024-12-21,97764.5,99485.0,96375.0,97261.8,161256.75300000276,80345.67399999112,1393920,692252.0,1.4166,72.50200000000014,78.04500000000004,0.01,0.01,0.000558,0.01,0.01,0.01,0.001206,0.01,89104.957,89446.688,86584.284,87817.246,-565.405000020517,-1958852.161643682,-9416.0,-2221672.0,-5.542999999999907,211287.80500000494
2024-12-22,97261.7,97437.9,94200.0,95153.5,148113.99499999845,70507.4149999983,1341188,657344.0,1.3742,157.66199999999986,41.03700000000005,0.01,0.01,0.007532,0.01,0.01,0.01,0.009629,0.009629,87817.049,88604.377,86622.606,86860.187,-7099.165000001842,-1965951.326643684,-26500.0,-2248172.0,116.62499999999982,211404.43000000494
2024-12-23,95153.4,96499.0,92464.4,94861.1,247191.903999999,121818.20499999082,2271004,1138310.0,1.5355,87.01000000000008,80.0030000000002,0.01,0.01,0.005573,0.01,0.01,0.01,0.008981,0.008981,86860.185,91068.645,86795.554,90260.328,-3555.494000017352,-1969506.8206437014,5616.0,-2242556.0,7.006999999999877,211411.43700000495
2024-12-24,94861.0,99450.0,93525.6,98627.2,211618.69500000155,109373.92699999499,1649889,826648.0,2.0057,44.55100000000002,138.78,0.01,0.01,0.008487,0.01,0.01,0.01,0.01,0.01,90260.597,92577.712,89706.262,91743.091,7129.158999988431,-1962377.661643713,3407.0,-2239149.0,-94.22899999999998,211317.20800000496
2024-12-25,98626.9,99580.7,97570.0,99379.7,124696.89199999491,62253.483999997115,1194338,589318.0,1.1022,37.070000000000036,57.91400000000011,0.01,0.01,0.009951,0.009951,0.01,0.01,0.01,0.01,91744.835,92568.837,91076.193,91876.321,-189.924000000683,-1962567.5856437136,-15702.0,-2254851.0,-20.844000000000072,211296.36400000495
2024-12-26,99379.6,99950.0,95153.0,95751.0,194635.3889999983,95123.88299998948,1657441,827820.0,1.1013,85.10099999999994,40.6450000000001,0.009827,0.01,0.004332,0.01,0.009827,0.009827,0.007453,0.008585,91876.453,92115.612,88759.001,89323.624,-4387.623000019346,-1966955.208643733,-1801.0,-2256652.0,44.45599999999984,211340.82000000495
2024-12-27,95750.9,97564.5,93440.0,94258.9,205952.24600000185,102003.85899998722,1802347,909572.0,1.5361,107.863,66.49400000000009,0.01,0.01,0.01,0.01,0.01,0.01,0.01,0.01,89323.624,90428.814,88294.18,89654.825,-1944.528000027407,-1968899.7366437605,16797.0,-2239855.0,41.368999999999915,211382.18900000496
2024-12-28,94258.9,95700.0,94100.0,95259.1,67991.28099999893,35331.87100000331,656250,332294.0,1.7801,11.194,66.03199999999998,0.01,0.01,0.005151,0.008052,0.01,0.01,0.005173,0.005173,89654.825,90902.822,89460.908,90694.419,2672.4610000076937,-1966227.275643753,8338.0,-2231517.0,-54.83799999999998,211327.35100000497
2024-12-29,95259.1,95300.0,92961.8,93700.0,95047.93399999887,44931.73700000113,818713,405117.0,1.7345,34.589000000000034,18.604000000000003,0.008013,0.01,-0.00224,-8.3e-05,0.008013,0.01,0.008013,0.01,90694.428,91396.706,89576.594,89932.205,-5184.459999996616,-1971411.7356437496,-8479.0,-2239996.0,15.985000000000031,211343.33600000496
2024-12-30,93699.9,95031.6,91510.0,92759.3,222335.46200000416,111056.71999999695,1913724,962291.0,1.8563,97.17400000000005,68.96800000000007,-4.2e-05,0.01,-4.2e-05,0.01,-4.2e-05,0.01,-4.2e-05,0.01,89932.307,93151.715,89813.949,90897.936,-222.02200001027086,-1971633.75764376,10858.0,-2229138.0,28.205999999999975,211371.54200000496
2024-12-31,92759.3,96254.3,92000.0,93548.9,178648.11600000405,91654.17199999088,1516788,762457.0,2.0395,47.333000000000055,50.71200000000006,0.01,0.01,0.01,0.01,0.01,0.01,0.01,0.01,90899.649,93410.718,90191.606,91235.49,4660.227999977709,-1966973.5296437822,8126.0,-2221012.0,-3.379000000000005,211368.16300000498
2025-01-01,93548.8,95161.2,92796.5,94580.9,91236.65999999446,45712.48099999863,726611,365115.0,1.8217,32.673000000000016,40.14600000000003,0.01,0.01,0.01,0.01,0.01,0.01,0.01,0.01,91235.486,92663.452,90764.972,92288.712,188.30200000280456,-1966785.2276437795,3619.0,-2217393.0,-7.473000000000013,211360.69000000498
2025-01-02,94580.9,97822.4,94357.4,96967.5,181308.38900000122,91613.97099999011,1503323,748615.0,1.6817,37.708999999999996,94.40300000000019,0.01,0.01,0.01,0.01,0.01,0.01,0.01,0.01,92288.415,94569.506,91732.91,91931.688,1919.5529999790015,-1964865.6746438006,-6093.0,-2223486.0,-56.694000000000194,211303.996000005
2025-01-03,96967.6,98949.0,96061.5,98145.7,125178.60799999496,62617.242999999995,1049427,523968.0,1.1459,102.81600000000002,44.78900000000005,0.01,0.01,0.004944,0.007654,0.01,0.01,0.005242,0.005242,91931.303,92159.006,90287.396,90563.91,55.878000005031936,-1964809.7966437954,-1491.0,-2224977.0,58.026999999999965,211362.023000005
2025-01-04,98145.7,98760.9,97438.2,98173.2,71903.07899999303,34606.937000002734,585874,287656.0,1.0877,13.981999999999996,136.2339999999999,0.007699,0.01,-4e-06,0.01,0.007699,0.01,0.000798,0.000798,90564.114,90619.412,87403.577,87454.115,-2689.20499998756,-1967499.001643783,-10562.0,-2235539.0,-122.2519999999999,211239.77100000498
2025-01-05,98173.2,98852.6,97227.0,98340.2,74947.37099999715,36785.62900000256,585528,292983.0,1.1277,13.291000000000004,21.77199999999999,0.01,0.01,0.006841,0.01,0.01,0.01,0.00832,0.00832,87455.752,90148.468,87429.838,90092.914,-1376.112999992023,-1968875.114643775,438.0,-2235101.0,-8.480999999999987,211231.29000000498
2025-01-06,98340.2,102444.0,97872.6,102180.4,207465.98799999207,106221.71199999719,1600803,801762.0,1.1281,30.18000000000003,70.80900000000015,0.01,0.01,0.007967,0.01,0.01,0.01,0.01,0.01,90092.946,94677.762,90092.946,93899.406,4977.436000002315,-1963897.6786437726,2721.0,-2232380.0,-40.62900000000012,211190.661000005
2025-01-07,102180.5,102762.1,96153.0,96920.3,255552.6790000045,122729.78199999606,1884903,933028.0,0.7618,195.63399999999936,49.70700000000008,0.01,0.01,0.005691,0.01,0.01,0.01,0.008279,0.008279,93899.088,93973.814,89832.062,92127.657,-10093.115000012374,-1973990.793643785,-18847.0,-2251227.0,145.92699999999928,211336.588000005
2025-01-08,96920.2,97242.2,92500.0,95014.1,261785.0839999998,125660.3709999919,2184151,1090991.0,1.5543,183.4339999999997,177.65099999999995,0.01,0.01,0.01,0.01,0.01,0.01,0.01,0.01,92127.665,92619.321,89946.634,90705.631,-10464.342000016011,-1984455.135643801,-2169.0,-2253396.0,5.78299999999976,211342.371000005
2025-01-09,95014.0,95358.7,91055.8,92505.9,257759.3279999978,122608.5359999916,2137291,1049218.0,1.8137,127.57300000000025,52.56400000000015,0.01,0.01,-0.001064,0.003932,0.01,0.01,-0.000544,-0.000544,90706.167,91612.836,87277.099,87390.493,-12542.25600001459,-1996997.3916438154,-38855.0,-2292251.0,75.0090000000001,211417.38000000498
2025-01-10,92506.0,95882.5,92173.6,94675.5,260251.77000000182,130513.8509999909,2207842,1110276.0,2.1526,48.302000000000056,139.9800000000001,0.003966,0.01,-0.002622,0.005708,0.003966,0.008078,-0.00106,0.008078,87390.478,89728.917,87390.478,88468.034,775.9319999799773,-1996221.4596438354,12710.0,-2279541.0,-91.67800000000005,211325.70200000497
2025-01-11,94675.6,94988.0,93802.1,94562.5,64661.63799999919,31163.719000003814,566458,282975.0,1.6932,16.081,24.576999999999998,0.00568,0.008461,0.001776,0.004983,0.00568,0.00568,0.002608,0.002608,88468.048,88583.517,87619.166,87661.824,-2334.199999991568,-1998555.659643827,-508.0,-2280049.0,-8.495999999999999,211317.20600000495
2025-01-12,94562.4,95444.0,93661.1,94499.9,77298.13299999884,38243.25900000275,635245,316538.0,1.736,125.76000000000005,9.964999999999998,0.005009,0.01,0.002664,0.005315,0.005009,0.006647,0.00321,0.006647,87661.827,89012.79,87482.486,87547.192,-811.6149999933405,-1999367.2746438202,-2169.0,-2282218.0,115.79500000000004,211433.00100000497
2025-01-13,94499.9,95934.5,88909.0,94485.3,355444.7739999976,171744.65899999987,2753886,1373322.0,1.7435,136.63699999999992,160.253,0.005266,0.01,-0.019696,0.01,0.005266,0.006989,0.000881,0.000881,87547.246,90968.551,83594.82,83841.21,-11955.455999997852,-2011322.7306438182,-7242.0,-2289460.0,-23.61600000000007,211409.38500000496
2025-01-14,94485.4,97353.9,94305.4,96514.9,212769.09700000277,109240.89199999078,1687488,841033.0,1.6889,57.05400000000001,79.70200000000006,0.01,0.01,0.004654,0.005038,0.01,0.01,0.009496,0.009496,83844.35,86288.962,83844.35,84489.926,5712.686999978789,-2005610.0436438394,-5422.0,-2294882.0,-22.648000000000046,211386.73700000497
2025-01-15,96514.9,100658.9,96450.2,100460.0,216037.14400000015,110667.04999999264,1642532,821740.0,1.2437,32.456999999999994,108.60400000000004,0.004989,0.01,-0.000391,0.000648,0.004989,0.008795,0.004989,0.005844,84489.916,87570.817,84469.451,86629.783,5296.9559999851335,-2000313.0876438543,948.0,-2293934.0,-76.14700000000005,211310.59000000497
2025-01-16,100460.1,100850.0,97293.6,99937.4,216785.71099999992,106926.72699999528,1645864,811261.0,0.8699,121.51700000000018,59.5670000000002,0.000728,0.01,0.000728,0.004597,0.000728,0.007568,0.000728,0.004598,86629.963,87143.443,84963.978,86227.587,-2932.2570000093547,-2003245.3446438636,-23342.0,-2317276.0,61.94999999999998,211372.54000000498
2025-01-17,99937.4,105784.0,99902.0,104042.5,249425.49199999534,129488.95399999488,1838856,924701.0,0.904,45.78300000000004,209.0499999999996,0.004597,0.01,-0.004723,0.006643,0.004597,0.009386,0.003432,0.003432,86227.58,91600.093,85872.58,90555.118,9552.41599999441,-1993692.9286438692,10546.0,-2306730.0,-163.26699999999957,211209.273000005
2025-01-18,104042.6,104962.1,102242.8,104524.3,167872.6959999937,82800.02299999268,1332519,662232.0,0.7173,102.65900000000015,80.12600000000019,0.006707,0.01,0.006707,0.01,0.006707,0.01,0.006707,0.01,90554.696,90699.235,87474.409,87809.623,-2272.650000008347,-1995965.5786438775,-8055.0,-2314785.0,22.53299999999996,211231.806000005
2025-01-19,104524.3,106450.0,99600.0,101311.5,276117.1529999989,137256.3469999948,2256245,1116996.0,0.7899,322.7839999999993,144.5810000000002,0.01,0.01,0.01,0.01,0.01,0.01,0.01,0.01,87812.389,90513.88,83954.452,84144.493,-1604.4590000092867,-1997570.0376438869,-22253.0,-2337038.0,178.20299999999912,211410.009000005
2025-01-20,101311.5,109470.0,99519.1,102247.6,456896.93399999803,227502.7609999917,4838827,2412762.0,1.0165,140.1650000000003,198.65200000000002,0.01,0.01,0.01,0.01,0.01,0.01,0.01,0.01,84151.692,88750.942,83160.976,84053.85,-1891.4120000146213,-1999461.4496439015,-13303.0,-2350341.0,-58.48699999999971,211351.522000005
2025-01-21,102247.7,107241.6,100097.2,106114.5,273198.0379999995,137232.97299999028,3030844,1520357.0,1.1213,49.557999999999986,117.60600000000015,0.01,0.01,0.01,0.01,0.01,0.01,0.01,0.01,84055.922,87159.999,83988.965,86594.467,1267.9079999810783,-1998193.5416439204,9870.0,-2340471.0,-68.04800000000017,211283.474000005
2025-01-22,106115.4,106390.0,103211.6,103664.9,151229.39599999628,74809.93799999708,1621624,804752.0,0.7857,31.112000000000037,28.44000000000001,0.01,0.01,0.008398,0.008689,0.01,0.01,0.01,0.01,86594.113,86594.113,83819.541,83831.831,-1609.520000002114,-1999803.0616439225,-12120.0,-2352591.0,2.672000000000029,211286.14600000498
2025-01-23,103664.9,106840.2,101211.0,103864.1,417878.49499999365,206902.57599999566,3990002,1987642.0,1.0982,101.59000000000016,119.51000000000009,0.008654,0.01,8.8e-05,0.000336,0.008654,0.01,0.008616,0.008616,83831.537,86682.71,80409.828,80451.509,-4073.343000002322,-2003876.404643925,-14718.0,-2367309.0,-17.91999999999993,211268.22600000497
2025-01-24,103864.0,107076.5,102680.0,104808.1,165732.84999999567,83390.85299999728,1644846,813866.0,1.1213,43.43900000000002,35.09800000000001,0.000334,0.01,0.000321,0.005733,0.000334,0.00954,0.000334,0.00954,80452.001,83974.914,80081.382,82340.788,1048.8559999988938,-2002827.548643926,-17114.0,-2384423.0,8.341000000000008,211276.56700000496
2025-01-25,104808.0,105274.7,104040.6,104702.0,65629.34299999225,32839.91900000504,666827,338323.0,0.8352,12.299999999999983,18.654000000000007,0.005702,0.01,0.005175,0.008369,0.005702,0.008495,0.005702,0.007782,82340.662,82482.619,80940.939,81552.09,50.49500001782144,-2002777.0536439081,9819.0,-2374604.0,-6.354000000000024,211270.21300000497
2025-01-26,104702.0,105496.9,102450.3,102560.1,75787.06799999386,35869.34400000502,645284,321774.0,0.9631,64.65800000000002,10.844000000000001,0.008363,0.01,0.007988,0.009109,0.008363,0.01,0.008363,0.008443,81551.929,83005.503,81380.862,81644.999,-4048.379999983823,-2006825.433643892,-1736.0,-2376340.0,53.814000000000014,211324.02700000498
2025-01-27,102560.0,103216.5,97714.7,102021.3,321473.9449999915,154983.5189999907,3245042,1616710.0,1.1519,362.2649999999982,94.04400000000001,0.009084,0.01,-0.000987,0.01,0.009084,0.009084,9.8e-05,9.8e-05,81646.023,87197.668,81646.023,84007.302,-11506.907000010135,-2018332.340643902,-11622.0,-2387962.0,268.2209999999982,211592.24800000497
2025-01-28,102021.2,103797.0,100235.0,101279.6,169878.36799999623,83129.10799999832,1665655,834249.0,1.5189,60.856999999999964,58.474999999999945,0.01,0.01,0.001051,0.01,0.01,0.01,0.003714,0.009848,84005.807,84005.807,80267.482,80331.418,-3620.1519999995944,-2021952.4926439016,2843.0,-2385119.0,2.382000000000019,211594.63000000498
2025-01-29,101279.7,104755.0,101269.7,103698.2,166964.500999997,84514.27199999827,1710980,855710.0,1.3186,36.141,56.009000000000015,0.01,0.01,0.007578,0.00758,0.01,0.01,0.009949,0.009949,80331.418,81842.019,80148.822,81401.328,2064.0429999995395,-2019888.449643902,440.0,-2384679.0,-19.868000000000016,211574.762000005
2025-01-30,103698.1,106450.0,103224.5,104676.9,136966.55799998928,69610.69099999686,1263893,624280.0,1.0088,13.619000000000005,44.713000000000044,0.00759,0.01,0.000187,0.001238,0.00759,0.01,0.00759,0.009499,81401.328,85354.121,81185.248,82971.285,2254.824000004446,-2017633.6256438976,-15333.0,-2400012.0,-31.094000000000037,211543.66800000498
2025-01-31,104676.9,106000.0,101509.0,102379.7,172229.15799999758,84952.80299999789,1467269,751360.0,0.8179,83.968,30.18000000000005,0.001225,0.01,0.001211,0.008146,0.001225,0.01,0.001225,0.01,82971.265,84323.196,81467.442,83384.205,-2323.5520000018005,-2019957.1776438993,35451.0,-2364561.0,53.787999999999954,211597.45600000498
2025-02-01,102379.8,102734.9,100215.0,100603.6,90849.35399999646,41604.0130000004,832381,423368.0,1.5176,118.34400000000032,18.735,0.008098,0.009805,0.001849,0.005825,0.008098,0.008098,0.005369,0.005968,83384.236,84265.349,82760.229,84243.297,-7641.327999995658,-2027598.505643895,14355.0,-2350206.0,99.60900000000032,211697.06500000498
2025-02-02,100603.6,101426.0,96029.6,97664.5,232444.79599999904,109961.6799999984,2140718,1063101.0,1.6371,269.5919999999994,77.44800000000002,0.005824,0.01,-0.00166,0.01,0.005824,0.005824,-0.000861,-0.000861,84242.514,84946.447,82706.642,83565.198,-12521.436000002228,-2040119.9416438972,-14516.0,-2364722.0,192.14399999999938,211889.20900000498
2025-02-03,97664.5,102456.0,92499.9,101293.7,386231.8859999995,189864.02299999207,3971386,1972336.0,2.1596,277.58899999999863,178.6889999999999,0.01,0.01,0.002198,0.002627,0.01,0.01,0.004845,0.004845,83567.747,83803.519,78021.618,78320.718,-6503.840000015334,-2046623.7816439127,-26714.0,-2391436.0,98.89999999999873,211988.10900000497
2025-02-04,101293.6,101729.3,96100.0,97709.9,262740.05600000126,129120.71199999441,2562783,1267481.0,1.3337,162.57899999999984,117.946,0.002612,0.01,-0.000461,-0.000461,0.002612,0.0068,0.002612,0.004138,78321.415,79636.311,74862.002,74869.23,-4498.63200001244,-2051122.413643925,-27821.0,-2419257.0,44.63299999999984,212032.74200000498
2025-02-05,97710.0,99124.2,96106.1,96553.2,148433.3999999977,73827.56899999677,1546839,770088.0,1.6702,74.48600000000005,44.976000000000035,-0.000461,0.005118,-0.002563,0.002211,-0.000461,0.004774,-0.000461,0.00161,74868.279,77707.856,74794.846,76443.282,-778.2620000041497,-2051900.675643929,-6663.0,-2425920.0,29.510000000000012,212062.25200000498
2025-02-06,96553.2,99093.0,95613.5,96515.1,161512.03199999986,81873.73699999535,1549851,793456.0,1.7541,55.670000000000066,31.41799999999998,0.002186,0.008936,-0.001312,0.007998,0.002186,0.005903,-0.000238,0.005903,76449.867,77146.173,74975.113,75205.671,2235.4419999908423,-2049665.2336439383,37061.0,-2388859.0,24.252000000000084,212086.504000005
2025-02-07,96515.0,100112.4,95555.0,96454.5,222818.03100000293,109825.99299999641,1855308,926120.0,1.9753,72.53100000000008,90.66799999999994,0.007983,0.008797,-0.004115,-0.004115,0.007983,0.007983,0.005167,0.005167,75204.095,77881.337,74467.642,75992.709,-3166.045000010112,-2052831.2786439485,-3068.0,-2391927.0,-18.13699999999986,212068.367000005
2025-02-08,96454.5,96850.0,95600.0,96411.9,69050.35299999468,33693.23800000369,637082,322847.0,2.0276,16.09500000000001,27.722,-0.0041,0.00492,-0.004146,0.003883,-0.0041,0.001137,-0.0041,0.000324,75993.013,77860.468,75203.328,76261.505,-1663.8769999873039,-2054495.1556439358,8612.0,-2383315.0,-11.626999999999992,212056.740000005
2025-02-09,96412.0,97301.7,94650.1,96423.6,101172.16299999774,48788.05600000173,830290,411792.0,1.9386,48.86500000000005,30.593999999999983,0.003873,0.01,0.000431,0.001783,0.003873,0.0096,0.002839,0.002839,76261.629,76310.131,74398.479,74484.883,-3596.050999994288,-2058091.2066439302,-6706.0,-2390021.0,18.27100000000007,212075.011000005
2025-02-10,96423.6,98328.0,95200.1,97379.2,132929.92999999534,66002.67699999493,1186333,590295.0,2.0285,23.419000000000008,53.85600000000005,0.001802,0.01,0.001802,0.004232,0.001802,0.009176,0.001802,0.007457,74482.787,77164.811,73985.635,75990.356,-924.5760000054725,-2059015.7826439356,-5743.0,-2395764.0,-30.437000000000044,212044.574000005
2025-02-11,97379.2,98482.2,94814.3,95731.4,154797.74999999983,78093.65899999776,1092322,547444.0,1.5867,47.56500000000004,45.18200000000005,0.004218,0.01,-0.003073,0.001313,0.004218,0.00709,-0.002446,-0.002446,75990.248,80036.186,75754.122,79154.91,1389.567999995692,-2057626.2146439399,2566.0,-2393198.0,2.3829999999999885,212046.957000005
2025-02-12,95731.4,98090.9,94003.9,97816.3,192302.27900000135,96458.20399998967,1518274,760587.0,2.3058,47.6610000000001,92.14600000000003,0.001298,0.01,0.001086,0.01,0.001298,0.00496,0.001298,0.00496,79155.198,80534.502,77221.09,78374.069,614.1289999779838,-2057012.0856439618,2900.0,-2390298.0,-44.48499999999993,212002.47200000501
2025-02-13,97816.3,98053.8,95160.1,96560.6,141965.40099999975,70450.49799999366,1170373,587105.0,1.4777,50.30900000000004,36.788,0.01,0.01,-0.00148,0.004144,0.01,0.01,0.000805,0.000805,78374.091,79569.201,77766.021,78469.579,-1064.4050000124262,-2058076.4906439742,3837.0,-2386461.0,13.521000000000043,212015.99300000502
2025-02-14,96560.6,98792.8,96225.7,97445.1,144452.95699999674,72407.89699999824,1051745,525154.0,2.0874,30.372999999999998,77.98100000000002,0.0041,0.009134,3.8e-05,7.9e-05,0.0041,0.007093,0.0041,0.007093,78469.355,79750.521,76968.879,76974.848,362.8369999997376,-2057713.6536439743,-1437.0,-2387898.0,-47.608000000000025,211968.38500000502
2025-02-15,97445.2,97941.2,97170.0,97538.0,47418.59299999888,23589.946000003405,451314,220434.0,1.4237,6.676999999999997,7.716999999999991,5.5e-05,0.006239,-0.001415,0.00339,5.5e-05,0.003735,5.5e-05,0.003735,76974.657,77464.051,76572.07,76874.923,-238.70099999207014,-2057952.3546439663,-10446.0,-2398344.0,-1.0399999999999938,211967.345000005
2025-02-16,97538.0,97665.8,96002.0,96067.0,56684.872999998704,28140.784000002375,463544,227876.0,1.4492,27.82299999999999,4.382,0.00339,0.006369,-0.000272,0.006279,0.00339,0.003799,0.000182,0.003799,76874.932,77014.474,75965.846,76100.96,-403.30499999395397,-2058355.6596439602,-7792.0,-2406136.0,23.44099999999999,211990.786000005
2025-02-17,96067.0,97000.0,95150.6,95743.2,105545.88399999484,52830.249999999,809048,408831.0,1.7525,55.017000000000074,20.62199999999999,0.006239,0.009672,0.001467,0.009497,0.006239,0.006397,0.002009,0.002009,76100.95,78255.68,76040.732,76979.624,114.61600000316685,-2058241.043643957,8614.0,-2397522.0,34.39500000000008,212025.181000005
2025-02-18,95743.1,96737.3,93321.6,95622.0,178917.61700000192,88704.41999999678,1283924,645660.0,2.2227,164.39699999999996,28.018000000000008,0.009488,0.01,0.004659,0.007007,0.009488,0.01,0.009488,0.01,76979.755,84365.217,76972.548,81978.937,-1508.7770000083547,-2059749.8206439654,7396.0,-2390126.0,136.37899999999996,212161.56000000497
2025-02-19,95622.0,96878.7,95012.5,96598.0,124993.12599999257,63083.21000000125,941607,469984.0,2.3738,16.654999999999994,21.128999999999994,0.007007,0.01,0.001881,0.00242,0.007007,0.00896,0.007007,0.00896,81978.273,81978.273,77697.544,77709.146,1173.2940000099334,-2058576.5266439554,-1639.0,-2391765.0,-4.474,212157.086000005
2025-02-20,96597.9,98662.1,96366.0,98252.9,129178.38299999626,64866.819000000134,923148,455558.0,1.5853,18.699999999999985,125.23600000000013,0.00242,0.009702,0.000167,0.000167,0.00242,0.007346,0.00242,0.007346,77709.196,82671.034,77670.615,82419.222,555.2550000040064,-2058021.2716439513,-12032.0,-2403797.0,-106.53600000000014,212050.550000005
2025-02-21,98252.8,99431.5,94830.4,96127.9,250617.14499999993,124528.4029999987,1594238,791735.0,1.0627,192.30599999999995,173.357,0.000123,0.01,-0.002079,0.01,0.000123,0.002286,-9.7e-05,-9.7e-05,82419.004,82446.376,78947.918,81284.739,-1560.3390000025393,-2059581.6106439538,-10768.0,-2414565.0,18.948999999999955,212069.499000005
2025-02-22,96128.0,96988.0,95701.9,96503.3,65792.14999999703,32970.2390000044,499540,253774.0,1.9369,2.521999999999996,39.759000000000036,0.01,0.01,0.000281,0.004134,0.01,0.01,0.002318,0.002318,81285.622,81829.566,79571.123,79661.406,148.3280000117811,-2059433.282643942,8008.0,-2406557.0,-37.23700000000004,212032.262000005
2025-02-23,96503.3,96602.9,95180.2,96218.4,69298.69099999708,32959.317000003066,490248,246660.0,1.6028,17.110000000000014,12.169,0.004112,0.004112,-0.003376,-0.003003,0.004112,0.004112,0.001478,0.001478,79661.406,81092.374,79314.435,80418.675,-3380.0569999909494,-2062813.3396439329,3072.0,-2403485.0,4.941000000000013,212037.20300000499
2025-02-24,96218.4,96470.0,91300.0,91514.5,216320.62700000324,103637.06499999616,1568824,777056.0,2.0039,232.94999999999982,44.83600000000009,-0.00297,0.01,-0.00297,0.01,-0.00297,0.006881,-0.00297,0.00205,80418.927,90352.902,80330.115,90350.535,-9046.497000010917,-2071859.8366439438,-14712.0,-2418197.0,188.11399999999972,212225.317000005
2025-02-25,91514.5,92500.0,86020.4,88639.1,464381.3449999985,226449.07900000163,3805012,1892352.0,2.5817,555.3369999999965,159.1549999999999,0.01,0.01,-0.004234,0.003564,0.01,0.01,0.001385,0.001385,90351.221,93419.056,85129.094,85152.706,-11483.186999995261,-2083343.023643939,-20308.0,-2438505.0,396.1819999999966,212621.499000005
2025-02-26,88639.0,89367.1,82222.0,84208.5,400831.08899999957,193098.67200000494,3111530,1549513.0,2.9417,177.41500000000008,173.91899999999984,0.003521,0.01,6.7e-05,0.00928,0.003521,0.01,0.003521,0.01,85152.593,87511.446,82008.555,82319.715,-14633.744999989693,-2097976.7686439287,-12504.0,-2451009.0,3.4960000000002367,212624.995000005
2025-02-27,84208.6,87066.0,82667.0,84668.1,267581.5329999962,133851.08999999525,2204432,1102299.0,2.827,117.18399999999986,77.01000000000019,0.009305,0.01,-0.001842,0.009444,0.009305,0.009433,-0.000617,0.009433,82317.832,82764.853,79248.992,82513.737,120.64699999429286,-2097856.1216439344,166.0,-2450843.0,40.173999999999666,212665.169000005
2025-02-28,84668.2,85084.5,78200.2,84299.6,536079.5899999999,262530.1760000031,4523726,2251457.0,2.6684,481.40199999999834,185.9309999999996,0.009444,0.01,-0.002339,2.6e-05,0.009444,0.009521,-0.000373,-0.000373,82512.504,84286.261,78918.945,78949.036,-11019.23799999361,-2108875.359643928,-20812.0,-2471655.0,295.47099999999875,212960.640000005
2025-03-01,84299.6,86516.5,83779.0,86007.7,146936.769999999,74384.98299998931,1176855,594937.0,1.7949,49.77200000000001,57.09600000000002,-1.4e-05,0.002544,-0.00703,-0.001084,-1.4e-05,-1.4e-05,-0.006108,-0.000858,78946.84,80768.69,78331.522,78475.802,1833.1959999796236,-2107042.1636439483,13019.0,-2458636.0,-7.324000000000005,212953.316000005
2025-03-02,86007.7,94971.0,85015.0,94222.8,347413.88799999864,177830.7610000037,2805639,1398612.0,1.727,90.42800000000001,436.2429999999994,-0.001094,-0.000662,-0.009486,-0.005518,-0.001094,-0.001094,-0.002869,-0.002869,78476.857,80750.613,76269.315,79052.243,8247.634000008751,-2098794.5296439393,-8415.0,-2467051.0,-345.81499999999943,212607.501000005
2025-03-03,94222.0,94373.4,85029.0,86192.7,427172.9150000024,207456.76200000235,3994007,2001503.0,1.2732,283.4039999999996,107.32000000000002,-0.005518,0.007972,-0.005561,-0.001628,-0.005518,0.005272,-0.005518,0.005272,79048.796,79102.47,70715.369,71171.182,-12259.390999997733,-2111053.920643937,8999.0,-2458052.0,176.08399999999958,212783.585000005
2025-03-04,86193.3,88931.0,81200.0,87245.9,426350.1849999971,211559.93299999853,4412133,2206214.0,2.2862,174.18699999999953,175.68300000000005,-0.001526,0.004061,-0.003972,0.004061,-0.001526,0.001306,-0.001526,0.001306,71171.012,72669.557,67470.223,67717.19,-3230.3190000000177,-2114284.239643937,295.0,-2457757.0,-1.496000000000521,212782.08900000498
2025-03-05,87245.9,91000.0,86328.0,90566.1,278942.81299999624,138992.2110000006,2716798,1360734.0,1.7685,130.58199999999977,75.6800000000001,0.004113,0.008204,-0.001124,0.003527,0.004113,0.005028,0.002722,0.005028,67717.499,71496.025,67713.457,69814.056,-958.3909999950556,-2115242.630643932,4670.0,-2453087.0,54.90199999999966,212836.991000005
2025-03-06,90566.1,92780.3,87790.5,89887.8,302945.1669999932,151511.58699999942,2787373,1395241.0,1.2925,89.74300000000001,66.4850000000002,0.003538,0.009332,-0.000727,-0.00064,0.003538,0.006818,0.003538,0.006818,69815.463,71589.467,68469.839,68743.746,78.00700000562938,-2115164.6236439263,3109.0,-2449978.0,23.25799999999981,212860.249000005
2025-03-07,89887.9,91257.7,84600.0,86753.8,439672.9019999952,217610.02799999545,4068703,2027528.0,1.416,263.92099999999937,178.24699999999964,-0.000612,0.01,-0.004846,0.005377,-0.000612,0.002028,-0.001539,0.002028,68743.652,70575.811,67588.596,69109.274,-4452.846000004327,-2119617.469643931,-13647.0,-2463625.0,85.67399999999972,212945.923000005
2025-03-08,86753.8,86876.5,85108.0,86184.7,96106.1869999894,47297.67499999744,930337,465512.0,2.1666,29.48399999999997,19.401,0.005328,0.005328,-0.003487,-0.002795,0.002028,0.005328,0.000373,0.001208,69109.553,70114.203,68226.168,68422.736,-1510.8369999945135,-2121128.3066439256,687.0,-2462938.0,10.08299999999997,212956.006000005
2025-03-09,86184.7,86470.6,79933.4,80688.8,221609.34800000186,106112.90999999696,1893793,940196.0,2.3245,598.1539999999998,41.250000000000014,-0.002779,0.01,-0.002884,0.004087,-0.002779,0.01,-0.002779,0.01,68419.753,71927.515,68416.171,70147.088,-9383.528000007936,-2130511.8346439335,-13401.0,-2476339.0,556.9039999999998,213512.910000005
2025-03-10,80690.7,84031.5,77410.1,78567.8,409979.818999999,204778.69399999996,3666628,1826518.0,2.7037,220.961999999999,133.52499999999975,0.003952,0.008547,-0.003773,0.004705,0.003952,0.004037,0.001344,0.004037,70147.028,70780.442,68149.042,69690.285,-422.4309999991092,-2130934.2656439324,-13592.0,-2489931.0,87.43699999999924,213600.34700000501
2025-03-11,78567.8,83600.0,76759.9,82896.0,378175.44599999423,189833.51599999968,3007224,1499254.0,2.9216,106.2230000000002,117.931,0.004705,0.009335,-0.001049,0.0006,0.004705,0.008746,0.00326,0.008746,69689.862,71576.44,68789.576,69966.383,1491.5860000051325,-2129442.679643927,-8716.0,-2498647.0,-11.7079999999998,213588.639000005
2025-03-12,82896.0,84295.5,80578.5,83640.7,296305.29199999216,146330.49900000138,2301981,1141390.0,1.7956,104.92000000000007,114.74899999999995,0.000576,0.005941,-0.001668,0.000489,0.000576,0.005815,0.000576,0.004013,69972.701,71308.057,68745.415,68960.482,-3644.2939999894006,-2133086.9736439167,-19201.0,-2517848.0,-9.82899999999988,213578.810000005
2025-03-13,83640.6,84307.1,79903.4,81085.4,247937.82200000016,122079.0729999926,1839708,916277.0,1.8417,95.62900000000003,63.57800000000014,0.00043,0.009285,0.000393,0.005389,0.00043,0.00319,0.00043,0.00319,68959.922,72308.905,68959.922,72027.98,-3779.676000014966,-2136866.6496439315,-7154.0,-2525002.0,32.050999999999895,213610.861000005
2025-03-14,81085.5,85270.2,80772.0,83939.8,233544.7080000026,117011.96999999254,1561653,763642.0,2.4153,21.943,68.10200000000012,0.005386,0.005996,-0.006352,-0.006038,0.005386,0.005386,0.000357,0.000357,72027.929,74565.468,70523.122,72974.592,479.23199998246855,-2136387.417643949,-34369.0,-2559371.0,-46.15900000000012,213564.702000005
2025-03-15,83939.9,84625.0,83564.5,84302.9,76672.98699998623,39045.825999999564,570352,287548.0,1.2193,10.829999999999986,13.930999999999992,-0.006035,0.002261,-0.007738,0.000405,-0.006035,-0.000321,-0.006035,-0.000321,72973.374,73168.509,70619.956,70619.956,1418.6650000129011,-2134968.752643936,4744.0,-2554627.0,-3.101000000000006,213561.601000005
2025-03-16,84303.0,85136.0,81925.6,82541.6,174630.6869999992,87189.03899999365,1286341,640620.0,1.3267,185.79,32.360999999999976,0.000432,0.005794,0.000432,0.001068,0.000432,0.004236,0.000432,0.001247,70619.951,71439.995,68426.997,68522.723,-252.6090000119002,-2135221.3616439477,-5101.0,-2559728.0,153.42900000000003,213715.030000005
2025-03-17,82541.6,84727.1,82384.0,83962.9,182586.49199999988,89860.39899999103,1373607,678141.0,1.6774,35.56700000000005,55.85700000000017,0.001065,0.008752,0.000458,0.000743,0.001065,0.008474,0.000859,0.000859,68522.703,71259.157,68487.141,71101.775,-2865.6940000178292,-2138087.0556439655,-17325.0,-2577053.0,-20.29000000000012,213694.740000005
2025-03-18,83963.0,83979.8,81113.5,82666.1,187710.4060000004,93214.74899999234,1354304,681301.0,1.3079,50.39000000000003,43.847000000000065,0.000703,0.005462,-0.001226,0.00023,0.000703,0.003514,0.000703,0.003514,71101.663,71785.783,68963.811,70450.87,-1280.9080000157119,-2139367.963643981,8298.0,-2568755.0,6.542999999999964,213701.283000005
2025-03-19,82666.2,86990.0,82501.8,86809.8,247159.43300000014,127865.87199999539,1735452,871771.0,2.1143,29.23999999999999,225.39799999999968,0.0002,0.007636,-0.000586,0.00188,0.0002,0.005961,0.0002,0.005024,70450.84,76223.033,69200.831,76223.033,8572.310999990645,-2130795.6526439907,8090.0,-2560665.0,-196.1579999999997,213505.125000005
2025-03-20,86809.9,87500.0,83613.6,84183.6,242883.73200000037,122391.42299998917,1513324,753691.0,1.0479,90.53200000000002,36.008,0.001944,0.00572,0.000105,0.001636,0.001944,0.00379,0.001086,0.001086,76223.387,77215.781,70569.802,70729.635,1899.1139999779698,-2128896.5386440125,-5942.0,-2566607.0,54.52400000000002,213559.649000005
2025-03-21,84183.6,84813.6,83122.0,84050.3,144331.25299999883,72356.18399999167,988195,494126.0,1.6427,33.66700000000003,25.347999999999985,0.001615,0.008204,0.0016,0.002833,0.001615,0.005324,0.001615,0.002518,70729.63,71462.322,69659.574,70734.527,381.11499998450745,-2128515.423644028,57.0,-2566550.0,8.319000000000045,213567.968000005
2025-03-22,84050.3,84509.0,83589.5,83804.9,52206.796999998114,24655.385000003993,367242,177795.0,1.5714,10.188999999999997,10.537999999999995,0.002836,0.006763,-0.002061,0.002127,0.002836,0.005092,-0.00177,0.005092,70734.249,71248.292,70119.617,70126.971,-2896.0269999901284,-2131411.450644018,-11652.0,-2578202.0,-0.3489999999999984,213567.619000005
2025-03-23,83804.9,86110.9,83761.2,86044.2,90899.83999999339,48358.39800000029,558622,284006.0,1.5497,4.374999999999995,47.66600000000003,0.002099,0.004305,-0.002403,0.002039,0.002099,0.00402,-0.000184,0.00402,70126.966,72901.0,69933.725,72901.0,5816.956000007194,-2125594.494644011,9390.0,-2568812.0,-43.29100000000004,213524.328000005
2025-03-24,86044.1,88752.0,85478.3,87463.4,210887.77000000008,106575.94599999038,1330201,659267.0,1.192,87.583,74.14500000000011,0.002039,0.009491,-0.007791,-0.000279,0.002039,0.005512,-0.003422,-0.003422,72901.801,79744.865,72793.685,77220.301,2264.121999980678,-2123330.37264403,-11667.0,-2580479.0,13.437999999999889,213537.766000005
2025-03-25,87463.4,88500.0,86260.0,87369.8,173476.57699999897,86649.80099998951,1155428,579687.0,0.8218,30.26699999999998,31.448999999999984,-0.000247,0.00355,-0.007456,-0.003052,-0.000247,0.00115,-0.003776,-0.003776,77219.143,77247.658,74080.211,75022.467,-176.97500001994194,-2123507.34764405,3946.0,-2576533.0,-1.1820000000000022,213536.584000005
2025-03-26,87369.9,88270.2,85816.3,86873.8,187813.6820000014,90824.59099999332,1077741,541830.0,0.9175,47.742000000000075,32.871,-0.00299,0.004906,-0.0032,0.003179,-0.00299,0.001659,-0.003082,-0.003082,75023.149,75072.098,70153.722,70460.569,-6164.500000014756,-2129671.847644065,5919.0,-2570614.0,14.871000000000073,213551.45500000502
2025-03-27,86873.9,87722.4,85724.5,87191.2,163406.63100000186,79494.18999998865,998268,490948.0,1.0934,29.204999999999977,42.61600000000005,0.003136,0.005838,-0.004394,0.001572,0.003136,0.005512,-0.00376,-0.00376,70459.64,72379.996,70230.852,70730.297,-4418.251000024553,-2134090.0986440894,-16372.0,-2586986.0,-13.411000000000072,213538.04400000503
2025-03-28,87191.2,87470.0,83531.7,84380.8,221847.66999999873,108847.17199998854,1406425,713806.0,1.0276,139.8250000000001,41.53800000000009,0.001584,0.008983,-0.002375,0.005407,0.001584,0.008118,-0.000457,0.008118,70730.254,74253.471,69722.116,73853.627,-4153.326000021654,-2138243.424644111,21187.0,-2565799.0,98.287,213636.33100000504
2025-03-29,84380.8,84589.7,81601.0,82604.7,135511.01299999657,65406.95399999673,938258,467710.0,2.0675,84.988,25.803999999999988,0.005364,0.01,-3.6e-05,0.000331,0.005364,0.008214,0.00253,0.00253,73853.486,73884.672,70417.66,71040.888,-4697.105000003103,-2142940.5296441144,-2838.0,-2568637.0,59.18400000000001,213695.51500000505
2025-03-30,82604.8,83490.0,81501.4,82352.8,109565.8799999927,53855.007999999965,826511,412207.0,2.0084,130.54500000000007,39.047000000000004,0.000341,0.005597,-0.002126,0.002594,0.000341,0.004588,0.000341,0.004588,71043.203,71332.203,69484.119,69928.729,-1855.863999992769,-2144796.393644107,-2097.0,-2570734.0,91.49800000000008,213787.01300000504
2025-03-31,82353.1,83895.8,81222.0,82517.5,211972.28200000018,107157.5029999866,1605549,793688.0,1.9985,80.22600000000014,68.5010000000001,0.002643,0.00809,-0.001625,0.00394,0.002643,0.00602,0.001845,0.001845,69931.768,71290.084,68651.316,68839.759,2342.723999973008,-2142453.669644134,-18173.0,-2588907.0,11.725000000000037,213798.73800000505
2025-04-01,82517.5,85595.5,82383.3,85120.9,197042.91800000233,99826.89299998783,1368414,681211.0,1.9656,36.324000000000005,65.37700000000007,0.003961,0.004722,-0.002949,-0.002112,0.003961,0.003961,0.002889,0.003573,68839.803,71952.69,68805.371,71536.185,2610.8679999733286,-2139842.801644161,-5992.0,-2594899.0,-29.05300000000006,213769.68500000503
2025-04-02,85121.0,88500.0,82300.0,82485.1,326452.4519999966,165933.29299999913,2391677,1205185.0,1.12,118.76900000000006,83.99200000000013,-0.002112,0.005875,-0.003075,0.005862,-0.002112,0.003036,-0.002112,0.000733,71536.475,74288.204,69207.831,69850.936,5414.13400000165,-2134428.6676441594,18693.0,-2576206.0,34.77699999999993,213804.46200000503
2025-04-03,82485.1,83889.2,81172.2,83181.5,239163.13300000058,121059.00499998935,1754173,875113.0,1.474,55.837000000000096,61.132000000000104,0.005862,0.01,0.003149,0.004283,0.005862,0.006484,0.005038,0.006484,69851.194,71935.338,68070.973,71577.833,2954.8769999781216,-2131473.7906441814,-3947.0,-2580153.0,-5.295000000000009,213799.16700000502
2025-04-04,83181.7,84686.2,81624.6,83861.3,353091.03599999315,175184.06200000545,2419253,1200819.0,1.9525,111.22199999999994,86.94200000000005,0.004283,0.009886,0.00159,0.008556,0.004283,0.008038,0.004283,0.008038,71577.716,73756.383,69791.115,72827.953,-2722.911999982258,-2134196.7026441637,-17615.0,-2597768.0,24.279999999999887,213823.44700000502
2025-04-05,83861.4,84244.5,82333.8,83506.1,99504.17799999009,49151.99099999939,697363,348864.0,1.2104,31.133999999999947,26.713999999999995,0.008559,0.01,-0.003245,0.00012,0.008559,0.008559,0.000408,0.000408,72828.035,73988.953,70787.397,70787.397,-1200.1959999913088,-2135396.898644155,365.0,-2597403.0,4.419999999999952,213827.86700000503
2025-04-06,83506.1,83790.5,77111.0,78390.0,281190.18699999974,135853.50400000022,1914030,946777.0,1.6178,156.1020000000003,51.23000000000004,0.000221,0.006638,-0.005588,0.004857,0.000221,0.005363,-0.000603,-0.000603,70787.808,73936.898,70269.915,73132.127,-9483.178999999305,-2144880.0776441544,-20476.0,-2617879.0,104.87200000000024,213932.73900000504
2025-04-07,78390.1,81200.0,74457.0,79140.0,638972.9320000076,321738.5429999891,4548537,2275436.0,2.2062,245.6119999999997,292.4959999999996,0.004946,0.009386,0.000617,0.004017,0.004946,0.006857,0.004946,0.004998,73114.284,74580.714,69411.187,70875.738,4504.153999970644,-2140375.9236441837,2335.0,-2615544.0,-46.88399999999987,213885.85500000505
2025-04-08,79140.1,80832.1,76200.1,76297.9,328380.07299999276,164131.52900000283,2341457,1171470.0,1.6096,120.93400000000015,61.12400000000002,0.004074,0.009932,0.002492,0.009568,0.004074,0.004074,0.003134,0.003134,70875.794,73458.607,69834.512,73337.116,-117.01499998709187,-2140492.9386441708,1483.0,-2614061.0,59.81000000000014,213945.66500000504
2025-04-09,76298.0,83554.9,74578.5,82588.0,548090.8739999988,272250.9339999929,3920538,1956038.0,2.1397,170.03099999999995,176.98100000000022,0.009568,0.01,-0.002652,0.007653,0.009568,0.009568,-0.002252,0.006856,73339.102,78293.894,73074.201,74631.203,-3589.0060000129743,-2144081.944644184,-8462.0,-2622523.0,-6.950000000000273,213938.71500000503
2025-04-10,82587.9,82706.9,78416.0,79560.2,293661.2299999961,144665.44400000127,2188105,1092219.0,0.8943,122.58700000000009,43.89900000000002,0.007705,0.007844,-0.000992,0.002116,0.007705,0.007705,0.000114,0.006775,74619.6,75056.592,72391.315,73548.459,-4330.341999993543,-2148412.2866441775,-3667.0,-2626190.0,78.68800000000007,214017.40300000503
2025-04-11,79560.3,84300.0,78935.5,83378.3,295561.73699999554,150470.30099999995,2044319,1014152.0,1.7495,85.14000000000009,127.08199999999992,0.002065,0.003893,-0.004566,0.003769,0.002065,0.00329,-0.004294,0.00329,73548.556,79950.487,72824.897,78185.961,5378.865000004356,-2143033.421644173,-16015.0,-2642205.0,-41.94199999999984,213975.46100000502
2025-04-12,83378.3,85884.2,82756.0,85237.8,157204.86099999913,82332.92999999133,1185075,589930.0,0.7797,23.358999999999995,104.72899999999976,0.003654,0.00854,0.003367,0.005039,0.003654,0.00564,0.003654,0.005388,78186.721,81267.778,77306.812,80934.143,7460.998999983538,-2135572.4226441896,-5215.0,-2647420.0,-81.36999999999976,213894.09100000502
2025-04-13,85237.9,86100.0,82991.5,83713.7,207038.06500000003,104684.81799999005,1466380,735549.0,0.737,63.71800000000011,31.21799999999999,0.005057,0.01,0.004952,0.008113,0.005057,0.009642,0.005057,0.009642,80934.676,82668.179,77360.989,77521.876,2331.57099998006,-2133240.8516442096,4718.0,-2642702.0,32.50000000000012,213926.59100000502
2025-04-14,83713.8,85755.0,83630.9,84553.9,207919.872000001,104664.96299998644,1502166,745129.0,0.955,45.249000000000066,50.1260000000001,0.008113,0.01,-0.002144,-0.002089,0.008113,0.008113,0.002428,0.002428,77521.866,79137.387,75733.939,75814.924,1410.0539999718894,-2131830.7976442375,-11908.0,-2654610.0,-4.877000000000031,213921.714000005
2025-04-15,84553.9,86443.0,83560.0,83608.7,184510.50400000173,92740.92599999126,1311170,651036.0,0.919,47.94800000000007,32.63899999999998,-0.002073,0.007983,-0.00251,0.002409,-0.002073,0.006606,-0.002073,0.001883,75814.604,81261.078,75791.509,77416.412,971.3479999807896,-2130859.449644257,-9098.0,-2663708.0,15.30900000000009,213937.02300000502
2025-04-16,83608.6,85493.5,83063.9,83990.0,209430.01900000314,104306.45299999048,1451424,724557.0,1.0387,76.76400000000002,54.80400000000008,0.002428,0.008603,-0.000479,0.001375,0.002428,0.006917,0.001978,0.001978,77416.982,79646.818,76304.533,76321.547,-817.1130000221892,-2131676.562644279,-2310.0,-2666018.0,21.959999999999944,213958.983000005
2025-04-17,83990.1,85441.5,83700.0,84915.0,140830.47700000144,71932.26999999351,970570,480342.0,0.981,49.08500000000004,42.10500000000004,0.001404,0.00576,0.00112,0.001788,0.001404,0.005679,0.001404,0.003425,76321.455,78425.284,76241.931,77971.018,3034.0629999855882,-2128642.4996442934,-9886.0,-2675904.0,6.980000000000004,213965.96300000502
2025-04-18,84914.9,85100.0,84260.0,84421.0,55213.93699999629,27404.11700000469,431192,219093.0,0.8365,7.217999999999995,5.184999999999995,0.001788,0.007238,0.001613,0.00294,0.001788,0.007071,0.001788,0.002995,77971.04,78229.583,76066.14,76391.411,-405.7029999869046,-2129048.20264428,6994.0,-2668910.0,2.0329999999999995,213967.99600000502
2025-04-19,84421.0,85600.0,84317.2,85046.9,73380.34799998888,37104.34199999863,509040,246271.0,1.0012,3.6919999999999984,20.613999999999994,0.00293,0.006323,-0.006419,-0.000245,0.00293,0.006024,-0.001953,-0.001953,76391.411,80200.659,75968.949,79144.96,828.3360000083776,-2128219.8666442716,-16498.0,-2685408.0,-16.921999999999997,213951.07400000503
2025-04-20,85046.9,85283.6,83900.0,85138.8,90618.64099999137,44963.947000000466,568502,292963.0,0.843,38.68700000000004,33.80299999999996,-0.000298,0.005727,-0.004549,0.005232,-0.000298,-0.000298,-0.002258,-0.002258,79142.396,79489.97,76581.971,77373.844,-690.7469999904424,-2128910.6136442623,17424.0,-2667984.0,4.8840000000000785,213955.95800000502
2025-04-21,85138.9,88418.2,85100.0,87466.0,274030.65699999605,142285.33699999284,1589325,794417.0,1.0117,45.18900000000003,91.10000000000015,0.005232,0.008513,-0.002094,0.007749,0.005232,0.005403,0.001553,0.001553,77374.269,86185.266,76513.272,82078.986,10540.016999989632,-2118370.5966442726,-491.0,-2668475.0,-45.91100000000012,213910.04700000503
2025-04-22,87466.1,94142.5,87017.5,93404.9,333972.83499999915,177598.5350000005,1932916,974571.0,0.7413,41.433999999999955,135.63000000000002,0.007749,0.00792,-0.009019,-0.001389,0.007749,0.007749,-0.007045,-0.007045,82079.176,90823.77,81808.886,84526.139,21224.23500000185,-2097146.3616442708,16226.0,-2652249.0,-94.19600000000007,213815.85100000503
2025-04-23,93404.9,94904.3,91898.0,93632.1,229465.5600000019,113950.43499998862,1588352,794773.0,0.6036,75.58800000000008,111.3770000000002,-0.001389,0.004625,-0.004202,-0.002669,-0.001389,0.004587,-0.001389,0.004587,84526.275,87008.474,81261.645,81609.432,-1564.6900000246533,-2098711.0516442955,1194.0,-2651055.0,-35.789000000000115,213780.06200000504
2025-04-24,93632.2,93980.6,91619.0,93931.6,157083.29400000127,80293.12799998892,1119238,555701.0,0.6132,34.718999999999994,74.5409999999999,-0.002671,0.007844,-0.006934,-0.001853,-0.002671,0.00521,-0.002671,-0.002165,81609.518,83294.308,81298.082,82838.891,3502.961999976571,-2095208.089644319,-7836.0,-2658891.0,-39.8219999999999,213740.24000000505
2025-04-25,93931.5,95769.6,92788.0,94591.8,191800.14300000263,94327.83299998954,1358718,686774.0,0.648,32.92100000000001,202.94400000000002,-0.001764,0.006567,-0.01246,-0.010085,-0.001764,0.00017,-0.001764,0.00012,82838.976,87088.13,81763.774,85982.748,-3144.4770000235585,-2098352.5666443426,14830.0,-2644061.0,-170.02300000000002,213570.21700000507
2025-04-26,94591.9,95157.1,93833.0,94575.7,72463.5309999945,35859.543000003876,573179,286617.0,0.5785,14.837000000000003,38.81000000000002,-0.010085,0.004124,-0.010085,-0.001423,-0.010085,0.002855,-0.010085,0.002855,85981.362,86031.522,83650.116,83866.887,-744.4449999867502,-2099097.0116443294,55.0,-2644006.0,-23.973000000000013,213546.24400000507
2025-04-27,94575.7,95280.5,93547.3,93697.1,83814.02599998683,42051.07100000282,633752,314706.0,0.6647,23.19599999999998,12.30099999999999,-0.0015,0.004919,-0.00334,0.000373,-0.0015,-0.000421,-0.0015,-0.000421,83866.673,84815.009,83396.22,84123.547,288.11600001881015,-2098808.8956443104,-4340.0,-2648346.0,10.89499999999999,213557.13900000506
2025-04-28,93697.0,95578.8,92700.0,94969.0,194380.51800000053,97703.91999998759,1177769,577363.0,0.7109,47.434000000000054,55.260000000000105,0.000373,0.003389,-0.007926,-0.000742,0.000373,0.000373,-0.005821,-0.005821,84123.129,85200.951,81560.589,81887.273,1027.3219999746361,-2097781.573644336,-23043.0,-2671389.0,-7.82600000000005,213549.31300000506
2025-04-29,94969.0,95426.4,93678.7,94200.1,147824.20599999395,74469.78800000035,1012574,508581.0,0.6886,38.19400000000002,26.775999999999986,-0.000773,0.003749,-0.005193,-0.005193,-0.000773,0.001305,-0.000773,0.001305,81888.324,83405.527,81097.712,81933.189,1115.3700000067474,-2096666.2036443292,4588.0,-2666801.0,11.418000000000031,213560.73100000506
2025-04-30,94200.2,95186.5,92848.1,94125.1,170913.7330000024,85911.97899998772,1042642,519730.0,0.7325,43.87200000000006,110.94999999999999,-0.005181,0.004079,-0.005407,0.003498,-0.005181,0.002939,-0.005181,-0.003797,81933.225,82579.516,79987.903,80042.896,910.2249999730557,-2095755.9786443561,-3182.0,-2669983.0,-67.07799999999993,213493.65300000506
2025-05-01,94125.2,97388.0,94086.7,96423.3,184516.6970000048,96523.0109999889,1111757,547006.0,0.7753,18.004999999999985,84.32500000000013,0.003519,0.007861,-0.014469,-0.012285,0.003519,0.005755,-0.008028,-0.008028,80042.799,88044.802,79908.605,85982.585,8529.324999973003,-2087226.6536443832,-17745.0,-2687728.0,-66.32000000000015,213427.33300000505
2025-05-02,96423.2,97865.4,96283.1,96831.2,139179.46499999837,68724.16299999774,900224,452126.0,0.5713,23.97700000000002,44.83200000000005,-0.012232,-0.005948,-0.012846,-0.005948,-0.012232,-0.008689,-0.012232,-0.008689,85982.585,88425.414,85684.919,86192.439,-1731.1390000028769,-2088957.7926443862,4028.0,-2683700.0,-20.85500000000003,213406.47800000504
2025-05-03,96831.2,96868.4,95700.0,95803.3,71420.00699999505,34360.11800000465,497814,246817.0,0.6158,60.94000000000004,7.811999999999996,-0.005953,0.004116,-0.00647,0.000381,-0.005953,0.003198,-0.005953,-0.001483,86192.402,86227.533,83702.836,83718.271,-2699.770999985747,-2091657.563644372,-4180.0,-2687880.0,53.12800000000004,213459.60600000503
2025-05-04,95803.3,96266.6,94116.4,94230.2,94260.38399999388,46059.21600000299,630713,315434.0,0.7129,42.941,6.219999999999995,0.00037,0.003969,-0.002889,-0.002458,0.00037,0.003745,0.00037,0.003745,83717.996,83762.045,81712.4,81779.734,-2141.9519999878976,-2093799.5156443599,155.0,-2687725.0,36.721000000000004,213496.32700000503
2025-05-05,94230.2,95165.1,93445.1,94696.7,154895.35799999835,78618.7789999895,940016,478995.0,0.8018,40.71500000000009,43.32800000000003,-0.002404,0.00564,-0.004687,0.002023,-0.002404,0.003636,-0.002404,-0.002247,81779.721,82249.116,79426.89,80387.485,2342.1999999806576,-2091457.3156443792,17974.0,-2669751.0,-2.6129999999999427,213493.714000005
2025-05-06,94696.7,96879.5,93327.0,96798.9,173610.57499999387,87208.69000000051,999529,507107.0,0.8574,68.98900000000016,53.06600000000004,0.001978,0.006256,-0.003908,0.001145,0.001978,0.00444,0.000757,0.000757,80387.415,83212.471,79794.951,82530.321,806.8050000071526,-2090650.510644372,14685.0,-2655066.0,15.923000000000123,213509.63700000502
2025-05-07,96798.9,97700.0,95718.5,96988.4,185263.0469999944,92438.71399998895,1064177,520445.0,0.7209,28.70700000000001,61.32300000000011,0.001218,0.006416,-0.001259,0.002261,0.001218,0.00132,-2.5e-05,0.00132,82530.29,83107.427,80161.492,81441.215,-385.6190000165079,-2091036.1296443886,-23287.0,-2678353.0,-32.6160000000001,213477.021000005
2025-05-08,96988.4,104305.3,96831.5,103228.1,317412.43499999697,167051.191999992,1805540,923800.0,0.5924,50.126000000000026,304.7799999999997,0.002318,0.01,0.002318,0.01,0.002318,0.005728,0.002318,0.005728,81441.232,85993.583,79307.518,79512.538,16689.948999987042,-2074346.1806444016,42060.0,-2636293.0,-254.65399999999966,213222.367000005
2025-05-09,103228.0,104373.0,102240.0,102941.9,172499.0419999913,84825.79599999225,1308619,646572.0,0.5843,36.42,69.45800000000011,0.01,0.01,0.003908,0.009657,0.01,0.01,0.004378,0.004378,79512.611,81256.179,78464.263,78464.263,-2847.450000006822,-2077193.6306444085,-15475.0,-2651768.0,-33.03800000000011,213189.329000005
2025-05-10,102941.8,105000.1,102784.0,104788.8,104376.2039999935,53275.83299999613,804579,401909.0,0.6023,8.201999999999996,75.19600000000003,0.009657,0.01,0.003973,0.01,0.009657,0.01,0.004257,0.004257,78464.396,80436.787,78269.04,79948.663,2175.4619999987626,-2075018.1686444099,-761.0,-2652529.0,-66.99400000000003,213122.335000005
2025-05-11,104788.8,104950.0,103283.3,104072.7,139030.14099999605,67075.54899999275,1025575,505655.0,0.6255,52.51000000000007,26.998999999999985,0.01,0.01,0.004122,0.004454,0.01,0.01,0.00415,0.01,79948.889,82345.279,78396.594,81329.656,-4879.043000010541,-2079897.2116444204,-14265.0,-2666794.0,25.511000000000084,213147.846000005
2025-05-12,104072.7,105863.1,100700.0,102739.3,254857.41899999822,124405.99899999546,1714639,855562.0,0.6179,103.1770000000001,62.91400000000002,0.004454,0.01,0.001877,0.006916,0.004454,0.01,0.002301,0.002301,81329.656,84482.192,81173.072,81618.021,-6045.421000007307,-2085942.6326444277,-3515.0,-2670309.0,40.26300000000008,213188.109000005
2025-05-13,102739.2,104949.2,101400.0,104082.0,161945.3969999946,80566.13099999589,1192178,595529.0,0.806,22.544999999999998,58.31999999999998,0.006847,0.01,0.006565,0.009936,0.006847,0.01,0.006847,0.007256,81618.021,83664.618,81114.286,82269.046,-813.1350000028324,-2086755.7676444305,-1120.0,-2671429.0,-35.77499999999998,213152.334000005
2025-05-14,104082.0,104319.0,102536.0,103458.1,126235.6499999948,61658.40899998814,924803,460324.0,0.6807,38.802000000000014,34.661,0.009921,0.01,0.001398,0.002999,0.009921,0.009921,0.003175,0.003175,82268.958,82268.958,80113.066,80225.911,-2918.8320000185195,-2089674.599644449,-4155.0,-2675584.0,4.1410000000000124,213156.475000005
2025-05-15,103458.1,104162.8,101270.8,103714.5,169776.2889999975,83882.12899999613,1271304,632707.0,0.7483,93.71400000000006,46.162000000000056,0.002978,0.0067,0.000125,0.004479,0.002978,0.005336,0.001439,0.001439,80225.741,81566.748,79181.527,79522.671,-2012.0310000052268,-2091686.6306444544,-5890.0,-2681474.0,47.552,213204.027000005
2025-05-16,103714.2,104524.2,103062.3,103412.2,115487.73599999452,57421.99999998984,921351,455422.0,0.7618,18.677000000000017,27.685000000000016,0.004504,0.01,0.002743,0.002821,0.004504,0.007535,0.004504,0.004768,79523.94,81506.952,79476.814,80262.807,-643.7360000148328,-2092330.3666444693,-10507.0,-2691981.0,-9.008,213195.019000005
2025-05-17,103412.2,103658.0,102541.6,103079.6,90329.78599998963,44438.47799998855,803143,402496.0,0.6898,33.53200000000001,9.230999999999998,0.002821,0.007176,-0.000634,0.00678,0.002821,0.00334,0.000597,0.000597,80262.804,80474.158,78553.054,78575.223,-1452.830000012531,-2093783.1966444817,1849.0,-2690132.0,24.301000000000013,213219.320000005
2025-05-18,103079.5,106629.8,103052.2,106407.6,171477.6029999983,89139.39499999706,1319051,671637.0,0.7504,43.375000000000014,103.24800000000002,0.006742,0.01,0.0044,0.005987,0.006742,0.01,0.005903,0.01,78566.784,85193.387,78491.926,80966.919,6801.1869999958435,-2086982.009644486,24223.0,-2665909.0,-59.873000000000005,213159.44700000502
2025-05-19,106407.5,107114.3,102050.0,105531.6,256493.0739999998,125693.71599999047,1832245,913860.0,0.6313,59.23299999999994,49.568999999999996,0.00599,0.01,0.001393,0.008348,0.00599,0.00604,0.00211,0.00211,80976.772,82494.664,78266.239,82339.824,-5105.642000018852,-2092087.6516445049,-4525.0,-2670434.0,9.663999999999945,213169.111000005
2025-05-20,105531.5,107292.5,104115.2,106800.1,226168.5769999978,116052.11599999138,1659223,827763.0,0.6046,38.99800000000008,76.24100000000001,0.008378,0.01,0.000412,0.008732,0.008378,0.008378,0.001266,0.001266,82339.815,84532.416,80378.712,83825.059,5935.654999984952,-2086151.99664452,-3697.0,-2674131.0,-37.24299999999993,213131.86800000502
2025-05-21,106800.0,110830.0,106037.9,109609.5,404753.41499999526,204313.89899998918,2717295,1360132.0,0.5237,50.21300000000007,124.07400000000027,0.008767,0.009944,0.004474,0.009944,0.008767,0.008767,0.005119,0.005119,83824.641,87686.457,83693.079,86979.243,3874.3829999830923,-2082277.6136445368,2969.0,-2671162.0,-73.86100000000019,213058.00700000502
2025-05-22,109609.6,111959.5,109153.4,111662.7,246036.6019999953,124595.43199999108,2026566,1019610.0,0.4941,22.018000000000022,78.68200000000012,0.01,0.01,0.00886,0.009272,0.01,0.01,0.01,0.01,86978.885,91457.83,86977.921,88028.268,3154.261999986862,-2079123.35164455,12654.0,-2658508.0,-56.664000000000094,213001.34300000503
2025-05-23,111662.6,111770.4,106721.9,107271.5,268635.16899999615,131143.96299999673,2138040,1053760.0,0.4641,105.89400000000019,53.91200000000005,0.009321,0.01,0.00271,0.003524,0.009321,0.009321,0.007261,0.008614,88028.169,88989.341,83950.667,84033.878,-6347.243000002694,-2085470.5946445526,-30520.0,-2689028.0,51.98200000000014,213053.32500000502
2025-05-24,107271.6,109440.2,106836.0,107698.9,165133.14799999297,79122.36599999112,1187995,589881.0,0.7117,18.647000000000002,25.12300000000003,0.003524,0.01,0.003518,0.009794,0.003524,0.007837,0.003524,0.007837,84033.907,86441.279,83325.295,86274.171,-6888.416000010737,-2092359.0106445632,-8233.0,-2697261.0,-6.4760000000000275,213046.84900000502
2025-05-25,107699.0,109285.1,106497.0,108955.9,159462.75699999428,76863.08199999278,1246170,624288.0,0.7109,24.099999999999984,44.08600000000002,0.009794,0.009794,0.002213,0.007331,0.009794,0.009794,0.003651,0.003651,86274.225,88605.615,86209.183,87957.127,-5736.593000008725,-2098095.603644572,2406.0,-2694855.0,-19.986000000000036,213026.86300000502
2025-05-26,108956.0,110400.0,108616.6,109386.8,146986.01599999372,73691.41999999294,1187650,590813.0,0.7489,9.832999999999991,29.821000000000026,0.007331,0.01,0.006427,0.007643,0.007331,0.01,0.007331,0.009782,87957.147,92004.652,87595.642,90168.304,396.8239999921643,-2097698.77964458,-6024.0,-2700879.0,-19.988000000000035,213006.875000005
2025-05-27,109386.8,110700.0,107438.0,108889.3,223591.64399999584,109497.98099999313,1685898,839643.0,0.608,74.39800000000002,64.75400000000008,0.00765,0.009117,0.002435,0.003295,0.00765,0.00765,0.002476,0.002476,90180.336,90486.279,86202.164,86809.172,-4595.682000009576,-2102294.46164459,-6612.0,-2707491.0,9.643999999999949,213016.519000005
2025-05-28,108889.2,109252.6,106723.9,107723.1,158370.37399999512,77458.15499999718,1220429,615352.0,0.6483,41.372000000000014,15.765999999999982,0.00326,0.006841,0.001813,0.003248,0.00326,0.005368,0.002164,0.005368,86809.22,88493.528,86333.871,87219.97,-3454.0640000007697,-2105748.5256445906,10275.0,-2697216.0,25.60600000000003,213042.125000005
2025-05-29,107723.1,108860.0,105054.2,105539.9,213094.0769999948,103189.88699999839,1584450,788404.0,1.0521,61.56999999999997,30.65100000000001,0.003186,0.01,-0.000302,0.002622,0.003186,0.008379,0.002812,0.008379,87220.636,87287.162,85155.797,85632.374,-6714.302999998035,-2112462.8286445886,-7642.0,-2704858.0,30.91899999999996,213073.044000005
2025-05-30,105539.9,106266.0,103555.0,103950.0,212937.78299999234,103545.22499999402,1671186,832544.0,1.1872,139.84600000000032,32.92600000000002,0.002622,0.01,0.001751,0.00852,0.002622,0.007392,0.002622,0.007392,85631.723,85801.652,82282.402,82413.942,-5847.3330000042915,-2118310.161644593,-6098.0,-2710956.0,106.9200000000003,213179.964000005
2025-05-31,103949.9,104859.3,103032.1,104544.7,103607.83899999148,50579.78999998854,933145,469724.0,1.2031,93.86700000000016,33.822000000000024,0.008506,0.01,-0.000568,-0.000568,0.008506,0.008506,0.004687,0.004687,82413.932,83919.986,82183.446,83549.597,-2448.2590000143973,-2120758.4206446074,6303.0,-2704653.0,60.04500000000014,213240.00900000503
2025-06-01,104544.6,105823.6,103704.1,105583.3,97412.926999996,48776.078999993486,812610,406952.0,1.1906,18.18000000000001,36.23699999999999,-0.000582,0.005806,-0.000797,-0.000642,-0.000582,0.004117,-0.000582,0.004117,83549.607,83849.979,82405.547,82802.078,139.23099999097758,-2120619.1896446166,1294.0,-2703359.0,-18.056999999999977,213221.95200000503
2025-06-02,105583.3,105900.0,103600.6,105814.3,158239.977999993,78228.81599999318,1238415,624551.0,1.1363,23.27500000000003,39.459000000000024,-0.000642,0.006307,-0.000657,0.005004,-0.000642,0.005593,-0.000642,0.004467,82802.394,84030.317,80940.701,81996.392,-1782.3460000066261,-2122401.535644623,10687.0,-2692672.0,-16.183999999999994,213205.76800000502
2025-06-03,105814.4,106775.0,104822.4,105330.1,139199.6719999926,69724.53699999505,1059559,527204.0,1.0717,31.713000000000022,28.81299999999999,0.005005,0.008324,-0.000118,-1.1e-05,0.005005,0.006066,0.004456,0.004456,81998.863,84556.501,80600.38,82484.507,249.40199999749893,-2122152.1336446255,-5151.0,-2697823.0,2.9000000000000306,213208.668000005
2025-06-04,105330.1,105967.2,104111.7,104641.8,118487.93599999955,58588.96799999297,879310,440041.0,0.9209,29.899000000000026,21.684000000000008,-1.1e-05,0.005394,-1.1e-05,5.9e-05,-1.1e-05,0.002611,-1.1e-05,0.000962,82484.505,83191.553,80742.572,80788.876,-1310.000000013606,-2123462.133644639,772.0,-2697051.0,8.215000000000018,213216.883000005
2025-06-05,104641.8,105878.3,100305.1,101458.6,243421.29899999942,115804.2589999994,1663536,819952.0,1.0317,119.57100000000014,120.11700000000005,5.9e-05,0.008013,-0.003466,-0.003466,7.4e-05,0.005156,7.4e-05,0.005156,80788.876,83778.068,80757.204,82245.615,-11812.781000000628,-2135274.9146446395,-23632.0,-2720683.0,-0.545999999999907,213216.337000005
2025-06-06,101458.7,105283.0,101003.4,104240.0,173024.13399999178,85767.66399999756,1174559,590467.0,1.4266,18.475999999999992,62.615999999999964,-0.003491,-0.000581,-0.004632,-0.002867,-0.003491,-0.002995,-0.003491,-0.002995,82246.76,86488.054,82101.047,84605.478,-1488.8059999966645,-2136763.720644636,6375.0,-2714308.0,-44.13999999999997,213172.197000005
2025-06-07,104240.1,105878.3,103800.1,105507.5,79833.17299999483,42203.45899999154,630771,314275.0,0.7349,1.690999999999998,24.871,-0.00289,0.007738,-0.006507,0.004839,-0.00289,0.000294,-0.003158,0.000294,84605.011,84605.011,82411.797,83204.025,4573.744999988252,-2132189.9756446476,-2221.0,-2716529.0,-23.18,213149.017000005
2025-06-08,105507.5,106482.6,104927.4,105676.5,75104.50299999502,38745.281000000265,590431,290725.0,0.6821,9.682999999999996,18.40799999999999,0.004808,0.008131,-0.00467,-0.002183,0.004808,0.005613,-0.003602,-0.003602,83204.587,83836.405,82505.928,82509.361,2386.059000005509,-2129803.916644642,-8981.0,-2725510.0,-8.724999999999994,213140.292000005
2025-06-09,105676.5,110653.6,105253.2,110227.9,192872.17100000082,103569.45599999494,1292028,652146.0,0.6675,11.140999999999995,111.43100000000013,-0.002164,0.008109,-0.004479,0.006374,-0.002164,0.004024,-0.002164,0.003057,82509.37,86413.782,81073.903,86405.898,14266.740999989066,-2115537.175644653,12264.0,-2713246.0,-100.29000000000013,213040.00200000498
2025-06-10,110228.0,110367.2,108282.0,110235.4,152158.34999999282,75630.06299999426,1187178,585102.0,0.5152,116.75400000000022,63.853000000000044,0.006374,0.01,0.006274,0.008779,0.006374,0.01,0.006374,0.008165,86406.061,86603.949,84024.277,84491.305,-898.2240000042948,-2116435.399644657,-16974.0,-2730220.0,52.901000000000174,213092.903000005
2025-06-11,110235.4,110350.0,108001.2,108600.0,132330.06899999914,63829.436999993166,1123589,559356.0,0.5286,40.878000000000064,28.420000000000023,0.008779,0.01,-0.000188,0.001815,0.008779,0.008779,0.005039,0.005039,84491.605,85843.72,82183.156,82283.89,-4671.195000012813,-2121106.59464467,-4877.0,-2735097.0,12.458000000000041,213105.361000005
2025-06-12,108600.1,108782.1,105602.0,105609.5,185759.32799999588,88813.39099999711,1382990,693761.0,0.6152,2021.6269999999981,22.18500000000001,0.001856,0.01,-0.001725,-0.001725,0.001856,0.007247,0.001198,0.001198,82283.903,83087.231,78942.283,79454.049,-8132.546000001661,-2129239.1406446714,4532.0,-2730565.0,1999.4419999999982,215104.80300000502
2025-06-13,105609.4,106141.1,102614.0,106027.3,240730.1799999925,120759.96599998855,2053565,1018222.0,0.9346,119.87900000000033,85.33700000000006,-0.001801,0.004298,-0.004696,0.001881,-0.001801,0.003857,-0.001801,0.003857,79452.773,79927.853,76574.578,78494.525,789.7519999845827,-2128449.388644687,-17121.0,-2747686.0,34.54200000000027,215139.345000005
2025-06-14,106027.4,106173.6,104225.4,105359.9,79910.61399999294,39484.00799999825,668290,327606.0,0.8539,15.232999999999974,8.714999999999996,0.001958,0.005174,-0.003626,-0.003609,0.001958,0.003858,0.001135,0.001135,78495.023,78854.574,77388.865,78207.416,-942.5979999964475,-2129391.9866446834,-13078.0,-2760764.0,6.517999999999978,215145.86300000502
2025-06-15,105359.8,106099.4,104399.9,105534.6,78819.39899999158,39480.384000000275,668841,330539.0,0.8801,12.905999999999992,31.31400000000004,-0.003641,0.009017,-0.003672,0.000936,-0.003641,0.007369,-0.003641,0.007369,78207.416,79419.132,78133.786,78622.343,141.36900000897003,-2129250.6176446746,-7763.0,-2768527.0,-18.408000000000047,215127.45500000502
2025-06-16,105534.7,108900.0,104920.0,106750.1,166798.7099999963,85141.51099999476,1300719,652056.0,0.8818,22.860000000000007,76.51200000000019,0.000936,0.006411,-0.000381,0.001878,0.000936,0.00507,0.000936,0.002793,78622.296,81318.857,77972.137,77972.137,3484.311999993224,-2125766.305644681,3393.0,-2765134.0,-53.65200000000018,215073.80300000502
2025-06-17,106750.1,107727.4,103300.0,104508.0,226032.5589999951,112244.36299999717,1650973,827027.0,0.5967,118.91500000000032,35.937000000000026,0.001847,0.006764,-0.002392,-0.001724,0.001847,0.005776,0.001847,0.002211,77944.813,78960.385,76264.587,76549.913,-1543.8330000007409,-2127310.138644682,3081.0,-2762053.0,82.97800000000029,215156.78100000502
2025-06-18,104508.0,105500.0,103426.1,104832.8,172691.50399999545,86104.36699999504,1372368,689997.0,1.1533,53.818000000000026,49.70900000000002,-0.001752,0.007063,-0.002225,0.000811,-0.001752,0.006692,-0.001752,0.006692,76550.91,77860.478,76255.687,76488.238,-482.77000000537373,-2127792.9086446874,7626.0,-2754427.0,4.109000000000009,215160.89000000502
2025-06-19,104832.8,105185.7,103870.3,104607.1,87695.54299999378,43102.9449999955,657593,329982.0,1.035,18.871,17.74599999999999,0.000845,0.004749,-0.000646,0.003591,0.000845,0.002396,0.000616,0.002396,76488.588,77882.333,76440.039,77791.664,-1489.6530000027706,-2129282.56164469,2371.0,-2752056.0,1.125000000000007,215162.01500000502
2025-06-20,104607.1,106486.2,102255.3,103246.1,199102.03999999593,97416.10399999635,1199739,594573.0,1.0375,110.1450000000003,40.46099999999998,0.003565,0.01,0.000288,0.003999,0.003565,0.007862,0.0024,0.0024,77791.664,79796.962,77173.996,77503.658,-4269.832000003225,-2133552.3936446933,-10593.0,-2762649.0,69.68400000000031,215231.69900000503
2025-06-21,103246.1,103940.6,100789.9,102079.8,120241.52899999877,58200.99700000118,824643,417007.0,1.2763,76.52400000000027,29.256000000000007,0.003977,0.009737,0.001411,0.00291,0.003977,0.00744,0.001933,0.00744,77503.66,77762.379,74575.87,75459.758,-3839.534999996409,-2137391.9286446897,9371.0,-2753278.0,47.268000000000264,215278.96700000504
2025-06-22,102079.8,103362.6,98115.4,100904.7,293430.23799999745,146989.60999998858,1973926,980330.0,1.2183,108.47700000000013,82.92800000000008,0.002883,0.01,-0.002129,-0.001103,0.002883,0.01,0.002883,0.004145,75456.973,79908.492,74645.544,78681.235,548.9819999797037,-2136842.94664471,-13266.0,-2766544.0,25.54900000000005,215304.51600000504
2025-06-23,100904.7,106050.0,99547.6,105290.9,297206.53399999434,150462.39399999753,1881378,948145.0,1.2002,53.377999999999986,191.19499999999965,-0.001061,0.008839,-0.004127,0.001308,-0.001061,0.004889,-0.002809,0.004889,78681.246,78706.777,72377.869,72607.373,3718.254000000714,-2133124.6926447093,14912.0,-2751632.0,-137.81699999999967,215166.69900000503
2025-06-24,105291.0,106239.0,104570.8,106034.9,144441.33499999394,71796.59499999176,1017864,507836.0,0.7721,40.30099999999996,37.84500000000001,0.001245,0.00516,-0.003842,-0.003199,0.001245,0.001245,0.000447,0.000447,72607.415,75455.705,72556.344,75447.91,-848.1450000104087,-2133972.8376447195,-2192.0,-2753824.0,2.4559999999999462,215169.15500000503
2025-06-25,106034.9,108095.7,105755.6,107280.0,159209.10199999262,81119.27899999342,1035226,512413.0,0.6633,20.802,58.64199999999996,-0.003174,0.004951,-0.004054,0.00013,-0.003174,0.002747,-0.003174,0.000962,75446.853,77668.937,75439.082,76623.634,3029.455999994214,-2130943.3816447253,-10400.0,-2764224.0,-37.83999999999996,215131.31500000504
2025-06-26,107280.1,108249.9,106500.0,106913.7,114425.21599999425,56744.581999992384,853826,423088.0,0.5265,23.64200000000002,43.563000000000045,0.000141,0.004223,-0.003382,0.001103,0.000141,0.003805,0.000141,0.000682,76624.133,79071.684,76624.133,77710.984,-936.0520000094839,-2131879.433644735,-7650.0,-2771874.0,-19.921000000000024,215111.39400000504
2025-06-27,106913.8,107686.0,106313.1,107010.7,118632.37199999178,60112.034999991956,754627,372547.0,0.5378,23.727000000000007,19.928999999999984,0.001113,0.004154,-0.003242,-0.00118,0.001113,0.002663,0.001113,0.002557,77710.761,77842.075,75218.761,75328.999,1591.6979999921314,-2130287.735644743,-9533.0,-2781407.0,3.798000000000023,215115.19200000504
2025-06-28,107010.6,107538.0,106767.0,107241.0,35670.09400000031,18591.81100000569,310554,152844.0,0.5691,0.7690000000000001,10.44099999999999,-0.001161,0.006586,-0.001162,0.001264,-0.001161,0.006053,-0.001161,0.004434,75333.283,75956.838,74735.138,75521.818,1513.5280000110724,-2128774.2076447317,-4866.0,-2786273.0,-9.67199999999999,215105.52000000505
2025-06-29,107240.9,108499.0,107112.6,108309.8,79448.22099999433,41552.00299999971,528231,261091.0,0.5679,10.538999999999998,67.01600000000009,0.00125,0.01,-0.003029,0.001084,0.00125,0.01,0.00125,0.01,75521.818,79453.837,75393.771,77914.499,3655.7850000050967,-2125118.4226447265,-6049.0,-2792322.0,-56.47700000000009,215049.04300000504
2025-06-30,108309.8,108783.9,106686.4,107087.4,113095.55699999229,55286.544999992686,720219,351849.0,0.5555,35.60900000000001,160.99300000000002,0.001084,0.007826,0.000425,0.001053,0.001084,0.004923,0.001084,0.004923,77914.499,79253.286,76130.479,76423.952,-2522.4670000069164,-2127640.889644733,-16521.0,-2808843.0,-125.38400000000001,214923.65900000505
2025-07-01,107087.3,107499.9,105182.6,105637.9,120426.61399999399,58607.26899999529,788444,396208.0,0.6038,68.44700000000005,12.233999999999982,0.001053,0.005294,0.000903,0.001783,0.001053,0.004334,0.001053,0.001109,76423.94,76823.809,74363.355,74366.308,-3212.076000003406,-2130852.965644737,3972.0,-2804871.0,56.213000000000065,214979.87200000504
2025-07-02,105637.9,109690.4,105010.0,108800.0,177561.1429999965,92408.18199999645,998681,492996.0,0.7535,18.227000000000025,115.97700000000012,0.001807,0.006457,0.001802,0.004868,0.001807,0.00413,0.001807,0.00413,74366.341,82357.204,73857.546,81359.999,7255.220999996411,-2123597.7446447406,-12689.0,-2817560.0,-97.75000000000009,214882.12200000504
2025-07-03,108800.0,110484.0,108480.6,109545.2,141413.541999993,73207.18399999455,944303,466917.0,0.4409,31.49700000000003,54.62600000000005,0.004868,0.00697,0.003545,0.00523,0.004871,0.005028,0.003562,0.005028,81359.39,83563.281,80813.707,82933.285,5000.825999996101,-2118596.9186447444,-10469.0,-2828029.0,-23.12900000000002,214858.99300000505
2025-07-04,109545.1,109732.3,107200.0,107935.4,132210.3269999948,64211.92199999331,790048,398209.0,0.4543,67.99800000000005,15.648999999999988,0.00523,0.006942,0.001056,0.001071,0.00523,0.00523,0.001797,0.001797,82933.263,82961.033,79441.935,79505.642,-3786.4830000081856,-2122383.401644753,6370.0,-2821659.0,52.34900000000006,214911.34200000504
2025-07-05,107935.3,108368.1,107688.3,108153.4,36652.03399999936,18461.80300000519,325846,159730.0,0.6731,2.8169999999999975,6.011999999999999,0.001066,0.004659,-0.000763,0.001915,0.001066,0.004005,0.001066,0.004005,79505.648,79990.123,79291.91,79292.41,271.5720000110232,-2122111.829644742,-6386.0,-2828045.0,-3.195000000000001,214908.14700000503
2025-07-06,108153.4,109684.7,107743.4,109145.8,72385.50399999617,37103.9270000004,529492,268344.0,0.6242,7.477000000000001,34.74700000000002,0.001941,0.004795,-0.001266,0.002384,0.001941,0.001941,0.001028,0.001028,79292.363,79416.337,77482.109,77923.119,1822.3500000046333,-2120289.479644737,7196.0,-2820849.0,-27.27000000000002,214880.87700000504
2025-07-07,109145.8,109667.3,107456.0,108203.9,106392.49999999684,52135.3689999928,753240,375460.0,0.5931,35.629000000000026,14.580999999999989,0.00236,0.00597,0.000303,0.001093,0.00236,0.004271,0.00236,0.004271,77923.178,80297.337,77894.62,78233.659,-2121.7620000112365,-2122411.2416447485,-2320.0,-2823169.0,21.048000000000037,214901.92500000505
2025-07-08,108203.9,109180.0,107400.0,108873.1,95152.26899999348,47444.762999993334,678373,335698.0,0.6658,18.005999999999993,37.73800000000002,0.001093,0.006076,0.000477,0.003137,0.001073,0.004563,0.001073,0.003601,78233.518,78899.247,77563.412,78098.208,-262.7430000068125,-2122673.9846447553,-6977.0,-2830146.0,-19.732000000000028,214882.19300000506
2025-07-09,108873.2,112036.8,108273.5,111199.9,167798.28900000238,87916.52499999681,1002793,504147.0,0.578,19.71300000000002,191.72499999999997,0.003093,0.01,0.001518,0.01,0.003093,0.004253,0.003093,0.004253,78098.208,85926.19,77412.7,85653.998,8034.760999991238,-2114639.223644764,5501.0,-2824645.0,-172.01199999999994,214710.18100000508
2025-07-10,111199.8,116800.0,110432.2,115979.2,211632.21399999913,110636.87800000119,1314075,663378.0,0.4499,32.12700000000002,137.6830000000004,0.01,0.01,0.001647,0.01,0.01,0.01,0.001908,0.001908,85654.134,90228.14,83622.485,85102.804,9641.542000003246,-2104997.681644761,12681.0,-2811964.0,-105.55600000000038,214604.62500000506
2025-07-11,115979.2,118882.8,115186.7,117500.0,199548.0539999937,100707.10199999476,1464297,724833.0,0.4594,55.83200000000005,114.97500000000034,0.01,0.01,0.01,0.01,0.01,0.01,0.01,0.01,85102.543,88701.221,84642.833,87799.78,1866.1499999958323,-2103131.5316447653,-14631.0,-2826595.0,-59.143000000000285,214545.48200000505
2025-07-12,117500.0,118176.9,116862.4,117389.3,63691.120999988154,31366.567000007155,559347,275146.0,0.4732,20.276000000000018,15.687999999999994,0.01,0.01,0.009126,0.01,0.01,0.01,0.01,0.01,87799.801,88882.025,87729.432,88026.815,-957.9869999738439,-2104089.518644739,-9055.0,-2835650.0,4.588000000000024,214550.07000000504
2025-07-13,117389.4,119655.0,117164.3,119038.3,90016.44099999826,45799.86999999357,748717,374667.0,0.483,13.002999999999995,35.429000000000045,0.01,0.01,0.00726,0.00802,0.01,0.01,0.01,0.01,88026.471,89941.949,87858.482,89416.788,1583.2989999888814,-2102506.21964475,617.0,-2835033.0,-22.42600000000005,214527.64400000504
2025-07-14,119038.3,123300.0,118862.6,119816.5,221397.6019999946,113767.95499999377,1667586,836849.0,0.4843,63.469999999999985,865.5009999999961,0.008051,0.01,0.008051,0.01,0.008051,0.01,0.008051,0.01,89416.859,93225.95,89391.187,93068.079,6138.307999992947,-2096367.911644757,6112.0,-2828921.0,-802.0309999999961,213725.61300000505
2025-07-15,119816.5,119919.4,115678.1,117738.5,269312.15099999297,131257.66499999134,1939992,966195.0,0.579,119.67800000000035,78.27900000000022,0.01,0.01,0.01,0.01,0.01,0.01,0.01,0.01,93068.111,93852.019,89625.353,89716.092,-6796.821000010299,-2103164.7326447675,-7602.0,-2836523.0,41.39900000000013,213767.01200000505
2025-07-16,117738.6,120100.0,117017.1,118590.7,158982.56299999464,79591.99199999822,1306125,649498.0,0.8172,48.20600000000002,82.98700000000017,0.01,0.01,0.01,0.01,0.01,0.01,0.01,0.01,89716.926,91027.794,89117.092,89542.409,201.42100000180653,-2102963.3116447655,-7129.0,-2843652.0,-34.78100000000015,213732.23100000506
2025-07-17,118590.6,120951.5,117412.8,119176.6,164182.14299999908,82494.67999999621,1334573,668700.0,0.7033,49.71299999999995,79.75900000000001,0.01,0.01,0.01,0.01,0.01,0.01,0.01,0.01,89542.231,89856.042,88027.387,89606.257,807.2169999933394,-2102156.0946447724,2827.0,-2840825.0,-30.046000000000063,213702.18500000506
2025-07-18,119176.5,120846.1,116788.9,117896.4,162154.18899999492,78698.57099999345,1380006,687021.0,0.6385,547.8909999999956,57.52700000000003,0.01,0.01,0.01,0.01,0.01,0.01,0.01,0.01,89606.246,90661.133,89103.177,89346.387,-4757.047000008024,-2106913.1416447805,-5964.0,-2846789.0,490.3639999999956,214192.54900000506
2025-07-19,117896.5,118456.0,117245.9,117814.4,52524.87599999185,24524.396000005567,527822,268498.0,0.8139,17.822,8.683,0.01,0.01,0.01,0.01,0.01,0.01,0.01,0.01,89346.832,89389.009,87616.229,87690.395,-3476.083999980714,-2110389.225644761,9174.0,-2837615.0,9.139,214201.68800000506
2025-07-20,117814.3,118856.6,116370.1,117216.0,81369.79299999653,38952.826000002766,705679,352733.0,0.8175,17.585999999999995,55.60699999999999,0.01,0.01,0.01,0.01,0.01,0.01,0.01,0.01,87690.26,90443.375,87393.524,89274.789,-3464.1409999909956,-2113853.366644752,-213.0,-2837828.0,-38.021,214163.66700000505
2025-07-21,117216.1,119720.6,116454.1,117330.2,141699.0239999931,69501.14299999428,1137689,576593.0,0.8939,52.80200000000003,76.61800000000011,0.01,0.01,0.01,0.01,0.01,0.01,0.01,0.01,89274.256,91087.271,87980.471,90302.169,-2696.7380000045523,-2116550.1046447568,15497.0,-2822331.0,-23.81600000000008,214139.85100000506
2025-07-22,117330.2,120300.1,115865.0,119993.7,186721.2359999926,94535.12999999628,1308764,647728.0,1.019,49.90900000000006,55.60900000000002,0.01,0.01,0.01,0.01,0.01,0.01,0.01,0.01,90301.721,91901.136,87912.654,90078.487,2349.0239999999467,-2114201.080644757,-13308.0,-2835639.0,-5.69999999999996,214134.15100000505
2025-07-23,119993.7,120146.5,117250.0,118713.5,133756.69399999618,65518.50699999117,920807,458047.0,0.6898,77.79200000000012,33.74900000000002,0.01,0.01,0.005809,0.01,0.01,0.01,0.01,0.01,90078.512,90443.853,86770.587,87171.619,-2719.680000013839,-2116920.7606447707,-4713.0,-2840352.0,44.0430000000001,214178.19400000505
2025-07-24,118713.4,119469.9,117050.2,118294.3,136137.75599999478,67128.72899998816,1005391,499125.0,0.8911,88.26400000000012,33.26100000000003,0.01,0.01,0.01,0.01,0.01,0.01,0.01,0.01,87172.381,90036.5,86528.47,89594.648,-1880.2980000184616,-2118801.0586447893,-7141.0,-2847493.0,55.00300000000009,214233.19700000505
2025-07-25,118294.4,118410.8,114667.3,117583.5,259692.39699999586,122691.82699999286,1783240,898046.0,0.8248,179.7710000000001,43.8050000000001,0.01,0.01,0.007979,0.01,0.01,0.01,0.01,0.01,89593.308,98753.351,88735.203,91505.542,-14308.743000010145,-2133109.8016447993,12852.0,-2834641.0,135.966,214369.16300000504
2025-07-26,117583.4,118300.0,117114.2,117889.2,57218.18099998683,28457.917000007794,487293,248168.0,1.1026,0.8710000000000002,14.057999999999996,0.01,0.01,0.01,0.01,0.01,0.01,0.01,0.01,91505.542,91857.902,88583.048,89285.633,-302.3469999712397,-2133412.1486447705,9043.0,-2825598.0,-13.186999999999996,214355.97600000503
2025-07-27,117889.3,119766.0,117800.8,119423.4,75977.14099999814,39267.67699999925,621776,308357.0,0.8667,9.320000000000004,42.98100000000001,0.01,0.01,0.01,0.01,0.01,0.01,0.01,0.01,89292.479,91070.018,88895.742,90391.423,2558.2130000003526,-2130853.93564477,-5062.0,-2830660.0,-33.661,214322.31500000504
2025-07-28,119423.5,119812.0,117388.0,118041.4,106702.99699999868,49357.111999993715,985030,486189.0,0.7957,74.75500000000007,38.68700000000004,0.01,0.01,0.01,0.01,0.01,0.01,0.01,0.01,90390.33,92564.088,90193.554,91806.946,-7988.77300001125,-2138842.7086447813,-12652.0,-2843312.0,36.068000000000026,214358.38300000504
2025-07-29,118041.5,119258.7,116923.0,117897.0,114933.53999999544,54901.48699999308,1013839,512607.0,0.9516,51.72700000000002,30.148000000000042,0.01,0.01,0.01,0.01,0.01,0.01,0.01,0.01,91806.978,92033.146,89597.771,90961.213,-5130.566000009276,-2143973.2746447907,11375.0,-2831937.0,21.578999999999976,214379.96200000503
2025-07-30,117897.1,118763.5,115754.3,117771.0,122664.22899999858,59811.29699999534,1132106,565807.0,1.0096,59.25599999999998,30.16000000000006,0.01,0.01,0.005709,0.005776,0.01,0.01,0.01,0.01,90963.171,92259.617,89977.491,91478.128,-3041.6350000078965,-2147014.9096447984,-492.0,-2832429.0,29.09599999999992,214409.05800000502
2025-07-31,117771.1,118910.0,115373.9,115697.3,135023.7789999948,64850.30499999665,1050065,523183.0,1.0429,100.79200000000009,20.270000000000014,0.005694,0.01,-0.00137,-0.00137,0.005694,0.01,0.005694,0.01,91477.918,91733.405,90142.035,90250.562,-5323.1690000015005,-2152338.0786448,-3699.0,-2836128.0,80.52200000000008,214489.58000000502
2025-08-01,115697.3,116000.0,112660.0,113244.8,212674.84899999635,103322.40499999476,1850527,932540.0,1.1542,160.15700000000035,30.50900000000005,-0.001408,0.01,-0.003357,0.004864,-0.001408,0.005681,-0.001408,0.005681,90240.084,90341.427,88382.949,89001.461,-6030.039000006829,-2158368.117644807,14553.0,-2821575.0,129.6480000000003,214619.228000005
2025-08-02,113244.7,114000.0,111910.0,112508.8,102158.49699999741,47032.55199999777,919520,453574.0,1.5031,50.253000000000064,17.808999999999983,0.00481,0.009076,0.000353,0.005598,0.00481,0.00481,0.000894,0.004437,89001.458,89151.991,85714.213,85727.715,-8093.393000001874,-2166461.510644809,-12372.0,-2833947.0,32.44400000000008,214651.672000005
2025-08-03,112508.8,114730.0,111850.0,114150.8,62803.720999991776,30894.892000006086,642718,328915.0,1.5536,6.820000000000003,45.35000000000001,0.005633,0.008745,0.00402,0.004206,0.005633,0.007504,0.004533,0.007504,85727.551,86284.055,85140.376,85204.868,-1013.9369999796036,-2167475.4476447883,15112.0,-2818835.0,-38.53000000000001,214613.142000005
2025-08-04,114150.9,115686.0,114053.8,115002.1,83325.70999999989,40430.14299999382,853424,427429.0,1.4944,16.855,41.17200000000002,0.004188,0.009167,0.003623,0.007129,0.004188,0.005719,0.003912,0.003912,85204.858,85535.842,84547.82,84826.713,-2465.424000012252,-2169940.8716448005,1434.0,-2817401.0,-24.317000000000018,214588.825000005
2025-08-05,115002.1,115073.3,112582.4,114069.6,119072.46199999793,56503.839999989534,1115301,555717.0,1.4044,52.20899999999998,34.16400000000003,0.007101,0.01,0.003564,0.005187,0.007101,0.008589,0.004784,0.004784,84819.354,85704.655,83845.763,83845.763,-6064.782000018866,-2176005.6536448193,-3867.0,-2821268.0,18.044999999999952,214606.870000005
2025-08-06,114069.6,115674.2,113304.5,114941.0,98562.63499999656,48501.46699999188,883120,439059.0,1.4679,16.972999999999992,43.69600000000002,0.005172,0.009768,0.004564,0.004837,0.005172,0.009275,0.005172,0.008288,83848.526,84250.065,83179.682,83760.105,-1559.7010000128066,-2177565.354644832,-5002.0,-2826270.0,-26.723000000000027,214580.147000005
2025-08-07,114941.0,117580.0,114211.4,117419.9,133898.34999999646,70210.43099999052,965919,485519.0,1.182,16.196999999999992,62.669000000000004,0.004843,0.01,0.002225,0.002418,0.004843,0.007574,0.004843,0.006275,83759.379,85110.837,82900.593,82981.138,6522.511999984592,-2171042.8426448475,5119.0,-2821151.0,-46.47200000000001,214533.675000005
2025-08-08,117419.9,117591.8,115850.0,116628.2,89111.35799999519,43449.961999992396,803967,400323.0,1.0109,20.918000000000003,25.724999999999977,0.002403,0.009974,0.00153,0.008843,0.002403,0.007973,0.001729,0.007973,82981.142,83839.729,82223.206,82225.983,-2211.4340000103984,-2173254.276644858,-3321.0,-2824472.0,-4.806999999999974,214528.868000005
2025-08-09,116628.2,117906.7,116304.0,116422.1,77912.26599999145,40134.54199999229,599083,303230.0,1.0859,16.69199999999999,35.943999999999996,0.008835,0.01,0.004219,0.009844,0.008835,0.009087,0.005151,0.005151,82225.993,84715.044,81968.806,84002.011,2356.817999993131,-2170897.458644865,7377.0,-2817095.0,-19.252000000000006,214509.616000005
2025-08-10,116422.1,119291.9,116413.2,119255.3,130254.26699999225,65784.16499997869,968150,479812.0,1.2477,25.663000000000004,38.471999999999994,0.009849,0.01,0.009849,0.01,0.009849,0.01,0.009849,0.01,84002.523,86992.322,83925.724,86953.627,1314.0629999651283,-2169583.3956449,-8526.0,-2825621.0,-12.80899999999999,214496.80700000498
2025-08-11,119255.3,122450.0,118050.0,118641.9,217065.73399999246,108459.65599999213,1710575,850676.0,0.9387,97.12600000000003,93.13200000000036,0.01,0.01,0.01,0.01,0.01,0.01,0.01,0.01,86959.398,94231.043,86870.335,89722.788,-146.42200000819867,-2169729.817644908,-9223.0,-2834844.0,3.993999999999673,214500.80100000498
2025-08-12,118641.8,120270.0,118154.3,120081.0,125485.76699999807,62682.85599999139,1063402,541125.0,0.9889,22.710999999999984,48.61300000000003,0.01,0.01,0.004704,0.007169,0.01,0.01,0.007988,0.008543,89720.055,90251.369,88539.765,88966.924,-120.05500001528708,-2169849.872644923,18848.0,-2815996.0,-25.902000000000044,214474.89900000498
2025-08-13,120080.9,123715.9,118829.0,123323.9,187785.59799999883,93168.0069999982,1467380,733311.0,1.0276,37.077000000000005,141.9270000000004,0.007123,0.01,0.006846,0.01,0.007123,0.01,0.007123,0.01,88966.932,94424.62,88287.713,93243.329,-1449.5840000024473,-2171299.4566449258,-758.0,-2816754.0,-104.85000000000039,214370.04900000498
2025-08-14,123323.9,124545.6,117004.0,118242.2,224340.04099999354,105633.12399999562,1857118,918560.0,0.74,93.48300000000027,41.44500000000001,0.01,0.01,0.001766,0.001939,0.01,0.01,0.01,0.01,93243.319,95455.624,91922.587,91923.646,-13073.793000002304,-2184373.249644928,-19998.0,-2836752.0,52.03800000000027,214422.08700000498
2025-08-15,118242.2,119184.0,116736.3,117279.2,120107.74799999768,59026.0789999931,1182012,600690.0,1.3288,93.20400000000006,16.81299999999999,0.001939,0.01,0.001752,0.00885,0.001939,0.00799,0.001939,0.003722,91923.646,92569.306,88790.599,89020.686,-2055.590000011478,-2186428.8396449396,19368.0,-2817384.0,76.39100000000008,214498.47800000498
2025-08-16,117279.1,117857.1,117089.7,117329.7,46510.807999990815,22322.269000006345,454586,232490.0,1.3804,6.135999999999998,5.214,0.00885,0.01,0.006884,0.008206,0.00885,0.009023,0.008268,0.009023,89021.527,90899.758,89002.397,90565.539,-1866.2699999781253,-2188295.109644918,10394.0,-2806990.0,0.9219999999999979,214499.40000000497
2025-08-17,117329.8,118558.0,117121.6,117353.8,54358.41499999583,26056.378000004872,501636,251443.0,1.3031,45.45099999999999,10.586,0.008206,0.008206,0.001647,0.002857,0.008206,0.008206,0.001862,0.001862,90565.539,90602.312,89301.229,89557.528,-2245.658999986088,-2190540.768644904,1250.0,-2805740.0,34.864999999999995,214534.26500000496
2025-08-18,117353.9,117499.4,114605.0,116183.6,146112.6979999908,68714.18199998818,1297286,644783.0,1.3375,82.06200000000018,28.255000000000003,0.002846,0.008937,-0.001778,0.007137,0.002846,0.005296,-0.000682,0.005296,89558.021,89757.546,87406.708,87484.442,-8684.334000014438,-2199225.102644918,-7720.0,-2813460.0,53.80700000000018,214588.07200000496
2025-08-19,116183.6,116687.7,112666.6,112824.2,140939.41099999315,67978.53399999447,1372901,686494.0,1.3747,199.29399999999995,19.034,0.007137,0.008287,0.002991,0.004543,0.007137,0.007137,0.003167,0.003167,87484.221,88586.071,86515.281,87861.007,-4982.3430000042135,-2204207.445644922,87.0,-2813373.0,180.25999999999996,214768.33200000497
2025-08-20,112824.1,114569.0,112301.8,114220.5,130502.44499999691,64866.267999993775,1253187,631648.0,1.6497,48.53299999999999,43.037000000000056,0.004543,0.008372,-3.4e-05,0.0011,0.004543,0.004936,0.001364,0.004936,87860.999,87937.127,85703.096,85992.179,-769.9090000093638,-2204977.3546449314,10109.0,-2803264.0,5.495999999999931,214773.82800000499
2025-08-21,114220.5,114777.0,111944.0,112462.2,96400.61299999886,47001.110999995,1029734,521910.0,1.6254,51.24200000000005,12.344999999999992,0.001143,0.01,0.001099,0.007286,0.001143,0.007757,0.001143,0.007414,85993.593,89956.754,85841.606,89649.294,-2398.3910000088654,-2207375.74564494,14086.0,-2789178.0,38.897000000000055,214812.72500000498
2025-08-22,112462.2,117397.4,111625.9,116897.5,163799.78099999565,81585.26399999543,1379676,692844.0,1.8736,46.180999999999976,68.81600000000005,0.007296,0.01,0.005292,0.01,0.007296,0.01,0.005867,0.005867,89655.809,90709.383,87636.81,88575.3,-629.2530000047991,-2208004.9986449447,6012.0,-2783166.0,-22.63500000000007,214790.09000000497
2025-08-23,116897.5,116988.0,114510.0,115377.1,78413.67799998699,37859.94899999481,636622,308019.0,1.343,38.448000000000036,11.895000000000003,0.01,0.01,0.009689,0.01,0.01,0.01,0.009711,0.009711,88575.89,92093.911,87963.777,91745.999,-2693.779999997365,-2210698.778644942,-20584.0,-2803750.0,26.553000000000033,214816.643000005
2025-08-24,115377.1,115640.0,111555.0,113446.3,98067.27900000106,48024.13100000086,955191,478999.0,1.6695,43.638000000000055,15.905999999999985,0.01,0.01,0.01,0.01,0.01,0.01,0.01,0.01,91746.173,95275.842,91262.004,93740.164,-2019.0169999993377,-2212717.7956449417,2807.0,-2800943.0,27.73200000000007,214844.37500000498
2025-08-25,113446.2,113621.3,109219.8,110064.0,191847.5119999975,91921.91499999222,1755593,882647.0,1.7925,141.12500000000063,66.35700000000001,0.01,0.01,0.004015,0.00453,0.01,0.01,0.008344,0.008344,93740.203,94685.615,90060.244,90120.192,-8003.682000013068,-2220721.477644955,9701.0,-2791242.0,74.76800000000061,214919.143000005
2025-08-26,110064.1,112330.0,108559.7,111709.9,142293.92099999372,70293.25599999404,1482660,743957.0,2.0349,29.181000000000058,58.88600000000004,0.004522,0.01,0.001802,0.001802,0.004522,0.01,0.0039,0.01,90121.169,90159.424,88757.164,89250.096,-1707.4090000056312,-2222428.8866449604,5254.0,-2785988.0,-29.70499999999998,214889.438000005
2025-08-27,111710.0,112568.5,110306.9,111194.9,108258.30899999586,54289.60799999407,1109875,550063.0,1.9146,37.68300000000006,31.31800000000002,0.001802,0.008051,-0.000356,0.005306,0.001802,0.005503,0.001802,0.003496,89259.037,89724.524,88101.039,88135.721,320.90699999227945,-2222107.979644968,-9749.0,-2795737.0,6.3650000000000375,214895.803000005
2025-08-28,111194.9,113429.0,110811.0,112507.3,97578.86299999239,48222.52499999433,969196,483969.0,1.8035,51.006,32.89000000000004,0.005297,0.009789,0.004288,0.004288,0.005297,0.009693,0.005297,0.007512,88135.669,89329.699,87712.009,88002.37,-1133.81300000372,-2223241.792644972,-1258.0,-2796995.0,18.115999999999957,214913.919000005
2025-08-29,112507.3,112585.7,107411.4,108332.4,170430.95799999643,81140.62799999553,1516742,756668.0,1.6882,98.08500000000038,24.007000000000016,0.004261,0.007557,-0.000315,0.007535,0.004261,0.005856,0.000644,0.000644,88002.378,89508.069,87855.903,89143.382,-8149.702000005374,-2231391.494644977,-3406.0,-2800401.0,74.07800000000036,214987.997000005
2025-08-30,108332.4,108879.6,107281.0,108757.9,60648.75799998706,29581.368000006853,567738,284840.0,2.3234,29.195000000000054,9.296,0.007523,0.01,-0.001463,-0.001252,0.007523,0.008042,0.007523,0.008042,89143.096,90016.775,88847.46,89548.075,-1486.0219999733526,-2232877.5166449505,1942.0,-2798459.0,19.899000000000054,215007.896000005
2025-08-31,108758.0,109439.9,108021.0,108208.4,70149.02499999109,35849.54600000524,598240,302071.0,2.2992,38.168999999999976,26.947000000000042,-0.001232,0.01,-0.001232,0.004632,-0.001232,0.01,-0.001232,0.01,89546.221,90435.685,89527.956,89829.187,1550.0670000193932,-2231327.449644931,5902.0,-2792557.0,11.221999999999934,215019.11800000502
2025-09-01,108208.3,109874.8,107211.5,109187.9,148996.48799999335,73803.87999998737,1370006,689170.0,2.1546,74.47000000000011,62.86299999999996,0.00466,0.01,0.004264,0.00691,0.00466,0.01,0.00466,0.004963,89830.0,90832.92,88028.483,88445.913,-1388.7280000186001,-2232716.17764495,8334.0,-2784223.0,11.607000000000156,215030.725000005
2025-09-02,109187.9,111742.1,108333.0,111188.0,175902.6059999905,86694.57299999456,1505191,746718.0,2.0157,46.54599999999999,53.37299999999996,0.006946,0.01,0.000583,0.00074,0.006946,0.008805,0.006356,0.006356,88446.756,91623.968,88288.899,89267.156,-2513.460000001389,-2235229.637644951,-11755.0,-2795978.0,-6.82699999999997,215023.89800000502
2025-09-03,111187.9,112541.2,110486.9,111659.8,105437.76899999408,51825.18499999118,978065,486211.0,1.5189,23.31799999999999,48.192999999999984,0.000767,0.006505,-0.000556,0.001766,0.000767,0.005127,0.000767,0.002344,89267.332,90925.646,88788.423,90303.24,-1787.3990000117192,-2237017.036644963,-5643.0,-2801621.0,-24.874999999999993,214999.02300000502
2025-09-04,111659.7,112136.8,109269.1,110679.4,122280.09299999343,62386.34399999035,1056669,535479.0,1.3832,56.42200000000005,43.136,0.001808,0.008311,0.001049,0.007532,0.001808,0.007941,0.001808,0.007941,90314.066,90653.267,88050.654,88082.451,2492.5949999872682,-2234524.441644976,14289.0,-2787332.0,13.286000000000044,215012.309000005
2025-09-05,110679.5,113344.3,110153.3,110614.9,178610.04199999172,88112.75799999527,1456872,726904.0,1.7203,47.38700000000005,53.95800000000001,0.007532,0.01,0.001064,0.001297,0.007532,0.01,0.007532,0.007872,88076.548,91965.002,86937.494,87251.178,-2384.5260000011767,-2236908.967644977,-3064.0,-2790396.0,-6.570999999999962,215005.73800000502
2025-09-06,110614.8,111256.2,109850.0,110135.3,46281.95599999447,21535.487000004756,431260,217262.0,1.7747,14.964999999999996,3.5609999999999973,0.001297,0.00864,0.000595,0.001958,0.001297,0.00566,0.001297,0.00511,87251.27,87687.821,86918.098,86987.646,-3210.981999984957,-2240119.949644962,3264.0,-2787132.0,11.404,215017.14200000503
2025-09-07,110135.2,111559.5,110120.5,111076.0,53834.66999998965,28107.3670000082,451583,225272.0,1.9112,7.833999999999993,15.231999999999998,0.00197,0.01,0.001656,0.009472,0.00197,0.006969,0.00197,0.006969,86987.66,88919.281,86892.513,88886.037,2380.064000026745,-2237739.885644935,-1039.0,-2788171.0,-7.398000000000004,215009.74400000504
2025-09-08,111075.5,112867.6,110566.5,112012.6,99099.05599999438,49599.28399999231,841195,414677.0,1.6717,27.77100000000001,45.503,0.009404,0.01,0.0036,0.003799,0.009404,0.009404,0.006682,0.007311,88885.848,92348.657,88612.87,91249.639,99.51199999023811,-2237640.3736449447,-11841.0,-2800012.0,-17.73199999999999,214992.01200000505
2025-09-09,112012.7,113238.0,110714.9,111499.9,136800.28599999164,67835.80199999116,1031917,523916.0,1.4004,67.04000000000002,19.05000000000001,0.003799,0.01,0.002988,0.005817,0.003799,0.01,0.003799,0.01,91249.637,92483.952,90200.804,92138.716,-1128.682000009314,-2238769.055644954,15915.0,-2784097.0,47.99000000000001,215040.00200000504
2025-09-10,111500.0,114287.9,110855.8,113896.8,144077.31099999457,71678.59799999344,1070214,535176.0,1.7964,23.300000000000033,56.15799999999998,0.005805,0.01,0.002661,0.005834,0.005805,0.01,0.005026,0.01,92138.728,95682.206,89728.97,93800.856,-720.1150000077032,-2239489.1706449618,138.0,-2783959.0,-32.85799999999995,215007.14400000504
2025-09-11,113896.8,115439.0,113340.7,115427.0,105546.95899999546,53393.5249999905,891754,447767.0,1.124,12.365999999999993,54.651000000000025,0.005843,0.007592,0.002127,0.006126,0.005843,0.005843,0.003326,0.003326,93800.881,94216.645,92110.259,92642.997,1240.0909999855357,-2238249.079644976,3780.0,-2780179.0,-42.28500000000003,214964.85900000503
2025-09-12,115427.0,116605.7,114681.5,115978.4,118834.78899999164,60252.26699999274,899200,446099.0,1.0227,19.153000000000002,181.78100000000012,0.006137,0.008778,-0.00284,-0.00157,0.006137,0.006891,0.003768,0.006891,92641.871,93595.157,91553.189,91689.104,1669.7449999938399,-2236579.334644982,-7002.0,-2787181.0,-162.62800000000013,214802.23100000503
2025-09-13,115978.4,116245.4,115032.0,115862.7,52498.35499999323,25231.078000005346,455733,225522.0,0.9873,17.212000000000007,12.561999999999987,-0.001554,0.008217,-0.001554,0.008182,-0.001554,0.003137,-0.001554,0.003137,91689.017,92117.386,89117.235,89213.358,-2036.1989999825382,-2238615.5336449645,-4689.0,-2791870.0,4.65000000000002,214806.88100000503
2025-09-14,115862.7,116118.6,115057.0,115210.0,55083.23299999239,26628.32900000552,469142,233752.0,1.0383,37.58899999999994,15.436999999999992,0.008182,0.009543,0.000376,0.006283,0.008182,0.008182,0.003115,0.003115,89210.419,89518.609,87745.057,87745.057,-1826.5749999813488,-2240442.108644946,-1638.0,-2793508.0,22.15199999999995,214829.03300000503
2025-09-15,115210.0,116759.9,114338.5,115300.6,117238.349999995,56950.71799998601,981369,493521.0,1.0807,38.615999999999985,23.00599999999999,0.006207,0.01,0.000804,0.001008,0.006207,0.008259,0.006207,0.008189,87744.789,89542.164,87481.245,88349.349,-3336.914000022982,-2243779.022644969,5673.0,-2787835.0,15.609999999999996,214844.64300000502
2025-09-16,115300.5,116910.8,114600.0,116747.3,99414.1029999947,50100.19399999486,811876,401213.0,1.1768,18.367999999999995,21.98799999999999,0.000997,0.01,0.000841,0.006967,0.000997,0.006991,0.000997,0.006472,88349.261,90810.278,87148.427,90736.267,786.2849999950122,-2242992.737644974,-9450.0,-2797285.0,-3.619999999999994,214841.02300000502
2025-09-17,116747.3,117266.4,114623.3,116402.5,150552.14499999591,76372.73499999728,1251497,628353.0,0.9091,46.611999999999966,52.84899999999999,0.006972,0.008899,0.003901,0.004923,0.006972,0.008441,0.006303,0.006303,90736.267,91470.409,87438.143,87438.143,2193.3249999986438,-2240799.4126449754,5209.0,-2792076.0,-6.237000000000023,214834.78600000503
2025-09-18,116402.6,117875.2,116033.5,117017.1,107120.06199999062,51337.81199999133,887367,437966.0,1.2099,13.582000000000011,37.237000000000045,0.004941,0.009454,-0.000231,-0.000231,0.004941,0.008928,0.004208,0.004208,87442.725,91416.59,87184.174,91077.328,-4444.4380000079545,-2245243.8506449834,-11435.0,-2803511.0,-23.655000000000033,214811.13100000503
2025-09-19,117017.1,117406.8,115049.9,115569.5,88087.24699999572,41862.19699999577,672329,341138.0,0.9406,69.41500000000009,5.316999999999998,-0.000231,0.006077,-0.000624,0.003757,-0.000231,0.005264,-0.000231,0.005264,91077.3,91536.303,89025.788,90126.561,-4362.853000004179,-2249606.7036449877,9947.0,-2793564.0,64.0980000000001,214875.22900000503
2025-09-20,115569.6,116059.2,115343.0,115624.9,32349.880000006633,14781.018000003536,285993,145407.0,1.2523,8.205999999999989,7.868999999999995,0.003757,0.003757,-0.005953,-0.005343,0.003757,0.003757,-0.001006,-0.001006,90126.497,90286.955,88806.628,89154.222,-2787.8439999995608,-2252394.5476449872,4821.0,-2788743.0,0.3369999999999935,214875.56600000503
2025-09-21,115625.0,115778.0,115137.6,115183.9,32773.284000003456,16731.290000003188,335563,170832.0,1.2477,14.988999999999967,10.24299999999999,-0.005322,0.006878,-0.005916,0.006655,-0.005322,0.003742,-0.005322,0.003742,89154.243,89156.074,88531.57,88677.636,689.2960000029198,-2251705.2516449844,6101.0,-2782642.0,4.745999999999977,214880.31200000504
2025-09-22,115183.9,115344.6,111574.6,112604.7,156990.60299999328,72749.47799998849,1278570,635692.0,1.2655,232.45999999999958,49.873000000000005,0.006665,0.008549,-0.000473,0.007062,0.006665,0.006665,0.001743,0.004838,88677.875,90181.055,86406.844,87111.293,-11491.647000016295,-2263196.8986450005,-7186.0,-2789828.0,182.5869999999996,215062.89900000504
2025-09-23,112604.7,113254.8,111405.1,111947.0,101906.51799999368,51812.00799999637,956339,484868.0,1.4913,82.88100000000026,15.701999999999986,0.007062,0.01,0.005832,0.005832,0.007062,0.007478,0.007062,0.007478,87111.608,88299.54,86607.92,88244.725,1717.497999999061,-2261479.4006450013,13397.0,-2776431.0,67.17900000000027,215130.07800000504
2025-09-24,111947.0,113895.8,110935.0,113254.0,105236.99799999526,53359.815999994375,908299,457011.0,1.6082,27.559000000000037,21.300999999999995,0.005794,0.008184,-0.000267,-0.000248,0.005794,0.006267,0.004886,0.004886,88244.098,89318.167,87183.772,89147.713,1482.6339999934862,-2259996.7666450078,5723.0,-2770708.0,6.258000000000042,215136.33600000505
2025-09-25,113253.9,113462.1,108574.1,108934.5,174447.12499999156,82547.60299999408,1495685,743162.0,1.2401,106.46300000000022,22.355999999999984,-0.00022,0.009946,-0.000488,0.00318,-0.00022,0.00956,-0.00022,0.00956,89147.131,89293.346,84721.76,84821.297,-9351.9190000034,-2269348.6856450113,-9361.0,-2780069.0,84.10700000000024,215220.44300000503
2025-09-26,108934.6,110250.0,108566.0,109588.5,111433.66399999669,55716.17299999028,1111514,551506.0,1.8035,60.509,40.089,0.003143,0.009237,-0.000117,-2.8e-05,0.003143,0.007716,0.003143,0.007716,84821.193,86660.664,84458.723,84919.841,-1.3180000161228236,-2269350.0036450275,-8502.0,-2788571.0,20.42,215240.86300000505
2025-09-27,109588.5,109700.0,109021.9,109577.3,35808.071000002514,17875.676000004227,342032,168645.0,1.7917,7.381000000000005,4.141999999999997,-1e-05,0.008131,-0.000577,0.003332,-1e-05,0.007821,-1e-05,0.007821,84919.76,85127.114,84517.446,84550.888,-56.71899999406014,-2269406.7226450215,-4742.0,-2793313.0,3.239000000000008,215244.10200000505
2025-09-28,109577.2,112300.0,109136.5,112119.6,77220.07099999695,39810.14800000268,614121,314616.0,1.7824,7.416999999999998,49.61200000000003,0.003314,0.006978,0.001616,0.002264,0.003314,0.005261,0.003314,0.005261,84550.926,86224.886,84418.636,86090.117,2400.2250000084023,-2267006.497645013,15111.0,-2778202.0,-42.195000000000036,215201.90700000504
2025-09-29,112119.7,114377.2,111501.0,114257.1,125365.97699999773,63032.433999991794,983709,487959.0,1.49,21.155000000000015,63.698000000000036,0.002312,0.004089,-0.001262,0.002353,0.002312,0.002312,3.2e-05,3.2e-05,86089.696,88987.44,85641.969,88865.851,698.8909999858588,-2266307.606645027,-7791.0,-2785993.0,-42.54300000000002,215159.36400000504
2025-09-30,114257.1,114800.0,112615.3,113988.8,119261.0729999979,60303.436999992904,1063050,529369.0,1.0227,46.65800000000005,66.32400000000007,0.002353,0.01,0.001904,0.00341,0.002353,0.005893,0.002353,0.002584,88864.528,90374.025,87585.658,88524.384,1345.800999987914,-2264961.8056450393,-4312.0,-2790305.0,-19.666000000000018,215139.69800000504
2025-10-01,113988.7,118631.8,113899.4,118552.4,172697.7299999958,91240.87199999273,1365603,681008.0,1.0683,24.853000000000023,325.6079999999978,0.003355,0.01,0.001193,0.007743,0.003355,0.01,0.003355,0.01,88524.384,93175.844,88326.802,91463.947,9784.013999989664,-2255177.7916450496,-3587.0,-2793892.0,-300.7549999999978,214838.94300000503
2025-10-02,118552.0,120999.0,118226.4,120481.3,145183.99199999505,75677.03799999975,1351909,679736.0,0.7838,39.40900000000001,119.37900000000026,0.007784,0.01,0.007784,0.01,0.007784,0.01,0.007784,0.009543,91463.81,93998.007,91431.096,93673.934,6170.084000004455,-2249007.707645045,7563.0,-2786329.0,-79.97000000000025,214758.97300000503
2025-10-03,120481.3,123900.0,119200.0,122182.7,162749.91299999604,83941.32900000099,1522600,761895.0,0.672,86.04300000000008,121.70200000000013,0.009926,0.01,0.009674,0.01,0.009926,0.01,0.009926,0.01,93674.727,97843.496,93636.59,95862.204,5132.7450000059325,-2243874.962645039,1190.0,-2785139.0,-35.65900000000005,214723.31400000502
2025-10-04,122182.6,122781.1,121432.0,122343.2,70421.3069999934,34453.75300000317,651759,324982.0,0.6202,27.240000000000023,20.224999999999994,0.01,0.01,0.007274,0.008662,0.01,0.01,0.008312,0.008312,95864.088,97364.001,95535.646,96411.676,-1513.8009999870555,-2245388.763645026,-1795.0,-2786934.0,7.015000000000029,214730.32900000503
2025-10-05,122343.2,125877.3,122088.1,123426.7,162386.7099999921,83590.04099999272,1482860,746135.0,0.6276,50.32399999999995,49.338999999999864,0.008648,0.01,0.007275,0.007712,0.008648,0.01,0.008648,0.009566,96412.088,102242.067,96330.26,99286.622,4793.371999993338,-2240595.3916450324,9410.0,-2777524.0,0.9850000000000847,214731.31400000502
2025-10-06,123426.7,126208.5,123018.5,124628.5,139957.34899999274,69216.82999999495,1472319,734436.0,0.6611,27.415000000000006,79.01200000000011,0.007672,0.01,0.005378,0.01,0.007672,0.009708,0.005831,0.005831,99287.435,101230.738,98325.321,100083.14,-1523.689000002836,-2242119.0806450355,-3447.0,-2780971.0,-51.59700000000011,214679.717000005
2025-10-07,124628.6,125098.0,120516.0,121286.5,172303.57699998803,82186.62300000165,1576644,784581.0,0.5598,127.4070000000004,51.85999999999993,0.01,0.01,0.000558,0.002542,0.01,0.01,0.006194,0.006194,100134.936,100244.342,93128.744,93159.208,-7930.330999984726,-2250049.4116450204,-7482.0,-2788453.0,75.54700000000047,214755.264000005
2025-10-08,121286.6,124170.6,121005.3,123237.5,126781.23299999554,65945.0249999897,1402389,706313.0,0.7857,44.08299999999998,123.61800000000018,0.002542,0.01,0.001398,0.001398,0.002542,0.01,0.002542,0.005396,93158.606,93690.9,92248.203,92249.649,5108.816999983872,-2244940.5946450364,10237.0,-2778216.0,-79.5350000000002,214675.729000005
2025-10-09,123237.4,123740.1,119572.8,121579.3,163568.45799999297,76299.63499999965,1565434,769288.0,0.6978,105.74000000000026,40.15700000000007,0.001344,0.006703,-0.000774,0.000787,0.001344,0.00535,0.001344,0.001455,92249.674,98212.875,92023.396,96723.305,-10969.18799999368,-2255909.78264503,-26858.0,-2805074.0,65.5830000000002,214741.312000005
2025-10-10,121579.4,122497.0,102648.4,112714.9,283074.7929999942,132251.30100000152,3255324,1602863.0,0.904,909.3459999999984,159.8960000000001,0.000785,0.01,-0.002106,0.01,0.000785,0.003879,0.000785,0.001013,96722.011,97084.623,72364.7,72439.474,-18572.190999991144,-2274481.973645021,-49598.0,-2854672.0,749.4499999999983,215490.76200000502
2025-10-11,112715.0,113300.1,109501.0,110579.1,162986.70599999902,73542.4969999878,2041944,983670.0,1.1858,144.5070000000003,66.61800000000002,0.01,0.01,-0.002999,-0.002999,0.01,0.01,0.000467,0.000467,72434.743,76479.026,71421.781,74324.913,-15901.712000023428,-2290383.685645045,-74604.0,-2929276.0,77.88900000000027,215568.65100000502
2025-10-12,110579.2,115730.3,109509.3,114894.4,214563.1119999936,107056.88999999731,2305725,1149944.0,1.4021,105.27600000000011,80.71500000000022,-0.003055,0.005508,-0.016207,-0.003878,-0.003055,0.002865,-0.010915,-0.010915,74331.358,76356.016,70503.009,75910.074,-449.33199999897624,-2290833.017645044,-5837.0,-2935113.0,24.560999999999893,215593.212000005
2025-10-13,114894.5,115912.0,113600.5,115111.9,190121.61799999184,92858.4009999946,1858297,927903.0,1.5556,43.62399999999991,46.28300000000002,-0.003942,0.003074,-0.00581,-0.004072,-0.003942,0.002519,-0.003942,-0.002305,75909.323,77513.04,75673.319,76664.481,-4404.81600000264,-2295237.833645046,-2491.0,-2937604.0,-2.6590000000001126,215590.553000005
2025-10-14,115112.0,115360.2,109969.2,110665.2,145146.1489999999,70047.34299999828,1233227,616776.0,1.3299,122.89900000000037,19.041,-0.004041,0.00113,-0.005017,-0.00482,-0.004041,0.000712,-0.004041,0.000712,76664.703,79261.712,75710.569,78994.003,-5051.463000003336,-2300289.2966450495,325.0,-2937279.0,103.85800000000037,215694.411000005
